# ************************************************************
# Sequel Pro SQL dump
# Version 4541
#
# http://www.sequelpro.com/
# https://github.com/sequelpro/sequelpro
#
# Host: 127.0.0.1 (MySQL 5.7.24)
# Database: letour_db
# Generation Time: 2019-03-25 21:09:34 +0000
# ************************************************************


/*!40101 SET @OLD_CHARACTER_SET_CLIENT=@@CHARACTER_SET_CLIENT */;
/*!40101 SET @OLD_CHARACTER_SET_RESULTS=@@CHARACTER_SET_RESULTS */;
/*!40101 SET @OLD_COLLATION_CONNECTION=@@COLLATION_CONNECTION */;
/*!40101 SET NAMES utf8 */;
/*!40014 SET @OLD_FOREIGN_KEY_CHECKS=@@FOREIGN_KEY_CHECKS, FOREIGN_KEY_CHECKS=0 */;
/*!40101 SET @OLD_SQL_MODE=@@SQL_MODE, SQL_MODE='NO_AUTO_VALUE_ON_ZERO' */;
/*!40111 SET @OLD_SQL_NOTES=@@SQL_NOTES, SQL_NOTES=0 */;


# Dump of table race
# ------------------------------------------------------------

DROP TABLE IF EXISTS `race`;

CREATE TABLE `race` (
  `id` int(11) NOT NULL AUTO_INCREMENT,
  `name` varchar(30) CHARACTER SET latin1 NOT NULL,
  `year` int(11) DEFAULT NULL,
  `distance_km` int(11) DEFAULT NULL,
  PRIMARY KEY (`id`)
) ENGINE=InnoDB AUTO_INCREMENT=2 DEFAULT CHARSET=utf8;

LOCK TABLES `race` WRITE;
/*!40000 ALTER TABLE `race` DISABLE KEYS */;

INSERT INTO `race` (`id`, `name`, `year`, `distance_km`)
VALUES
	(1,'Tour de France',2018,3351);

/*!40000 ALTER TABLE `race` ENABLE KEYS */;
UNLOCK TABLES;


# Dump of table race_result_type
# ------------------------------------------------------------

DROP TABLE IF EXISTS `race_result_type`;

CREATE TABLE `race_result_type` (
  `race_result_type_id` int(11) NOT NULL AUTO_INCREMENT,
  `result_type` varchar(255) DEFAULT NULL,
  PRIMARY KEY (`race_result_type_id`)
) ENGINE=InnoDB AUTO_INCREMENT=3 DEFAULT CHARSET=latin1;

LOCK TABLES `race_result_type` WRITE;
/*!40000 ALTER TABLE `race_result_type` DISABLE KEYS */;

INSERT INTO `race_result_type` (`race_result_type_id`, `result_type`)
VALUES
	(1,'stage rank'),
	(2,'overall rank');

/*!40000 ALTER TABLE `race_result_type` ENABLE KEYS */;
UNLOCK TABLES;


# Dump of table race_results
# ------------------------------------------------------------

DROP TABLE IF EXISTS `race_results`;

CREATE TABLE `race_results` (
  `result_id` int(11) NOT NULL AUTO_INCREMENT,
  `stage_id` int(11) NOT NULL,
  `race_result_type_id` int(11) NOT NULL,
  `ranking` int(11) NOT NULL,
  `rider_id` int(11) NOT NULL,
  `rider_time` varchar(10) DEFAULT NULL,
  `rider_bonus` varchar(10) DEFAULT NULL,
  `rider_points` varchar(10) DEFAULT NULL,
  PRIMARY KEY (`result_id`),
  KEY `rider_id` (`rider_id`),
  KEY `stage_id` (`stage_id`),
  KEY `race_result_type_id` (`race_result_type_id`),
  CONSTRAINT `race_results_ibfk_1` FOREIGN KEY (`rider_id`) REFERENCES `race_starters` (`rider_id`),
  CONSTRAINT `race_results_ibfk_2` FOREIGN KEY (`stage_id`) REFERENCES `race_stages` (`stage_id`),
  CONSTRAINT `race_results_ibfk_3` FOREIGN KEY (`race_result_type_id`) REFERENCES `race_result_type` (`race_result_type_id`)
) ENGINE=InnoDB AUTO_INCREMENT=7577 DEFAULT CHARSET=latin1;

LOCK TABLES `race_results` WRITE;
/*!40000 ALTER TABLE `race_results` DISABLE KEYS */;

INSERT INTO `race_results` (`result_id`, `stage_id`, `race_result_type_id`, `ranking`, `rider_id`, `rider_time`, `rider_bonus`, `rider_points`)
VALUES
	(1,1,2,1,103,'15802','10',NULL),
	(2,1,2,2,111,'15806','6',NULL),
	(3,1,2,3,144,'15808','4',NULL),
	(4,1,2,4,27,'15811','1',NULL),
	(5,1,2,5,95,'15812',NULL,NULL),
	(6,1,2,6,201,'15812',NULL,NULL),
	(7,1,2,7,163,'15812',NULL,NULL),
	(8,1,2,8,31,'15812',NULL,NULL),
	(9,1,2,9,194,'15812',NULL,NULL),
	(10,1,2,10,121,'15812',NULL,NULL),
	(11,1,2,11,114,'15812',NULL,NULL),
	(12,1,2,12,51,'15812',NULL,NULL),
	(13,1,2,13,213,'15812',NULL,NULL),
	(14,1,2,14,182,'15812',NULL,NULL),
	(15,1,2,15,8,'15812',NULL,NULL),
	(16,1,2,16,105,'15812',NULL,NULL),
	(17,1,2,17,128,'15812',NULL,NULL),
	(18,1,2,18,107,'15812',NULL,NULL),
	(19,1,2,19,104,'15812',NULL,NULL),
	(20,1,2,20,132,'15812',NULL,NULL),
	(21,1,2,21,52,'15812',NULL,NULL),
	(22,1,2,22,198,'15812',NULL,NULL),
	(23,1,2,23,216,'15812',NULL,NULL),
	(24,1,2,24,101,'15812',NULL,NULL),
	(25,1,2,25,87,'15812',NULL,NULL),
	(26,1,2,26,123,'15812',NULL,NULL),
	(27,1,2,27,171,'15812',NULL,NULL),
	(28,1,2,28,32,'15812',NULL,NULL),
	(29,1,2,29,41,'15812',NULL,NULL),
	(30,1,2,30,172,'15812',NULL,NULL),
	(31,1,2,31,56,'15812',NULL,NULL),
	(32,1,2,32,127,'15812',NULL,NULL),
	(33,1,2,33,75,'15812',NULL,NULL),
	(34,1,2,34,106,'15812',NULL,NULL),
	(35,1,2,35,21,'15812',NULL,NULL),
	(36,1,2,36,133,'15812',NULL,NULL),
	(37,1,2,37,131,'15812',NULL,NULL),
	(38,1,2,38,78,'15812',NULL,NULL),
	(39,1,2,39,148,'15812',NULL,NULL),
	(40,1,2,40,191,'15812',NULL,NULL),
	(41,1,2,41,156,'15812',NULL,NULL),
	(42,1,2,42,161,'15812',NULL,NULL),
	(43,1,2,43,141,'15812',NULL,NULL),
	(44,1,2,44,11,'15812',NULL,NULL),
	(45,1,2,45,116,'15812',NULL,NULL),
	(46,1,2,46,181,'15812',NULL,NULL),
	(47,1,2,47,207,'15812',NULL,NULL),
	(48,1,2,48,208,'15812',NULL,NULL),
	(49,1,2,49,217,'15812',NULL,NULL),
	(50,1,2,50,54,'15812',NULL,NULL),
	(51,1,2,51,147,'15812',NULL,NULL),
	(52,1,2,52,91,'15812',NULL,NULL),
	(53,1,2,53,47,'15812',NULL,NULL),
	(54,1,2,54,166,'15812',NULL,NULL),
	(55,1,2,55,88,'15812',NULL,NULL),
	(56,1,2,56,15,'15812',NULL,NULL),
	(57,1,2,57,183,'15812',NULL,NULL),
	(58,1,2,58,44,'15812',NULL,NULL),
	(59,1,2,59,157,'15812',NULL,NULL),
	(60,1,2,60,36,'15812',NULL,NULL),
	(61,1,2,61,177,'15812',NULL,NULL),
	(62,1,2,62,175,'15812',NULL,NULL),
	(63,1,2,63,38,'15812',NULL,NULL),
	(64,1,2,64,53,'15834',NULL,NULL),
	(65,1,2,65,23,'15836',NULL,NULL),
	(66,1,2,66,197,'15836',NULL,NULL),
	(67,1,2,67,98,'15844',NULL,NULL),
	(68,1,2,68,108,'15845',NULL,NULL),
	(69,1,2,69,167,'15846',NULL,NULL),
	(70,1,2,70,17,'15846',NULL,NULL),
	(71,1,2,71,145,'15852',NULL,NULL),
	(72,1,2,72,122,'15854',NULL,NULL),
	(73,1,2,73,138,'15854',NULL,NULL),
	(74,1,2,74,126,'15854',NULL,NULL),
	(75,1,2,75,48,'15854',NULL,NULL),
	(76,1,2,76,113,'15854',NULL,NULL),
	(77,1,2,77,112,'15854',NULL,NULL),
	(78,1,2,78,46,'15854',NULL,NULL),
	(79,1,2,79,118,'15854',NULL,NULL),
	(80,1,2,80,195,'15854',NULL,NULL),
	(81,1,2,81,12,'15854',NULL,NULL),
	(82,1,2,82,96,'15854',NULL,NULL),
	(83,1,2,83,81,'15863',NULL,NULL),
	(84,1,2,84,61,'15863',NULL,NULL),
	(85,1,2,85,16,'15863',NULL,NULL),
	(86,1,2,86,158,'15863',NULL,NULL),
	(87,1,2,87,214,'15863',NULL,NULL),
	(88,1,2,88,55,'15863',NULL,NULL),
	(89,1,2,89,168,'15863',NULL,NULL),
	(90,1,2,90,193,'15863',NULL,NULL),
	(91,1,2,91,1,'15863',NULL,NULL),
	(92,1,2,92,192,'15863',NULL,NULL),
	(93,1,2,93,37,'15863',NULL,NULL),
	(94,1,2,94,58,'15863',NULL,NULL),
	(95,1,2,95,188,'15863',NULL,NULL),
	(96,1,2,96,143,'15863',NULL,NULL),
	(97,1,2,97,125,'15863',NULL,NULL),
	(98,1,2,98,92,'15863',NULL,NULL),
	(99,1,2,99,93,'15863',NULL,NULL),
	(100,1,2,100,42,'15863',NULL,NULL),
	(101,1,2,101,203,'15863',NULL,NULL),
	(102,1,2,102,67,'15863',NULL,NULL),
	(103,1,2,103,211,'15863',NULL,NULL),
	(104,1,2,104,94,'15874',NULL,NULL),
	(105,1,2,105,134,'15876',NULL,NULL),
	(106,1,2,106,135,'15876',NULL,NULL),
	(107,1,2,107,24,'15876',NULL,NULL),
	(108,1,2,108,212,'15884',NULL,NULL),
	(109,1,2,109,187,'15884',NULL,NULL),
	(110,1,2,110,68,'15886',NULL,NULL),
	(111,1,2,111,72,'15887',NULL,NULL),
	(112,1,2,112,71,'15887',NULL,NULL),
	(113,1,2,113,2,'15887',NULL,NULL),
	(114,1,2,114,184,'15887','3',NULL),
	(115,1,2,115,73,'15889',NULL,NULL),
	(116,1,2,116,218,'15890',NULL,NULL),
	(117,1,2,117,33,'15890',NULL,NULL),
	(118,1,2,118,165,'15890',NULL,NULL),
	(119,1,2,119,164,'15890',NULL,NULL),
	(120,1,2,120,34,'15894',NULL,NULL),
	(121,1,2,121,202,'15894',NULL,NULL),
	(122,1,2,122,86,'15899',NULL,NULL),
	(123,1,2,123,43,'15899',NULL,NULL),
	(124,1,2,124,115,'15902',NULL,NULL),
	(125,1,2,125,153,'15902',NULL,NULL),
	(126,1,2,126,35,'15902',NULL,NULL),
	(127,1,2,127,5,'15910',NULL,NULL),
	(128,1,2,128,74,'15924',NULL,NULL),
	(129,1,2,129,146,'15932',NULL,NULL),
	(130,1,2,130,26,'15943',NULL,NULL),
	(131,1,2,131,174,'15948',NULL,NULL),
	(132,1,2,132,28,'15948',NULL,NULL),
	(133,1,2,133,14,'15951',NULL,NULL),
	(134,1,2,134,18,'15951',NULL,NULL),
	(135,1,2,135,136,'15956',NULL,NULL),
	(136,1,2,136,186,'15956',NULL,NULL),
	(137,1,2,137,102,'15956',NULL,NULL),
	(138,1,2,138,196,'15956',NULL,NULL),
	(139,1,2,139,152,'15956',NULL,NULL),
	(140,1,2,140,77,'15956',NULL,NULL),
	(141,1,2,141,204,'15956',NULL,NULL),
	(142,1,2,142,185,'15956',NULL,NULL),
	(143,1,2,143,85,'15956',NULL,NULL),
	(144,1,2,144,57,'15956',NULL,NULL),
	(145,1,2,145,117,'15956',NULL,NULL),
	(146,1,2,146,206,'15956',NULL,NULL),
	(147,1,2,147,97,'15956',NULL,NULL),
	(148,1,2,148,4,'15956',NULL,NULL),
	(149,1,2,149,205,'15956',NULL,NULL),
	(150,1,2,150,7,'15956',NULL,NULL),
	(151,1,2,151,82,'15974',NULL,NULL),
	(152,1,2,152,6,'15976',NULL,NULL),
	(153,1,2,153,142,'15976',NULL,NULL),
	(154,1,2,154,76,'15976',NULL,NULL),
	(155,1,2,155,22,'15980',NULL,NULL),
	(156,1,2,156,63,'15992',NULL,NULL),
	(157,1,2,157,215,'15992','2',NULL),
	(158,1,2,158,62,'15994',NULL,NULL),
	(159,1,2,159,83,'15994',NULL,NULL),
	(160,1,2,160,25,'15994',NULL,NULL),
	(161,1,2,161,178,'15994',NULL,NULL),
	(162,1,2,162,173,'15994',NULL,NULL),
	(163,1,2,163,45,'15994',NULL,NULL),
	(164,1,2,164,176,'16004',NULL,NULL),
	(165,1,2,165,84,'16056',NULL,NULL),
	(166,1,2,166,64,'16056',NULL,NULL),
	(167,1,2,167,65,'16056',NULL,NULL),
	(168,1,2,168,66,'16056',NULL,NULL),
	(169,1,2,169,137,'16056',NULL,NULL),
	(170,1,2,170,124,'16056',NULL,NULL),
	(171,1,2,171,162,'16056',NULL,NULL),
	(172,1,2,172,155,'16195',NULL,NULL),
	(173,1,2,173,151,'16195',NULL,NULL),
	(174,1,2,174,154,'16195',NULL,NULL),
	(175,1,2,175,3,'16280',NULL,NULL),
	(176,1,2,176,13,'16282',NULL,NULL),
	(177,1,1,1,103,'15812','10',NULL),
	(178,1,1,2,111,'15812','6',NULL),
	(179,1,1,3,144,'15812','4',NULL),
	(180,1,1,4,95,'15812',NULL,NULL),
	(181,1,1,5,201,'15812',NULL,NULL),
	(182,1,1,6,163,'15812',NULL,NULL),
	(183,1,1,7,31,'15812',NULL,NULL),
	(184,1,1,8,194,'15812',NULL,NULL),
	(185,1,1,9,121,'15812',NULL,NULL),
	(186,1,1,10,114,'15812',NULL,NULL),
	(187,1,1,11,51,'15812',NULL,NULL),
	(188,1,1,12,213,'15812',NULL,NULL),
	(189,1,1,13,182,'15812',NULL,NULL),
	(190,1,1,14,8,'15812',NULL,NULL),
	(191,1,1,15,105,'15812',NULL,NULL),
	(192,1,1,16,128,'15812',NULL,NULL),
	(193,1,1,17,107,'15812',NULL,NULL),
	(194,1,1,18,104,'15812',NULL,NULL),
	(195,1,1,19,132,'15812',NULL,NULL),
	(196,1,1,20,52,'15812',NULL,NULL),
	(197,1,1,21,198,'15812',NULL,NULL),
	(198,1,1,22,216,'15812',NULL,NULL),
	(199,1,1,23,101,'15812',NULL,NULL),
	(200,1,1,24,87,'15812',NULL,NULL),
	(201,1,1,25,123,'15812',NULL,NULL),
	(202,1,1,26,171,'15812',NULL,NULL),
	(203,1,1,27,32,'15812',NULL,NULL),
	(204,1,1,28,41,'15812',NULL,NULL),
	(205,1,1,29,172,'15812',NULL,NULL),
	(206,1,1,30,56,'15812',NULL,NULL),
	(207,1,1,31,127,'15812',NULL,NULL),
	(208,1,1,32,75,'15812',NULL,NULL),
	(209,1,1,33,106,'15812',NULL,NULL),
	(210,1,1,34,21,'15812',NULL,NULL),
	(211,1,1,35,133,'15812',NULL,NULL),
	(212,1,1,36,131,'15812',NULL,NULL),
	(213,1,1,37,27,'15812','1',NULL),
	(214,1,1,38,78,'15812',NULL,NULL),
	(215,1,1,39,148,'15812',NULL,NULL),
	(216,1,1,40,191,'15812',NULL,NULL),
	(217,1,1,41,156,'15812',NULL,NULL),
	(218,1,1,42,161,'15812',NULL,NULL),
	(219,1,1,43,141,'15812',NULL,NULL),
	(220,1,1,44,11,'15812',NULL,NULL),
	(221,1,1,45,116,'15812',NULL,NULL),
	(222,1,1,46,181,'15812',NULL,NULL),
	(223,1,1,47,207,'15812',NULL,NULL),
	(224,1,1,48,208,'15812',NULL,NULL),
	(225,1,1,49,217,'15812',NULL,NULL),
	(226,1,1,50,54,'15812',NULL,NULL),
	(227,1,1,51,147,'15812',NULL,NULL),
	(228,1,1,52,91,'15812',NULL,NULL),
	(229,1,1,53,47,'15812',NULL,NULL),
	(230,1,1,54,166,'15812',NULL,NULL),
	(231,1,1,55,88,'15812',NULL,NULL),
	(232,1,1,56,15,'15812',NULL,NULL),
	(233,1,1,57,183,'15812',NULL,NULL),
	(234,1,1,58,44,'15812',NULL,NULL),
	(235,1,1,59,157,'15812',NULL,NULL),
	(236,1,1,60,36,'15812',NULL,NULL),
	(237,1,1,61,177,'15812',NULL,NULL),
	(238,1,1,62,175,'15812',NULL,NULL),
	(239,1,1,63,38,'15812',NULL,NULL),
	(240,1,1,64,53,'15834',NULL,NULL),
	(241,1,1,65,23,'15836',NULL,NULL),
	(242,1,1,66,197,'15836',NULL,NULL),
	(243,1,1,67,98,'15844',NULL,NULL),
	(244,1,1,68,108,'15845',NULL,NULL),
	(245,1,1,69,167,'15846',NULL,NULL),
	(246,1,1,70,17,'15846',NULL,NULL),
	(247,1,1,71,145,'15852',NULL,NULL),
	(248,1,1,72,122,'15854',NULL,NULL),
	(249,1,1,73,138,'15854',NULL,NULL),
	(250,1,1,74,126,'15854',NULL,NULL),
	(251,1,1,75,48,'15854',NULL,NULL),
	(252,1,1,76,113,'15854',NULL,NULL),
	(253,1,1,77,112,'15854',NULL,NULL),
	(254,1,1,78,46,'15854',NULL,NULL),
	(255,1,1,79,118,'15854',NULL,NULL),
	(256,1,1,80,195,'15854',NULL,NULL),
	(257,1,1,81,12,'15854',NULL,NULL),
	(258,1,1,82,96,'15854',NULL,NULL),
	(259,1,1,83,81,'15863',NULL,NULL),
	(260,1,1,84,61,'15863',NULL,NULL),
	(261,1,1,85,16,'15863',NULL,NULL),
	(262,1,1,86,158,'15863',NULL,NULL),
	(263,1,1,87,214,'15863',NULL,NULL),
	(264,1,1,88,55,'15863',NULL,NULL),
	(265,1,1,89,168,'15863',NULL,NULL),
	(266,1,1,90,193,'15863',NULL,NULL),
	(267,1,1,91,1,'15863',NULL,NULL),
	(268,1,1,92,192,'15863',NULL,NULL),
	(269,1,1,93,37,'15863',NULL,NULL),
	(270,1,1,94,58,'15863',NULL,NULL),
	(271,1,1,95,188,'15863',NULL,NULL),
	(272,1,1,96,143,'15863',NULL,NULL),
	(273,1,1,97,125,'15863',NULL,NULL),
	(274,1,1,98,92,'15863',NULL,NULL),
	(275,1,1,99,93,'15863',NULL,NULL),
	(276,1,1,100,42,'15863',NULL,NULL),
	(277,1,1,101,203,'15863',NULL,NULL),
	(278,1,1,102,67,'15863',NULL,NULL),
	(279,1,1,103,211,'15863',NULL,NULL),
	(280,1,1,104,94,'15874',NULL,NULL),
	(281,1,1,105,134,'15876',NULL,NULL),
	(282,1,1,106,135,'15876',NULL,NULL),
	(283,1,1,107,24,'15876',NULL,NULL),
	(284,1,1,108,212,'15884',NULL,NULL),
	(285,1,1,109,187,'15884',NULL,NULL),
	(286,1,1,110,68,'15886',NULL,NULL),
	(287,1,1,111,72,'15887',NULL,NULL),
	(288,1,1,112,71,'15887',NULL,NULL),
	(289,1,1,113,2,'15887',NULL,NULL),
	(290,1,1,114,73,'15889',NULL,NULL),
	(291,1,1,115,218,'15890',NULL,NULL),
	(292,1,1,116,33,'15890',NULL,NULL),
	(293,1,1,117,165,'15890',NULL,NULL),
	(294,1,1,118,164,'15890',NULL,NULL),
	(295,1,1,119,184,'15890','3',NULL),
	(296,1,1,120,34,'15894',NULL,NULL),
	(297,1,1,121,202,'15894',NULL,NULL),
	(298,1,1,122,86,'15899',NULL,NULL),
	(299,1,1,123,43,'15899',NULL,NULL),
	(300,1,1,124,115,'15902',NULL,NULL),
	(301,1,1,125,153,'15902',NULL,NULL),
	(302,1,1,126,35,'15902',NULL,NULL),
	(303,1,1,127,5,'15910',NULL,NULL),
	(304,1,1,128,74,'15924',NULL,NULL),
	(305,1,1,129,146,'15932',NULL,NULL),
	(306,1,1,130,26,'15943',NULL,NULL),
	(307,1,1,131,174,'15948',NULL,NULL),
	(308,1,1,132,28,'15948',NULL,NULL),
	(309,1,1,133,14,'15951',NULL,NULL),
	(310,1,1,134,18,'15951',NULL,NULL),
	(311,1,1,135,136,'15956',NULL,NULL),
	(312,1,1,136,186,'15956',NULL,NULL),
	(313,1,1,137,102,'15956',NULL,NULL),
	(314,1,1,138,196,'15956',NULL,NULL),
	(315,1,1,139,152,'15956',NULL,NULL),
	(316,1,1,140,77,'15956',NULL,NULL),
	(317,1,1,141,204,'15956',NULL,NULL),
	(318,1,1,142,185,'15956',NULL,NULL),
	(319,1,1,143,85,'15956',NULL,NULL),
	(320,1,1,144,57,'15956',NULL,NULL),
	(321,1,1,145,117,'15956',NULL,NULL),
	(322,1,1,146,206,'15956',NULL,NULL),
	(323,1,1,147,97,'15956',NULL,NULL),
	(324,1,1,148,4,'15956',NULL,NULL),
	(325,1,1,149,205,'15956',NULL,NULL),
	(326,1,1,150,7,'15956',NULL,NULL),
	(327,1,1,151,82,'15974',NULL,NULL),
	(328,1,1,152,6,'15976',NULL,NULL),
	(329,1,1,153,142,'15976',NULL,NULL),
	(330,1,1,154,76,'15976',NULL,NULL),
	(331,1,1,155,22,'15980',NULL,NULL),
	(332,1,1,156,63,'15992',NULL,NULL),
	(333,1,1,157,215,'15994','2',NULL),
	(334,1,1,158,62,'15994',NULL,NULL),
	(335,1,1,159,83,'15994',NULL,NULL),
	(336,1,1,160,25,'15994',NULL,NULL),
	(337,1,1,161,178,'15994',NULL,NULL),
	(338,1,1,162,173,'15994',NULL,NULL),
	(339,1,1,163,45,'15994',NULL,NULL),
	(340,1,1,164,176,'16004',NULL,NULL),
	(341,1,1,165,84,'16056',NULL,NULL),
	(342,1,1,166,64,'16056',NULL,NULL),
	(343,1,1,167,65,'16056',NULL,NULL),
	(344,1,1,168,66,'16056',NULL,NULL),
	(345,1,1,169,137,'16056',NULL,NULL),
	(346,1,1,170,124,'16056',NULL,NULL),
	(347,1,1,171,162,'16056',NULL,NULL),
	(348,1,1,172,155,'16195',NULL,NULL),
	(349,1,1,173,151,'16195',NULL,NULL),
	(350,1,1,174,154,'16195',NULL,NULL),
	(351,1,1,175,3,'16280',NULL,NULL),
	(352,1,1,176,13,'16282',NULL,NULL),
	(353,2,2,1,111,'30593','16',NULL),
	(354,2,2,2,103,'30599','10',NULL),
	(355,2,2,3,52,'30603','6',NULL),
	(356,2,2,4,183,'30606','3',NULL),
	(357,2,2,5,104,'30607','2',NULL),
	(358,2,2,6,8,'30608','1',NULL),
	(359,2,2,7,27,'30608','1',NULL),
	(360,2,2,8,95,'30609',NULL,NULL),
	(361,2,2,9,194,'30609',NULL,NULL),
	(362,2,2,10,213,'30609',NULL,NULL),
	(363,2,2,11,105,'30609',NULL,NULL),
	(364,2,2,12,171,'30609',NULL,NULL),
	(365,2,2,13,216,'30609',NULL,NULL),
	(366,2,2,14,198,'30609',NULL,NULL),
	(367,2,2,15,101,'30609',NULL,NULL),
	(368,2,2,16,121,'30609',NULL,NULL),
	(369,2,2,17,163,'30609',NULL,NULL),
	(370,2,2,18,87,'30609',NULL,NULL),
	(371,2,2,19,32,'30609',NULL,NULL),
	(372,2,2,20,78,'30609',NULL,NULL),
	(373,2,2,21,51,'30609',NULL,NULL),
	(374,2,2,22,21,'30609',NULL,NULL),
	(375,2,2,23,114,'30609',NULL,NULL),
	(376,2,2,24,41,'30609',NULL,NULL),
	(377,2,2,25,131,'30609',NULL,NULL),
	(378,2,2,26,191,'30609',NULL,NULL),
	(379,2,2,27,132,'30609',NULL,NULL),
	(380,2,2,28,141,'30609',NULL,NULL),
	(381,2,2,29,11,'30609',NULL,NULL),
	(382,2,2,30,56,'30609',NULL,NULL),
	(383,2,2,31,47,'30609',NULL,NULL),
	(384,2,2,32,75,'30609',NULL,NULL),
	(385,2,2,33,217,'30609',NULL,NULL),
	(386,2,2,34,181,'30609',NULL,NULL),
	(387,2,2,35,156,'30609',NULL,NULL),
	(388,2,2,36,172,'30609',NULL,NULL),
	(389,2,2,37,161,'30609',NULL,NULL),
	(390,2,2,38,182,'30609',NULL,NULL),
	(391,2,2,39,166,'30609',NULL,NULL),
	(392,2,2,40,91,'30609',NULL,NULL),
	(393,2,2,41,36,'30609',NULL,NULL),
	(394,2,2,42,133,'30609',NULL,NULL),
	(395,2,2,43,88,'30609',NULL,NULL),
	(396,2,2,44,54,'30609',NULL,NULL),
	(397,2,2,45,116,'30609',NULL,NULL),
	(398,2,2,46,208,'30609',NULL,NULL),
	(399,2,2,47,148,'30609',NULL,NULL),
	(400,2,2,48,38,'30609',NULL,NULL),
	(401,2,2,49,175,'30609',NULL,NULL),
	(402,2,2,50,44,'30609',NULL,NULL),
	(403,2,2,51,128,'30609',NULL,NULL),
	(404,2,2,52,31,'30609',NULL,NULL),
	(405,2,2,53,15,'30609',NULL,NULL),
	(406,2,2,54,177,'30609',NULL,NULL),
	(407,2,2,55,201,'30609',NULL,NULL),
	(408,2,2,56,107,'30609',NULL,NULL),
	(409,2,2,57,157,'30609',NULL,NULL),
	(410,2,2,58,207,'30609',NULL,NULL),
	(411,2,2,59,53,'30631',NULL,NULL),
	(412,2,2,60,23,'30633',NULL,NULL),
	(413,2,2,61,167,'30643',NULL,NULL),
	(414,2,2,62,145,'30649',NULL,NULL),
	(415,2,2,63,113,'30651',NULL,NULL),
	(416,2,2,64,138,'30651',NULL,NULL),
	(417,2,2,65,12,'30651',NULL,NULL),
	(418,2,2,66,96,'30651',NULL,NULL),
	(419,2,2,67,46,'30651',NULL,NULL),
	(420,2,2,68,112,'30651',NULL,NULL),
	(421,2,2,69,126,'30651',NULL,NULL),
	(422,2,2,70,195,'30651',NULL,NULL),
	(423,2,2,71,81,'30660',NULL,NULL),
	(424,2,2,72,16,'30660',NULL,NULL),
	(425,2,2,73,61,'30660',NULL,NULL),
	(426,2,2,74,193,'30660',NULL,NULL),
	(427,2,2,75,214,'30660',NULL,NULL),
	(428,2,2,76,1,'30660',NULL,NULL),
	(429,2,2,77,211,'30660',NULL,NULL),
	(430,2,2,78,158,'30660',NULL,NULL),
	(431,2,2,79,143,'30660',NULL,NULL),
	(432,2,2,80,37,'30660',NULL,NULL),
	(433,2,2,81,58,'30660',NULL,NULL),
	(434,2,2,82,125,'30660',NULL,NULL),
	(435,2,2,83,168,'30660',NULL,NULL),
	(436,2,2,84,42,'30660',NULL,NULL),
	(437,2,2,85,188,'30660',NULL,NULL),
	(438,2,2,86,93,'30660',NULL,NULL),
	(439,2,2,87,92,'30660',NULL,NULL),
	(440,2,2,88,192,'30660',NULL,NULL),
	(441,2,2,89,55,'30660',NULL,NULL),
	(442,2,2,90,67,'30660',NULL,NULL),
	(443,2,2,91,94,'30671',NULL,NULL),
	(444,2,2,92,135,'30673',NULL,NULL),
	(445,2,2,93,134,'30673',NULL,NULL),
	(446,2,2,94,24,'30673',NULL,NULL),
	(447,2,2,95,212,'30681',NULL,NULL),
	(448,2,2,96,187,'30681',NULL,NULL),
	(449,2,2,97,68,'30683',NULL,NULL),
	(450,2,2,98,2,'30684',NULL,NULL),
	(451,2,2,99,71,'30684',NULL,NULL),
	(452,2,2,100,218,'30687',NULL,NULL),
	(453,2,2,101,33,'30687',NULL,NULL),
	(454,2,2,102,165,'30687',NULL,NULL),
	(455,2,2,103,164,'30687',NULL,NULL),
	(456,2,2,104,34,'30691',NULL,NULL),
	(457,2,2,105,43,'30696',NULL,NULL),
	(458,2,2,106,153,'30699',NULL,NULL),
	(459,2,2,107,115,'30699',NULL,NULL),
	(460,2,2,108,35,'30699',NULL,NULL),
	(461,2,2,109,106,'30708',NULL,NULL),
	(462,2,2,110,123,'30716',NULL,NULL),
	(463,2,2,111,74,'30721',NULL,NULL),
	(464,2,2,112,26,'30740',NULL,NULL),
	(465,2,2,113,28,'30745',NULL,NULL),
	(466,2,2,114,18,'30748',NULL,NULL),
	(467,2,2,115,14,'30748',NULL,NULL),
	(468,2,2,116,48,'30750',NULL,NULL),
	(469,2,2,117,4,'30753',NULL,NULL),
	(470,2,2,118,85,'30753',NULL,NULL),
	(471,2,2,119,185,'30753',NULL,NULL),
	(472,2,2,120,136,'30753',NULL,NULL),
	(473,2,2,121,76,'30773',NULL,NULL),
	(474,2,2,122,17,'30788',NULL,NULL),
	(475,2,2,123,83,'30791',NULL,NULL),
	(476,2,2,124,184,'30791','3',NULL),
	(477,2,2,125,62,'30791',NULL,NULL),
	(478,2,2,126,25,'30791',NULL,NULL),
	(479,2,2,127,173,'30791',NULL,NULL),
	(480,2,2,128,118,'30796',NULL,NULL),
	(481,2,2,129,122,'30796',NULL,NULL),
	(482,2,2,130,176,'30801',NULL,NULL),
	(483,2,2,131,203,'30805',NULL,NULL),
	(484,2,2,132,108,'30825',NULL,NULL),
	(485,2,2,133,72,'30829',NULL,NULL),
	(486,2,2,134,73,'30831',NULL,NULL),
	(487,2,2,135,98,'30838',NULL,NULL),
	(488,2,2,136,86,'30841',NULL,NULL),
	(489,2,2,137,202,'30844',NULL,NULL),
	(490,2,2,138,144,'30847','4',NULL),
	(491,2,2,139,147,'30851',NULL,NULL),
	(492,2,2,140,186,'30852',NULL,NULL),
	(493,2,2,141,5,'30852',NULL,NULL),
	(494,2,2,142,64,'30853',NULL,NULL),
	(495,2,2,143,84,'30853',NULL,NULL),
	(496,2,2,144,197,'30886',NULL,NULL),
	(497,2,2,145,77,'30898',NULL,NULL),
	(498,2,2,146,152,'30898',NULL,NULL),
	(499,2,2,147,57,'30898',NULL,NULL),
	(500,2,2,148,204,'30898',NULL,NULL),
	(501,2,2,149,97,'30898',NULL,NULL),
	(502,2,2,150,117,'30898',NULL,NULL),
	(503,2,2,151,205,'30898',NULL,NULL),
	(504,2,2,152,7,'30898',NULL,NULL),
	(505,2,2,153,82,'30916',NULL,NULL),
	(506,2,2,154,215,'30934','2',NULL),
	(507,2,2,155,178,'30936',NULL,NULL),
	(508,2,2,156,45,'30936',NULL,NULL),
	(509,2,2,157,174,'30942',NULL,NULL),
	(510,2,2,158,102,'30950',NULL,NULL),
	(511,2,2,159,6,'30970',NULL,NULL),
	(512,2,2,160,146,'30971',NULL,NULL),
	(513,2,2,161,22,'30977',NULL,NULL),
	(514,2,2,162,151,'30988','4',NULL),
	(515,2,2,163,137,'30998',NULL,NULL),
	(516,2,2,164,162,'30998',NULL,NULL),
	(517,2,2,165,124,'30998',NULL,NULL),
	(518,2,2,166,142,'31015',NULL,NULL),
	(519,2,2,167,206,'31024',NULL,NULL),
	(520,2,2,168,66,'31077',NULL,NULL),
	(521,2,2,169,65,'31103',NULL,NULL),
	(522,2,2,170,155,'31137',NULL,NULL),
	(523,2,2,171,154,'31137',NULL,NULL),
	(524,2,2,172,63,'31167',NULL,NULL),
	(525,2,2,173,3,'31395',NULL,NULL),
	(526,2,2,174,13,'31564',NULL,NULL),
	(527,2,1,1,111,'14797','10',NULL),
	(528,2,1,2,52,'14797','6',NULL),
	(529,2,1,3,151,'14797','4',NULL),
	(530,2,1,4,171,'14797',NULL,NULL),
	(531,2,1,5,95,'14797',NULL,NULL),
	(532,2,1,6,213,'14797',NULL,NULL),
	(533,2,1,7,78,'14797',NULL,NULL),
	(534,2,1,8,216,'14797',NULL,NULL),
	(535,2,1,9,194,'14797',NULL,NULL),
	(536,2,1,10,104,'14797','2',NULL),
	(537,2,1,11,101,'14797',NULL,NULL),
	(538,2,1,12,198,'14797',NULL,NULL),
	(539,2,1,13,218,'14797',NULL,NULL),
	(540,2,1,14,105,'14797',NULL,NULL),
	(541,2,1,15,87,'14797',NULL,NULL),
	(542,2,1,16,32,'14797',NULL,NULL),
	(543,2,1,17,26,'14797',NULL,NULL),
	(544,2,1,18,81,'14797',NULL,NULL),
	(545,2,1,19,16,'14797',NULL,NULL),
	(546,2,1,20,193,'14797',NULL,NULL),
	(547,2,1,21,4,'14797',NULL,NULL),
	(548,2,1,22,61,'14797',NULL,NULL),
	(549,2,1,23,8,'14797','1',NULL),
	(550,2,1,24,211,'14797',NULL,NULL),
	(551,2,1,25,121,'14797',NULL,NULL),
	(552,2,1,26,21,'14797',NULL,NULL),
	(553,2,1,27,214,'14797',NULL,NULL),
	(554,2,1,28,103,'14797',NULL,NULL),
	(555,2,1,29,83,'14797',NULL,NULL),
	(556,2,1,30,85,'14797',NULL,NULL),
	(557,2,1,31,1,'14797',NULL,NULL),
	(558,2,1,32,163,'14797',NULL,NULL),
	(559,2,1,33,2,'14797',NULL,NULL),
	(560,2,1,34,47,'14797',NULL,NULL),
	(561,2,1,35,131,'14797',NULL,NULL),
	(562,2,1,36,71,'14797',NULL,NULL),
	(563,2,1,37,41,'14797',NULL,NULL),
	(564,2,1,38,191,'14797',NULL,NULL),
	(565,2,1,39,141,'14797',NULL,NULL),
	(566,2,1,40,51,'14797',NULL,NULL),
	(567,2,1,41,11,'14797',NULL,NULL),
	(568,2,1,42,217,'14797',NULL,NULL),
	(569,2,1,43,113,'14797',NULL,NULL),
	(570,2,1,44,36,'14797',NULL,NULL),
	(571,2,1,45,181,'14797',NULL,NULL),
	(572,2,1,46,143,'14797',NULL,NULL),
	(573,2,1,47,158,'14797',NULL,NULL),
	(574,2,1,48,166,'14797',NULL,NULL),
	(575,2,1,49,64,'14797',NULL,NULL),
	(576,2,1,50,156,'14797',NULL,NULL),
	(577,2,1,51,91,'14797',NULL,NULL),
	(578,2,1,52,88,'14797',NULL,NULL),
	(579,2,1,53,161,'14797',NULL,NULL),
	(580,2,1,54,114,'14797',NULL,NULL),
	(581,2,1,55,56,'14797',NULL,NULL),
	(582,2,1,56,75,'14797',NULL,NULL),
	(583,2,1,57,28,'14797',NULL,NULL),
	(584,2,1,58,38,'14797',NULL,NULL),
	(585,2,1,59,175,'14797',NULL,NULL),
	(586,2,1,60,54,'14797',NULL,NULL),
	(587,2,1,61,37,'14797',NULL,NULL),
	(588,2,1,62,132,'14797',NULL,NULL),
	(589,2,1,63,58,'14797',NULL,NULL),
	(590,2,1,64,172,'14797',NULL,NULL),
	(591,2,1,65,125,'14797',NULL,NULL),
	(592,2,1,66,76,'14797',NULL,NULL),
	(593,2,1,67,44,'14797',NULL,NULL),
	(594,2,1,68,183,'14797','3',NULL),
	(595,2,1,69,133,'14797',NULL,NULL),
	(596,2,1,70,208,'14797',NULL,NULL),
	(597,2,1,71,116,'14797',NULL,NULL),
	(598,2,1,72,27,'14797',NULL,NULL),
	(599,2,1,73,18,'14797',NULL,NULL),
	(600,2,1,74,33,'14797',NULL,NULL),
	(601,2,1,75,135,'14797',NULL,NULL),
	(602,2,1,76,153,'14797',NULL,NULL),
	(603,2,1,77,23,'14797',NULL,NULL),
	(604,2,1,78,212,'14797',NULL,NULL),
	(605,2,1,79,168,'14797',NULL,NULL),
	(606,2,1,80,148,'14797',NULL,NULL),
	(607,2,1,81,43,'14797',NULL,NULL),
	(608,2,1,82,182,'14797',NULL,NULL),
	(609,2,1,83,42,'14797',NULL,NULL),
	(610,2,1,84,176,'14797',NULL,NULL),
	(611,2,1,85,84,'14797',NULL,NULL),
	(612,2,1,86,138,'14797',NULL,NULL),
	(613,2,1,87,12,'14797',NULL,NULL),
	(614,2,1,88,145,'14797',NULL,NULL),
	(615,2,1,89,134,'14797',NULL,NULL),
	(616,2,1,90,188,'14797',NULL,NULL),
	(617,2,1,91,24,'14797',NULL,NULL),
	(618,2,1,92,68,'14797',NULL,NULL),
	(619,2,1,93,62,'14797',NULL,NULL),
	(620,2,1,94,167,'14797',NULL,NULL),
	(621,2,1,95,185,'14797',NULL,NULL),
	(622,2,1,96,96,'14797',NULL,NULL),
	(623,2,1,97,25,'14797',NULL,NULL),
	(624,2,1,98,34,'14797',NULL,NULL),
	(625,2,1,99,93,'14797',NULL,NULL),
	(626,2,1,100,92,'14797',NULL,NULL),
	(627,2,1,101,187,'14797',NULL,NULL),
	(628,2,1,102,136,'14797',NULL,NULL),
	(629,2,1,103,74,'14797',NULL,NULL),
	(630,2,1,104,165,'14797',NULL,NULL),
	(631,2,1,105,115,'14797',NULL,NULL),
	(632,2,1,106,35,'14797',NULL,NULL),
	(633,2,1,107,46,'14797',NULL,NULL),
	(634,2,1,108,14,'14797',NULL,NULL),
	(635,2,1,109,15,'14797',NULL,NULL),
	(636,2,1,110,112,'14797',NULL,NULL),
	(637,2,1,111,94,'14797',NULL,NULL),
	(638,2,1,112,192,'14797',NULL,NULL),
	(639,2,1,113,177,'14797',NULL,NULL),
	(640,2,1,114,195,'14797',NULL,NULL),
	(641,2,1,115,164,'14797',NULL,NULL),
	(642,2,1,116,126,'14797',NULL,NULL),
	(643,2,1,117,128,'14797',NULL,NULL),
	(644,2,1,118,106,'14896',NULL,NULL),
	(645,2,1,119,186,'14896',NULL,NULL),
	(646,2,1,120,157,'14797',NULL,NULL),
	(647,2,1,121,48,'14896',NULL,NULL),
	(648,2,1,122,55,'14797',NULL,NULL),
	(649,2,1,123,184,'14904',NULL,NULL),
	(650,2,1,124,123,'14904',NULL,NULL),
	(651,2,1,125,173,'14797',NULL,NULL),
	(652,2,1,126,73,'14942',NULL,NULL),
	(653,2,1,127,77,'14942',NULL,NULL),
	(654,2,1,128,203,'14942',NULL,NULL),
	(655,2,1,129,72,'14942',NULL,NULL),
	(656,2,1,130,215,'14942',NULL,NULL),
	(657,2,1,131,155,'14942',NULL,NULL),
	(658,2,1,132,154,'14942',NULL,NULL),
	(659,2,1,133,137,'14942',NULL,NULL),
	(660,2,1,134,82,'14942',NULL,NULL),
	(661,2,1,135,152,'14942',NULL,NULL),
	(662,2,1,136,162,'14942',NULL,NULL),
	(663,2,1,137,118,'14942',NULL,NULL),
	(664,2,1,138,86,'14942',NULL,NULL),
	(665,2,1,139,178,'14942',NULL,NULL),
	(666,2,1,140,45,'14942',NULL,NULL),
	(667,2,1,141,124,'14942',NULL,NULL),
	(668,2,1,142,57,'14942',NULL,NULL),
	(669,2,1,143,205,'14942',NULL,NULL),
	(670,2,1,144,97,'14942',NULL,NULL),
	(671,2,1,145,122,'14942',NULL,NULL),
	(672,2,1,146,117,'14942',NULL,NULL),
	(673,2,1,147,7,'14942',NULL,NULL),
	(674,2,1,148,31,'14797',NULL,NULL),
	(675,2,1,149,204,'14942',NULL,NULL),
	(676,2,1,150,5,'14942',NULL,NULL),
	(677,2,1,151,17,'14942',NULL,NULL),
	(678,2,1,152,202,'14950',NULL,NULL),
	(679,2,1,153,108,'14980',NULL,NULL),
	(680,2,1,154,102,'14994',NULL,NULL),
	(681,2,1,155,174,'14994',NULL,NULL),
	(682,2,1,156,98,'14994',NULL,NULL),
	(683,2,1,157,6,'14994',NULL,NULL),
	(684,2,1,158,22,'14997',NULL,NULL),
	(685,2,1,159,107,'14797',NULL,NULL),
	(686,2,1,160,66,'15021',NULL,NULL),
	(687,2,1,161,147,'15039',NULL,NULL),
	(688,2,1,162,144,'15039',NULL,NULL),
	(689,2,1,163,146,'15039',NULL,NULL),
	(690,2,1,164,142,'15039',NULL,NULL),
	(691,2,1,165,65,'15047',NULL,NULL),
	(692,2,1,166,197,'15050',NULL,NULL),
	(693,2,1,167,53,'14797',NULL,NULL),
	(694,2,1,168,207,'14797',NULL,NULL),
	(695,2,1,169,201,'14797',NULL,NULL),
	(696,2,1,170,206,'15068',NULL,NULL),
	(697,2,1,171,67,'14797',NULL,NULL),
	(698,2,1,172,3,'15115',NULL,NULL),
	(699,2,1,173,63,'15175',NULL,NULL),
	(700,2,1,174,13,'15282',NULL,NULL),
	(701,3,2,1,87,'32935',NULL,NULL),
	(702,3,2,2,88,'32935',NULL,NULL),
	(703,3,2,3,8,'32938','1',NULL),
	(704,3,2,4,104,'32940','2',NULL),
	(705,3,2,5,105,'32942',NULL,NULL),
	(706,3,2,6,101,'32942',NULL,NULL),
	(707,3,2,7,32,'32946',NULL,NULL),
	(708,3,2,8,36,'32946',NULL,NULL),
	(709,3,2,9,31,'32946',NULL,NULL),
	(710,3,2,10,11,'32970',NULL,NULL),
	(711,3,2,11,114,'32985',NULL,NULL),
	(712,3,2,12,116,'32985',NULL,NULL),
	(713,3,2,13,121,'32986',NULL,NULL),
	(714,3,2,14,81,'32986',NULL,NULL),
	(715,3,2,15,141,'32987',NULL,NULL),
	(716,3,2,16,78,'32988',NULL,NULL),
	(717,3,2,17,75,'32988',NULL,NULL),
	(718,3,2,18,1,'32990',NULL,NULL),
	(719,3,2,19,15,'32991',NULL,NULL),
	(720,3,2,20,61,'32995',NULL,NULL),
	(721,3,2,21,67,'32995',NULL,NULL),
	(722,3,2,22,51,'33001',NULL,NULL),
	(723,3,2,23,54,'33001',NULL,NULL),
	(724,3,2,24,128,'33001',NULL,NULL),
	(725,3,2,25,21,'33010',NULL,NULL),
	(726,3,2,26,161,'33010',NULL,NULL),
	(727,3,2,27,166,'33010',NULL,NULL),
	(728,3,2,28,194,'33011',NULL,NULL),
	(729,3,2,29,198,'33011',NULL,NULL),
	(730,3,2,30,191,'33011',NULL,NULL),
	(731,3,2,31,2,'33014',NULL,NULL),
	(732,3,2,32,16,'33021',NULL,NULL),
	(733,3,2,33,68,'33021',NULL,NULL),
	(734,3,2,34,27,'33026','1',NULL),
	(735,3,2,35,112,'33027',NULL,NULL),
	(736,3,2,36,126,'33028',NULL,NULL),
	(737,3,2,37,34,'33028',NULL,NULL),
	(738,3,2,38,95,'33033',NULL,NULL),
	(739,3,2,39,91,'33033',NULL,NULL),
	(740,3,2,40,35,'33036',NULL,NULL),
	(741,3,2,41,156,'33037',NULL,NULL),
	(742,3,2,42,125,'33037',NULL,NULL),
	(743,3,2,43,157,'33037',NULL,NULL),
	(744,3,2,44,41,'33041',NULL,NULL),
	(745,3,2,45,47,'33041',NULL,NULL),
	(746,3,2,46,106,'33041',NULL,NULL),
	(747,3,2,47,183,'33043','3',NULL),
	(748,3,2,48,33,'33044',NULL,NULL),
	(749,3,2,49,181,'33046',NULL,NULL),
	(750,3,2,50,182,'33046',NULL,NULL),
	(751,3,2,51,131,'33047',NULL,NULL),
	(752,3,2,52,132,'33047',NULL,NULL),
	(753,3,2,53,172,'33047',NULL,NULL),
	(754,3,2,54,133,'33047',NULL,NULL),
	(755,3,2,55,58,'33052',NULL,NULL),
	(756,3,2,56,55,'33052',NULL,NULL),
	(757,3,2,57,44,'33058',NULL,NULL),
	(758,3,2,58,168,'33061',NULL,NULL),
	(759,3,2,59,71,'33063',NULL,NULL),
	(760,3,2,60,193,'33069',NULL,NULL),
	(761,3,2,61,24,'33074',NULL,NULL),
	(762,3,2,62,96,'33075',NULL,NULL),
	(763,3,2,63,115,'33075',NULL,NULL),
	(764,3,2,64,213,'33079',NULL,NULL),
	(765,3,2,65,217,'33079',NULL,NULL),
	(766,3,2,66,4,'33083',NULL,NULL),
	(767,3,2,67,93,'33084',NULL,NULL),
	(768,3,2,68,92,'33084',NULL,NULL),
	(769,3,2,69,38,'33085',NULL,NULL),
	(770,3,2,70,158,'33088',NULL,NULL),
	(771,3,2,71,165,'33088',NULL,NULL),
	(772,3,2,72,138,'33089',NULL,NULL),
	(773,3,2,73,164,'33090',NULL,NULL),
	(774,3,2,74,42,'33092',NULL,NULL),
	(775,3,2,75,85,'33105',NULL,NULL),
	(776,3,2,76,18,'33109',NULL,NULL),
	(777,3,2,77,14,'33109',NULL,NULL),
	(778,3,2,78,135,'33111',NULL,NULL),
	(779,3,2,79,134,'33111',NULL,NULL),
	(780,3,2,80,111,'33115','16',NULL),
	(781,3,2,81,83,'33117',NULL,NULL),
	(782,3,2,82,187,'33118',NULL,NULL),
	(783,3,2,83,23,'33122',NULL,NULL),
	(784,3,2,84,62,'33126',NULL,NULL),
	(785,3,2,85,43,'33128',NULL,NULL),
	(786,3,2,86,214,'33130',NULL,NULL),
	(787,3,2,87,211,'33130',NULL,NULL),
	(788,3,2,88,207,'33138',NULL,NULL),
	(789,3,2,89,26,'33141',NULL,NULL),
	(790,3,2,90,28,'33146',NULL,NULL),
	(791,3,2,91,17,'33149',NULL,NULL),
	(792,3,2,92,216,'33151',NULL,NULL),
	(793,3,2,93,212,'33151',NULL,NULL),
	(794,3,2,94,46,'33164',NULL,NULL),
	(795,3,2,95,52,'33172','6',NULL),
	(796,3,2,96,113,'33173',NULL,NULL),
	(797,3,2,97,122,'33173',NULL,NULL),
	(798,3,2,98,5,'33182',NULL,NULL),
	(799,3,2,99,56,'33187',NULL,NULL),
	(800,3,2,100,148,'33188',NULL,NULL),
	(801,3,2,101,185,'33190',NULL,NULL),
	(802,3,2,102,136,'33195',NULL,NULL),
	(803,3,2,103,163,'33199',NULL,NULL),
	(804,3,2,104,175,'33202',NULL,NULL),
	(805,3,2,105,143,'33205',NULL,NULL),
	(806,3,2,106,72,'33208',NULL,NULL),
	(807,3,2,107,53,'33209',NULL,NULL),
	(808,3,2,108,167,'33215',NULL,NULL),
	(809,3,2,109,84,'33216',NULL,NULL),
	(810,3,2,110,103,'33219','10',NULL),
	(811,3,2,111,48,'33224',NULL,NULL),
	(812,3,2,112,218,'33229',NULL,NULL),
	(813,3,2,113,107,'33229',NULL,NULL),
	(814,3,2,114,147,'33229',NULL,NULL),
	(815,3,2,115,173,'33229',NULL,NULL),
	(816,3,2,116,192,'33234',NULL,NULL),
	(817,3,2,117,171,'33237',NULL,NULL),
	(818,3,2,118,177,'33237',NULL,NULL),
	(819,3,2,119,176,'33239',NULL,NULL),
	(820,3,2,120,145,'33241',NULL,NULL),
	(821,3,2,121,82,'33242',NULL,NULL),
	(822,3,2,122,184,'33252','3',NULL),
	(823,3,2,123,74,'33263',NULL,NULL),
	(824,3,2,124,25,'33264',NULL,NULL),
	(825,3,2,125,123,'33269',NULL,NULL),
	(826,3,2,126,188,'33273',NULL,NULL),
	(827,3,2,127,77,'33277',NULL,NULL),
	(828,3,2,128,197,'33288',NULL,NULL),
	(829,3,2,129,76,'33294',NULL,NULL),
	(830,3,2,130,153,'33299',NULL,NULL),
	(831,3,2,131,117,'33299',NULL,NULL),
	(832,3,2,132,108,'33304',NULL,NULL),
	(833,3,2,133,12,'33307',NULL,NULL),
	(834,3,2,134,195,'33307',NULL,NULL),
	(835,3,2,135,203,'33334',NULL,NULL),
	(836,3,2,136,152,'33342',NULL,NULL),
	(837,3,2,137,146,'33349',NULL,NULL),
	(838,3,2,138,86,'33352',NULL,NULL),
	(839,3,2,139,37,'33370',NULL,NULL),
	(840,3,2,140,174,'33380',NULL,NULL),
	(841,3,2,141,118,'33383',NULL,NULL),
	(842,3,2,142,94,'33391',NULL,NULL),
	(843,3,2,143,208,'33392',NULL,NULL),
	(844,3,2,144,201,'33392',NULL,NULL),
	(845,3,2,145,142,'33393',NULL,NULL),
	(846,3,2,146,215,'33404','2',NULL),
	(847,3,2,147,162,'33409',NULL,NULL),
	(848,3,2,148,151,'33416','4',NULL),
	(849,3,2,149,64,'33423',NULL,NULL),
	(850,3,2,150,144,'33426','4',NULL),
	(851,3,2,151,205,'33427',NULL,NULL),
	(852,3,2,152,65,'33438',NULL,NULL),
	(853,3,2,153,204,'33442',NULL,NULL),
	(854,3,2,154,97,'33458',NULL,NULL),
	(855,3,2,155,178,'33461',NULL,NULL),
	(856,3,2,156,57,'33467',NULL,NULL),
	(857,3,2,157,7,'33497',NULL,NULL),
	(858,3,2,158,66,'33506',NULL,NULL),
	(859,3,2,159,45,'33508',NULL,NULL),
	(860,3,2,160,137,'33517',NULL,NULL),
	(861,3,2,161,73,'33535',NULL,NULL),
	(862,3,2,162,22,'33537',NULL,NULL),
	(863,3,2,163,6,'33541',NULL,NULL),
	(864,3,2,164,124,'33551',NULL,NULL),
	(865,3,2,165,206,'33553',NULL,NULL),
	(866,3,2,166,98,'33558',NULL,NULL),
	(867,3,2,167,155,'33565',NULL,NULL),
	(868,3,2,168,186,'33569',NULL,NULL),
	(869,3,2,169,102,'33570',NULL,NULL),
	(870,3,2,170,202,'33627',NULL,NULL),
	(871,3,2,171,63,'33661',NULL,NULL),
	(872,3,2,172,3,'33733',NULL,NULL),
	(873,3,2,173,154,'33770',NULL,NULL),
	(874,3,2,174,13,'34041',NULL,NULL),
	(875,1,2,1,103,'15802','10',NULL),
	(876,1,2,2,111,'15806','6',NULL),
	(877,1,2,3,144,'15808','4',NULL),
	(878,1,2,4,27,'15811','1',NULL),
	(879,1,2,5,95,'15812',NULL,NULL),
	(880,1,2,6,201,'15812',NULL,NULL),
	(881,1,2,7,163,'15812',NULL,NULL),
	(882,1,2,8,31,'15812',NULL,NULL),
	(883,1,2,9,194,'15812',NULL,NULL),
	(884,1,2,10,121,'15812',NULL,NULL),
	(885,1,2,11,114,'15812',NULL,NULL),
	(886,1,2,12,51,'15812',NULL,NULL),
	(887,1,2,13,213,'15812',NULL,NULL),
	(888,1,2,14,182,'15812',NULL,NULL),
	(889,1,2,15,8,'15812',NULL,NULL),
	(890,1,2,16,105,'15812',NULL,NULL),
	(891,1,2,17,128,'15812',NULL,NULL),
	(892,1,2,18,107,'15812',NULL,NULL),
	(893,1,2,19,104,'15812',NULL,NULL),
	(894,1,2,20,132,'15812',NULL,NULL),
	(895,1,2,21,52,'15812',NULL,NULL),
	(896,1,2,22,198,'15812',NULL,NULL),
	(897,1,2,23,216,'15812',NULL,NULL),
	(898,1,2,24,101,'15812',NULL,NULL),
	(899,1,2,25,87,'15812',NULL,NULL),
	(900,1,2,26,123,'15812',NULL,NULL),
	(901,1,2,27,171,'15812',NULL,NULL),
	(902,1,2,28,32,'15812',NULL,NULL),
	(903,1,2,29,41,'15812',NULL,NULL),
	(904,1,2,30,172,'15812',NULL,NULL),
	(905,1,2,31,56,'15812',NULL,NULL),
	(906,1,2,32,127,'15812',NULL,NULL),
	(907,1,2,33,75,'15812',NULL,NULL),
	(908,1,2,34,106,'15812',NULL,NULL),
	(909,1,2,35,21,'15812',NULL,NULL),
	(910,1,2,36,133,'15812',NULL,NULL),
	(911,1,2,37,131,'15812',NULL,NULL),
	(912,1,2,38,78,'15812',NULL,NULL),
	(913,1,2,39,148,'15812',NULL,NULL),
	(914,1,2,40,191,'15812',NULL,NULL),
	(915,1,2,41,156,'15812',NULL,NULL),
	(916,1,2,42,161,'15812',NULL,NULL),
	(917,1,2,43,141,'15812',NULL,NULL),
	(918,1,2,44,11,'15812',NULL,NULL),
	(919,1,2,45,116,'15812',NULL,NULL),
	(920,1,2,46,181,'15812',NULL,NULL),
	(921,1,2,47,207,'15812',NULL,NULL),
	(922,1,2,48,208,'15812',NULL,NULL),
	(923,1,2,49,217,'15812',NULL,NULL),
	(924,1,2,50,54,'15812',NULL,NULL),
	(925,1,2,51,147,'15812',NULL,NULL),
	(926,1,2,52,91,'15812',NULL,NULL),
	(927,1,2,53,47,'15812',NULL,NULL),
	(928,1,2,54,166,'15812',NULL,NULL),
	(929,1,2,55,88,'15812',NULL,NULL),
	(930,1,2,56,15,'15812',NULL,NULL),
	(931,1,2,57,183,'15812',NULL,NULL),
	(932,1,2,58,44,'15812',NULL,NULL),
	(933,1,2,59,157,'15812',NULL,NULL),
	(934,1,2,60,36,'15812',NULL,NULL),
	(935,1,2,61,177,'15812',NULL,NULL),
	(936,1,2,62,175,'15812',NULL,NULL),
	(937,1,2,63,38,'15812',NULL,NULL),
	(938,1,2,64,53,'15834',NULL,NULL),
	(939,1,2,65,23,'15836',NULL,NULL),
	(940,1,2,66,197,'15836',NULL,NULL),
	(941,1,2,67,98,'15844',NULL,NULL),
	(942,1,2,68,108,'15845',NULL,NULL),
	(943,1,2,69,167,'15846',NULL,NULL),
	(944,1,2,70,17,'15846',NULL,NULL),
	(945,1,2,71,145,'15852',NULL,NULL),
	(946,1,2,72,122,'15854',NULL,NULL),
	(947,1,2,73,138,'15854',NULL,NULL),
	(948,1,2,74,126,'15854',NULL,NULL),
	(949,1,2,75,48,'15854',NULL,NULL),
	(950,1,2,76,113,'15854',NULL,NULL),
	(951,1,2,77,112,'15854',NULL,NULL),
	(952,1,2,78,46,'15854',NULL,NULL),
	(953,1,2,79,118,'15854',NULL,NULL),
	(954,1,2,80,195,'15854',NULL,NULL),
	(955,1,2,81,12,'15854',NULL,NULL),
	(956,1,2,82,96,'15854',NULL,NULL),
	(957,1,2,83,81,'15863',NULL,NULL),
	(958,1,2,84,61,'15863',NULL,NULL),
	(959,1,2,85,16,'15863',NULL,NULL),
	(960,1,2,86,158,'15863',NULL,NULL),
	(961,1,2,87,214,'15863',NULL,NULL),
	(962,1,2,88,55,'15863',NULL,NULL),
	(963,1,2,89,168,'15863',NULL,NULL),
	(964,1,2,90,193,'15863',NULL,NULL),
	(965,1,2,91,1,'15863',NULL,NULL),
	(966,1,2,92,192,'15863',NULL,NULL),
	(967,1,2,93,37,'15863',NULL,NULL),
	(968,1,2,94,58,'15863',NULL,NULL),
	(969,1,2,95,188,'15863',NULL,NULL),
	(970,1,2,96,143,'15863',NULL,NULL),
	(971,1,2,97,125,'15863',NULL,NULL),
	(972,1,2,98,92,'15863',NULL,NULL),
	(973,1,2,99,93,'15863',NULL,NULL),
	(974,1,2,100,42,'15863',NULL,NULL),
	(975,1,2,101,203,'15863',NULL,NULL),
	(976,1,2,102,67,'15863',NULL,NULL),
	(977,1,2,103,211,'15863',NULL,NULL),
	(978,1,2,104,94,'15874',NULL,NULL),
	(979,1,2,105,134,'15876',NULL,NULL),
	(980,1,2,106,135,'15876',NULL,NULL),
	(981,1,2,107,24,'15876',NULL,NULL),
	(982,1,2,108,212,'15884',NULL,NULL),
	(983,1,2,109,187,'15884',NULL,NULL),
	(984,1,2,110,68,'15886',NULL,NULL),
	(985,1,2,111,72,'15887',NULL,NULL),
	(986,1,2,112,71,'15887',NULL,NULL),
	(987,1,2,113,2,'15887',NULL,NULL),
	(988,1,2,114,184,'15887','3',NULL),
	(989,1,2,115,73,'15889',NULL,NULL),
	(990,1,2,116,218,'15890',NULL,NULL),
	(991,1,2,117,33,'15890',NULL,NULL),
	(992,1,2,118,165,'15890',NULL,NULL),
	(993,1,2,119,164,'15890',NULL,NULL),
	(994,1,2,120,34,'15894',NULL,NULL),
	(995,1,2,121,202,'15894',NULL,NULL),
	(996,1,2,122,86,'15899',NULL,NULL),
	(997,1,2,123,43,'15899',NULL,NULL),
	(998,1,2,124,115,'15902',NULL,NULL),
	(999,1,2,125,153,'15902',NULL,NULL),
	(1000,1,2,126,35,'15902',NULL,NULL),
	(1001,1,2,127,5,'15910',NULL,NULL),
	(1002,1,2,128,74,'15924',NULL,NULL),
	(1003,1,2,129,146,'15932',NULL,NULL),
	(1004,1,2,130,26,'15943',NULL,NULL),
	(1005,1,2,131,174,'15948',NULL,NULL),
	(1006,1,2,132,28,'15948',NULL,NULL),
	(1007,1,2,133,14,'15951',NULL,NULL),
	(1008,1,2,134,18,'15951',NULL,NULL),
	(1009,1,2,135,136,'15956',NULL,NULL),
	(1010,1,2,136,186,'15956',NULL,NULL),
	(1011,1,2,137,102,'15956',NULL,NULL),
	(1012,1,2,138,196,'15956',NULL,NULL),
	(1013,1,2,139,152,'15956',NULL,NULL),
	(1014,1,2,140,77,'15956',NULL,NULL),
	(1015,1,2,141,204,'15956',NULL,NULL),
	(1016,1,2,142,185,'15956',NULL,NULL),
	(1017,1,2,143,85,'15956',NULL,NULL),
	(1018,1,2,144,57,'15956',NULL,NULL),
	(1019,1,2,145,117,'15956',NULL,NULL),
	(1020,1,2,146,206,'15956',NULL,NULL),
	(1021,1,2,147,97,'15956',NULL,NULL),
	(1022,1,2,148,4,'15956',NULL,NULL),
	(1023,1,2,149,205,'15956',NULL,NULL),
	(1024,1,2,150,7,'15956',NULL,NULL),
	(1025,1,2,151,82,'15974',NULL,NULL),
	(1026,1,2,152,6,'15976',NULL,NULL),
	(1027,1,2,153,142,'15976',NULL,NULL),
	(1028,1,2,154,76,'15976',NULL,NULL),
	(1029,1,2,155,22,'15980',NULL,NULL),
	(1030,1,2,156,63,'15992',NULL,NULL),
	(1031,1,2,157,215,'15992','2',NULL),
	(1032,1,2,158,62,'15994',NULL,NULL),
	(1033,1,2,159,83,'15994',NULL,NULL),
	(1034,1,2,160,25,'15994',NULL,NULL),
	(1035,1,2,161,178,'15994',NULL,NULL),
	(1036,1,2,162,173,'15994',NULL,NULL),
	(1037,1,2,163,45,'15994',NULL,NULL),
	(1038,1,2,164,176,'16004',NULL,NULL),
	(1039,1,2,165,84,'16056',NULL,NULL),
	(1040,1,2,166,64,'16056',NULL,NULL),
	(1041,1,2,167,65,'16056',NULL,NULL),
	(1042,1,2,168,66,'16056',NULL,NULL),
	(1043,1,2,169,137,'16056',NULL,NULL),
	(1044,1,2,170,124,'16056',NULL,NULL),
	(1045,1,2,171,162,'16056',NULL,NULL),
	(1046,1,2,172,155,'16195',NULL,NULL),
	(1047,1,2,173,151,'16195',NULL,NULL),
	(1048,1,2,174,154,'16195',NULL,NULL),
	(1049,1,2,175,3,'16280',NULL,NULL),
	(1050,1,2,176,13,'16282',NULL,NULL),
	(1051,1,1,1,103,'15812','10',NULL),
	(1052,1,1,2,111,'15812','6',NULL),
	(1053,1,1,3,144,'15812','4',NULL),
	(1054,1,1,4,95,'15812',NULL,NULL),
	(1055,1,1,5,201,'15812',NULL,NULL),
	(1056,1,1,6,163,'15812',NULL,NULL),
	(1057,1,1,7,31,'15812',NULL,NULL),
	(1058,1,1,8,194,'15812',NULL,NULL),
	(1059,1,1,9,121,'15812',NULL,NULL),
	(1060,1,1,10,114,'15812',NULL,NULL),
	(1061,1,1,11,51,'15812',NULL,NULL),
	(1062,1,1,12,213,'15812',NULL,NULL),
	(1063,1,1,13,182,'15812',NULL,NULL),
	(1064,1,1,14,8,'15812',NULL,NULL),
	(1065,1,1,15,105,'15812',NULL,NULL),
	(1066,1,1,16,128,'15812',NULL,NULL),
	(1067,1,1,17,107,'15812',NULL,NULL),
	(1068,1,1,18,104,'15812',NULL,NULL),
	(1069,1,1,19,132,'15812',NULL,NULL),
	(1070,1,1,20,52,'15812',NULL,NULL),
	(1071,1,1,21,198,'15812',NULL,NULL),
	(1072,1,1,22,216,'15812',NULL,NULL),
	(1073,1,1,23,101,'15812',NULL,NULL),
	(1074,1,1,24,87,'15812',NULL,NULL),
	(1075,1,1,25,123,'15812',NULL,NULL),
	(1076,1,1,26,171,'15812',NULL,NULL),
	(1077,1,1,27,32,'15812',NULL,NULL),
	(1078,1,1,28,41,'15812',NULL,NULL),
	(1079,1,1,29,172,'15812',NULL,NULL),
	(1080,1,1,30,56,'15812',NULL,NULL),
	(1081,1,1,31,127,'15812',NULL,NULL),
	(1082,1,1,32,75,'15812',NULL,NULL),
	(1083,1,1,33,106,'15812',NULL,NULL),
	(1084,1,1,34,21,'15812',NULL,NULL),
	(1085,1,1,35,133,'15812',NULL,NULL),
	(1086,1,1,36,131,'15812',NULL,NULL),
	(1087,1,1,37,27,'15812','1',NULL),
	(1088,1,1,38,78,'15812',NULL,NULL),
	(1089,1,1,39,148,'15812',NULL,NULL),
	(1090,1,1,40,191,'15812',NULL,NULL),
	(1091,1,1,41,156,'15812',NULL,NULL),
	(1092,1,1,42,161,'15812',NULL,NULL),
	(1093,1,1,43,141,'15812',NULL,NULL),
	(1094,1,1,44,11,'15812',NULL,NULL),
	(1095,1,1,45,116,'15812',NULL,NULL),
	(1096,1,1,46,181,'15812',NULL,NULL),
	(1097,1,1,47,207,'15812',NULL,NULL),
	(1098,1,1,48,208,'15812',NULL,NULL),
	(1099,1,1,49,217,'15812',NULL,NULL),
	(1100,1,1,50,54,'15812',NULL,NULL),
	(1101,1,1,51,147,'15812',NULL,NULL),
	(1102,1,1,52,91,'15812',NULL,NULL),
	(1103,1,1,53,47,'15812',NULL,NULL),
	(1104,1,1,54,166,'15812',NULL,NULL),
	(1105,1,1,55,88,'15812',NULL,NULL),
	(1106,1,1,56,15,'15812',NULL,NULL),
	(1107,1,1,57,183,'15812',NULL,NULL),
	(1108,1,1,58,44,'15812',NULL,NULL),
	(1109,1,1,59,157,'15812',NULL,NULL),
	(1110,1,1,60,36,'15812',NULL,NULL),
	(1111,1,1,61,177,'15812',NULL,NULL),
	(1112,1,1,62,175,'15812',NULL,NULL),
	(1113,1,1,63,38,'15812',NULL,NULL),
	(1114,1,1,64,53,'15834',NULL,NULL),
	(1115,1,1,65,23,'15836',NULL,NULL),
	(1116,1,1,66,197,'15836',NULL,NULL),
	(1117,1,1,67,98,'15844',NULL,NULL),
	(1118,1,1,68,108,'15845',NULL,NULL),
	(1119,1,1,69,167,'15846',NULL,NULL),
	(1120,1,1,70,17,'15846',NULL,NULL),
	(1121,1,1,71,145,'15852',NULL,NULL),
	(1122,1,1,72,122,'15854',NULL,NULL),
	(1123,1,1,73,138,'15854',NULL,NULL),
	(1124,1,1,74,126,'15854',NULL,NULL),
	(1125,1,1,75,48,'15854',NULL,NULL),
	(1126,1,1,76,113,'15854',NULL,NULL),
	(1127,1,1,77,112,'15854',NULL,NULL),
	(1128,1,1,78,46,'15854',NULL,NULL),
	(1129,1,1,79,118,'15854',NULL,NULL),
	(1130,1,1,80,195,'15854',NULL,NULL),
	(1131,1,1,81,12,'15854',NULL,NULL),
	(1132,1,1,82,96,'15854',NULL,NULL),
	(1133,1,1,83,81,'15863',NULL,NULL),
	(1134,1,1,84,61,'15863',NULL,NULL),
	(1135,1,1,85,16,'15863',NULL,NULL),
	(1136,1,1,86,158,'15863',NULL,NULL),
	(1137,1,1,87,214,'15863',NULL,NULL),
	(1138,1,1,88,55,'15863',NULL,NULL),
	(1139,1,1,89,168,'15863',NULL,NULL),
	(1140,1,1,90,193,'15863',NULL,NULL),
	(1141,1,1,91,1,'15863',NULL,NULL),
	(1142,1,1,92,192,'15863',NULL,NULL),
	(1143,1,1,93,37,'15863',NULL,NULL),
	(1144,1,1,94,58,'15863',NULL,NULL),
	(1145,1,1,95,188,'15863',NULL,NULL),
	(1146,1,1,96,143,'15863',NULL,NULL),
	(1147,1,1,97,125,'15863',NULL,NULL),
	(1148,1,1,98,92,'15863',NULL,NULL),
	(1149,1,1,99,93,'15863',NULL,NULL),
	(1150,1,1,100,42,'15863',NULL,NULL),
	(1151,1,1,101,203,'15863',NULL,NULL),
	(1152,1,1,102,67,'15863',NULL,NULL),
	(1153,1,1,103,211,'15863',NULL,NULL),
	(1154,1,1,104,94,'15874',NULL,NULL),
	(1155,1,1,105,134,'15876',NULL,NULL),
	(1156,1,1,106,135,'15876',NULL,NULL),
	(1157,1,1,107,24,'15876',NULL,NULL),
	(1158,1,1,108,212,'15884',NULL,NULL),
	(1159,1,1,109,187,'15884',NULL,NULL),
	(1160,1,1,110,68,'15886',NULL,NULL),
	(1161,1,1,111,72,'15887',NULL,NULL),
	(1162,1,1,112,71,'15887',NULL,NULL),
	(1163,1,1,113,2,'15887',NULL,NULL),
	(1164,1,1,114,73,'15889',NULL,NULL),
	(1165,1,1,115,218,'15890',NULL,NULL),
	(1166,1,1,116,33,'15890',NULL,NULL),
	(1167,1,1,117,165,'15890',NULL,NULL),
	(1168,1,1,118,164,'15890',NULL,NULL),
	(1169,1,1,119,184,'15890','3',NULL),
	(1170,1,1,120,34,'15894',NULL,NULL),
	(1171,1,1,121,202,'15894',NULL,NULL),
	(1172,1,1,122,86,'15899',NULL,NULL),
	(1173,1,1,123,43,'15899',NULL,NULL),
	(1174,1,1,124,115,'15902',NULL,NULL),
	(1175,1,1,125,153,'15902',NULL,NULL),
	(1176,1,1,126,35,'15902',NULL,NULL),
	(1177,1,1,127,5,'15910',NULL,NULL),
	(1178,1,1,128,74,'15924',NULL,NULL),
	(1179,1,1,129,146,'15932',NULL,NULL),
	(1180,1,1,130,26,'15943',NULL,NULL),
	(1181,1,1,131,174,'15948',NULL,NULL),
	(1182,1,1,132,28,'15948',NULL,NULL),
	(1183,1,1,133,14,'15951',NULL,NULL),
	(1184,1,1,134,18,'15951',NULL,NULL),
	(1185,1,1,135,136,'15956',NULL,NULL),
	(1186,1,1,136,186,'15956',NULL,NULL),
	(1187,1,1,137,102,'15956',NULL,NULL),
	(1188,1,1,138,196,'15956',NULL,NULL),
	(1189,1,1,139,152,'15956',NULL,NULL),
	(1190,1,1,140,77,'15956',NULL,NULL),
	(1191,1,1,141,204,'15956',NULL,NULL),
	(1192,1,1,142,185,'15956',NULL,NULL),
	(1193,1,1,143,85,'15956',NULL,NULL),
	(1194,1,1,144,57,'15956',NULL,NULL),
	(1195,1,1,145,117,'15956',NULL,NULL),
	(1196,1,1,146,206,'15956',NULL,NULL),
	(1197,1,1,147,97,'15956',NULL,NULL),
	(1198,1,1,148,4,'15956',NULL,NULL),
	(1199,1,1,149,205,'15956',NULL,NULL),
	(1200,1,1,150,7,'15956',NULL,NULL),
	(1201,1,1,151,82,'15974',NULL,NULL),
	(1202,1,1,152,6,'15976',NULL,NULL),
	(1203,1,1,153,142,'15976',NULL,NULL),
	(1204,1,1,154,76,'15976',NULL,NULL),
	(1205,1,1,155,22,'15980',NULL,NULL),
	(1206,1,1,156,63,'15992',NULL,NULL),
	(1207,1,1,157,215,'15994','2',NULL),
	(1208,1,1,158,62,'15994',NULL,NULL),
	(1209,1,1,159,83,'15994',NULL,NULL),
	(1210,1,1,160,25,'15994',NULL,NULL),
	(1211,1,1,161,178,'15994',NULL,NULL),
	(1212,1,1,162,173,'15994',NULL,NULL),
	(1213,1,1,163,45,'15994',NULL,NULL),
	(1214,1,1,164,176,'16004',NULL,NULL),
	(1215,1,1,165,84,'16056',NULL,NULL),
	(1216,1,1,166,64,'16056',NULL,NULL),
	(1217,1,1,167,65,'16056',NULL,NULL),
	(1218,1,1,168,66,'16056',NULL,NULL),
	(1219,1,1,169,137,'16056',NULL,NULL),
	(1220,1,1,170,124,'16056',NULL,NULL),
	(1221,1,1,171,162,'16056',NULL,NULL),
	(1222,1,1,172,155,'16195',NULL,NULL),
	(1223,1,1,173,151,'16195',NULL,NULL),
	(1224,1,1,174,154,'16195',NULL,NULL),
	(1225,1,1,175,3,'16280',NULL,NULL),
	(1226,1,1,176,13,'16282',NULL,NULL),
	(1227,2,2,1,111,'30593','16',NULL),
	(1228,2,2,2,103,'30599','10',NULL),
	(1229,2,2,3,52,'30603','6',NULL),
	(1230,2,2,4,183,'30606','3',NULL),
	(1231,2,2,5,104,'30607','2',NULL),
	(1232,2,2,6,8,'30608','1',NULL),
	(1233,2,2,7,27,'30608','1',NULL),
	(1234,2,2,8,95,'30609',NULL,NULL),
	(1235,2,2,9,194,'30609',NULL,NULL),
	(1236,2,2,10,213,'30609',NULL,NULL),
	(1237,2,2,11,105,'30609',NULL,NULL),
	(1238,2,2,12,171,'30609',NULL,NULL),
	(1239,2,2,13,216,'30609',NULL,NULL),
	(1240,2,2,14,198,'30609',NULL,NULL),
	(1241,2,2,15,101,'30609',NULL,NULL),
	(1242,2,2,16,121,'30609',NULL,NULL),
	(1243,2,2,17,163,'30609',NULL,NULL),
	(1244,2,2,18,87,'30609',NULL,NULL),
	(1245,2,2,19,32,'30609',NULL,NULL),
	(1246,2,2,20,78,'30609',NULL,NULL),
	(1247,2,2,21,51,'30609',NULL,NULL),
	(1248,2,2,22,21,'30609',NULL,NULL),
	(1249,2,2,23,114,'30609',NULL,NULL),
	(1250,2,2,24,41,'30609',NULL,NULL),
	(1251,2,2,25,131,'30609',NULL,NULL),
	(1252,2,2,26,191,'30609',NULL,NULL),
	(1253,2,2,27,132,'30609',NULL,NULL),
	(1254,2,2,28,141,'30609',NULL,NULL),
	(1255,2,2,29,11,'30609',NULL,NULL),
	(1256,2,2,30,56,'30609',NULL,NULL),
	(1257,2,2,31,47,'30609',NULL,NULL),
	(1258,2,2,32,75,'30609',NULL,NULL),
	(1259,2,2,33,217,'30609',NULL,NULL),
	(1260,2,2,34,181,'30609',NULL,NULL),
	(1261,2,2,35,156,'30609',NULL,NULL),
	(1262,2,2,36,172,'30609',NULL,NULL),
	(1263,2,2,37,161,'30609',NULL,NULL),
	(1264,2,2,38,182,'30609',NULL,NULL),
	(1265,2,2,39,166,'30609',NULL,NULL),
	(1266,2,2,40,91,'30609',NULL,NULL),
	(1267,2,2,41,36,'30609',NULL,NULL),
	(1268,2,2,42,133,'30609',NULL,NULL),
	(1269,2,2,43,88,'30609',NULL,NULL),
	(1270,2,2,44,54,'30609',NULL,NULL),
	(1271,2,2,45,116,'30609',NULL,NULL),
	(1272,2,2,46,208,'30609',NULL,NULL),
	(1273,2,2,47,148,'30609',NULL,NULL),
	(1274,2,2,48,38,'30609',NULL,NULL),
	(1275,2,2,49,175,'30609',NULL,NULL),
	(1276,2,2,50,44,'30609',NULL,NULL),
	(1277,2,2,51,128,'30609',NULL,NULL),
	(1278,2,2,52,31,'30609',NULL,NULL),
	(1279,2,2,53,15,'30609',NULL,NULL),
	(1280,2,2,54,177,'30609',NULL,NULL),
	(1281,2,2,55,201,'30609',NULL,NULL),
	(1282,2,2,56,107,'30609',NULL,NULL),
	(1283,2,2,57,157,'30609',NULL,NULL),
	(1284,2,2,58,207,'30609',NULL,NULL),
	(1285,2,2,59,53,'30631',NULL,NULL),
	(1286,2,2,60,23,'30633',NULL,NULL),
	(1287,2,2,61,167,'30643',NULL,NULL),
	(1288,2,2,62,145,'30649',NULL,NULL),
	(1289,2,2,63,113,'30651',NULL,NULL),
	(1290,2,2,64,138,'30651',NULL,NULL),
	(1291,2,2,65,12,'30651',NULL,NULL),
	(1292,2,2,66,96,'30651',NULL,NULL),
	(1293,2,2,67,46,'30651',NULL,NULL),
	(1294,2,2,68,112,'30651',NULL,NULL),
	(1295,2,2,69,126,'30651',NULL,NULL),
	(1296,2,2,70,195,'30651',NULL,NULL),
	(1297,2,2,71,81,'30660',NULL,NULL),
	(1298,2,2,72,16,'30660',NULL,NULL),
	(1299,2,2,73,61,'30660',NULL,NULL),
	(1300,2,2,74,193,'30660',NULL,NULL),
	(1301,2,2,75,214,'30660',NULL,NULL),
	(1302,2,2,76,1,'30660',NULL,NULL),
	(1303,2,2,77,211,'30660',NULL,NULL),
	(1304,2,2,78,158,'30660',NULL,NULL),
	(1305,2,2,79,143,'30660',NULL,NULL),
	(1306,2,2,80,37,'30660',NULL,NULL),
	(1307,2,2,81,58,'30660',NULL,NULL),
	(1308,2,2,82,125,'30660',NULL,NULL),
	(1309,2,2,83,168,'30660',NULL,NULL),
	(1310,2,2,84,42,'30660',NULL,NULL),
	(1311,2,2,85,188,'30660',NULL,NULL),
	(1312,2,2,86,93,'30660',NULL,NULL),
	(1313,2,2,87,92,'30660',NULL,NULL),
	(1314,2,2,88,192,'30660',NULL,NULL),
	(1315,2,2,89,55,'30660',NULL,NULL),
	(1316,2,2,90,67,'30660',NULL,NULL),
	(1317,2,2,91,94,'30671',NULL,NULL),
	(1318,2,2,92,135,'30673',NULL,NULL),
	(1319,2,2,93,134,'30673',NULL,NULL),
	(1320,2,2,94,24,'30673',NULL,NULL),
	(1321,2,2,95,212,'30681',NULL,NULL),
	(1322,2,2,96,187,'30681',NULL,NULL),
	(1323,2,2,97,68,'30683',NULL,NULL),
	(1324,2,2,98,2,'30684',NULL,NULL),
	(1325,2,2,99,71,'30684',NULL,NULL),
	(1326,2,2,100,218,'30687',NULL,NULL),
	(1327,2,2,101,33,'30687',NULL,NULL),
	(1328,2,2,102,165,'30687',NULL,NULL),
	(1329,2,2,103,164,'30687',NULL,NULL),
	(1330,2,2,104,34,'30691',NULL,NULL),
	(1331,2,2,105,43,'30696',NULL,NULL),
	(1332,2,2,106,153,'30699',NULL,NULL),
	(1333,2,2,107,115,'30699',NULL,NULL),
	(1334,2,2,108,35,'30699',NULL,NULL),
	(1335,2,2,109,106,'30708',NULL,NULL),
	(1336,2,2,110,123,'30716',NULL,NULL),
	(1337,2,2,111,74,'30721',NULL,NULL),
	(1338,2,2,112,26,'30740',NULL,NULL),
	(1339,2,2,113,28,'30745',NULL,NULL),
	(1340,2,2,114,18,'30748',NULL,NULL),
	(1341,2,2,115,14,'30748',NULL,NULL),
	(1342,2,2,116,48,'30750',NULL,NULL),
	(1343,2,2,117,4,'30753',NULL,NULL),
	(1344,2,2,118,85,'30753',NULL,NULL),
	(1345,2,2,119,185,'30753',NULL,NULL),
	(1346,2,2,120,136,'30753',NULL,NULL),
	(1347,2,2,121,76,'30773',NULL,NULL),
	(1348,2,2,122,17,'30788',NULL,NULL),
	(1349,2,2,123,83,'30791',NULL,NULL),
	(1350,2,2,124,184,'30791','3',NULL),
	(1351,2,2,125,62,'30791',NULL,NULL),
	(1352,2,2,126,25,'30791',NULL,NULL),
	(1353,2,2,127,173,'30791',NULL,NULL),
	(1354,2,2,128,118,'30796',NULL,NULL),
	(1355,2,2,129,122,'30796',NULL,NULL),
	(1356,2,2,130,176,'30801',NULL,NULL),
	(1357,2,2,131,203,'30805',NULL,NULL),
	(1358,2,2,132,108,'30825',NULL,NULL),
	(1359,2,2,133,72,'30829',NULL,NULL),
	(1360,2,2,134,73,'30831',NULL,NULL),
	(1361,2,2,135,98,'30838',NULL,NULL),
	(1362,2,2,136,86,'30841',NULL,NULL),
	(1363,2,2,137,202,'30844',NULL,NULL),
	(1364,2,2,138,144,'30847','4',NULL),
	(1365,2,2,139,147,'30851',NULL,NULL),
	(1366,2,2,140,186,'30852',NULL,NULL),
	(1367,2,2,141,5,'30852',NULL,NULL),
	(1368,2,2,142,64,'30853',NULL,NULL),
	(1369,2,2,143,84,'30853',NULL,NULL),
	(1370,2,2,144,197,'30886',NULL,NULL),
	(1371,2,2,145,77,'30898',NULL,NULL),
	(1372,2,2,146,152,'30898',NULL,NULL),
	(1373,2,2,147,57,'30898',NULL,NULL),
	(1374,2,2,148,204,'30898',NULL,NULL),
	(1375,2,2,149,97,'30898',NULL,NULL),
	(1376,2,2,150,117,'30898',NULL,NULL),
	(1377,2,2,151,205,'30898',NULL,NULL),
	(1378,2,2,152,7,'30898',NULL,NULL),
	(1379,2,2,153,82,'30916',NULL,NULL),
	(1380,2,2,154,215,'30934','2',NULL),
	(1381,2,2,155,178,'30936',NULL,NULL),
	(1382,2,2,156,45,'30936',NULL,NULL),
	(1383,2,2,157,174,'30942',NULL,NULL),
	(1384,2,2,158,102,'30950',NULL,NULL),
	(1385,2,2,159,6,'30970',NULL,NULL),
	(1386,2,2,160,146,'30971',NULL,NULL),
	(1387,2,2,161,22,'30977',NULL,NULL),
	(1388,2,2,162,151,'30988','4',NULL),
	(1389,2,2,163,137,'30998',NULL,NULL),
	(1390,2,2,164,162,'30998',NULL,NULL),
	(1391,2,2,165,124,'30998',NULL,NULL),
	(1392,2,2,166,142,'31015',NULL,NULL),
	(1393,2,2,167,206,'31024',NULL,NULL),
	(1394,2,2,168,66,'31077',NULL,NULL),
	(1395,2,2,169,65,'31103',NULL,NULL),
	(1396,2,2,170,155,'31137',NULL,NULL),
	(1397,2,2,171,154,'31137',NULL,NULL),
	(1398,2,2,172,63,'31167',NULL,NULL),
	(1399,2,2,173,3,'31395',NULL,NULL),
	(1400,2,2,174,13,'31564',NULL,NULL),
	(1401,2,1,1,111,'14797','10',NULL),
	(1402,2,1,2,52,'14797','6',NULL),
	(1403,2,1,3,151,'14797','4',NULL),
	(1404,2,1,4,171,'14797',NULL,NULL),
	(1405,2,1,5,95,'14797',NULL,NULL),
	(1406,2,1,6,213,'14797',NULL,NULL),
	(1407,2,1,7,78,'14797',NULL,NULL),
	(1408,2,1,8,216,'14797',NULL,NULL),
	(1409,2,1,9,194,'14797',NULL,NULL),
	(1410,2,1,10,104,'14797','2',NULL),
	(1411,2,1,11,101,'14797',NULL,NULL),
	(1412,2,1,12,198,'14797',NULL,NULL),
	(1413,2,1,13,218,'14797',NULL,NULL),
	(1414,2,1,14,105,'14797',NULL,NULL),
	(1415,2,1,15,87,'14797',NULL,NULL),
	(1416,2,1,16,32,'14797',NULL,NULL),
	(1417,2,1,17,26,'14797',NULL,NULL),
	(1418,2,1,18,81,'14797',NULL,NULL),
	(1419,2,1,19,16,'14797',NULL,NULL),
	(1420,2,1,20,193,'14797',NULL,NULL),
	(1421,2,1,21,4,'14797',NULL,NULL),
	(1422,2,1,22,61,'14797',NULL,NULL),
	(1423,2,1,23,8,'14797','1',NULL),
	(1424,2,1,24,211,'14797',NULL,NULL),
	(1425,2,1,25,121,'14797',NULL,NULL),
	(1426,2,1,26,21,'14797',NULL,NULL),
	(1427,2,1,27,214,'14797',NULL,NULL),
	(1428,2,1,28,103,'14797',NULL,NULL),
	(1429,2,1,29,83,'14797',NULL,NULL),
	(1430,2,1,30,85,'14797',NULL,NULL),
	(1431,2,1,31,1,'14797',NULL,NULL),
	(1432,2,1,32,163,'14797',NULL,NULL),
	(1433,2,1,33,2,'14797',NULL,NULL),
	(1434,2,1,34,47,'14797',NULL,NULL),
	(1435,2,1,35,131,'14797',NULL,NULL),
	(1436,2,1,36,71,'14797',NULL,NULL),
	(1437,2,1,37,41,'14797',NULL,NULL),
	(1438,2,1,38,191,'14797',NULL,NULL),
	(1439,2,1,39,141,'14797',NULL,NULL),
	(1440,2,1,40,51,'14797',NULL,NULL),
	(1441,2,1,41,11,'14797',NULL,NULL),
	(1442,2,1,42,217,'14797',NULL,NULL),
	(1443,2,1,43,113,'14797',NULL,NULL),
	(1444,2,1,44,36,'14797',NULL,NULL),
	(1445,2,1,45,181,'14797',NULL,NULL),
	(1446,2,1,46,143,'14797',NULL,NULL),
	(1447,2,1,47,158,'14797',NULL,NULL),
	(1448,2,1,48,166,'14797',NULL,NULL),
	(1449,2,1,49,64,'14797',NULL,NULL),
	(1450,2,1,50,156,'14797',NULL,NULL),
	(1451,2,1,51,91,'14797',NULL,NULL),
	(1452,2,1,52,88,'14797',NULL,NULL),
	(1453,2,1,53,161,'14797',NULL,NULL),
	(1454,2,1,54,114,'14797',NULL,NULL),
	(1455,2,1,55,56,'14797',NULL,NULL),
	(1456,2,1,56,75,'14797',NULL,NULL),
	(1457,2,1,57,28,'14797',NULL,NULL),
	(1458,2,1,58,38,'14797',NULL,NULL),
	(1459,2,1,59,175,'14797',NULL,NULL),
	(1460,2,1,60,54,'14797',NULL,NULL),
	(1461,2,1,61,37,'14797',NULL,NULL),
	(1462,2,1,62,132,'14797',NULL,NULL),
	(1463,2,1,63,58,'14797',NULL,NULL),
	(1464,2,1,64,172,'14797',NULL,NULL),
	(1465,2,1,65,125,'14797',NULL,NULL),
	(1466,2,1,66,76,'14797',NULL,NULL),
	(1467,2,1,67,44,'14797',NULL,NULL),
	(1468,2,1,68,183,'14797','3',NULL),
	(1469,2,1,69,133,'14797',NULL,NULL),
	(1470,2,1,70,208,'14797',NULL,NULL),
	(1471,2,1,71,116,'14797',NULL,NULL),
	(1472,2,1,72,27,'14797',NULL,NULL),
	(1473,2,1,73,18,'14797',NULL,NULL),
	(1474,2,1,74,33,'14797',NULL,NULL),
	(1475,2,1,75,135,'14797',NULL,NULL),
	(1476,2,1,76,153,'14797',NULL,NULL),
	(1477,2,1,77,23,'14797',NULL,NULL),
	(1478,2,1,78,212,'14797',NULL,NULL),
	(1479,2,1,79,168,'14797',NULL,NULL),
	(1480,2,1,80,148,'14797',NULL,NULL),
	(1481,2,1,81,43,'14797',NULL,NULL),
	(1482,2,1,82,182,'14797',NULL,NULL),
	(1483,2,1,83,42,'14797',NULL,NULL),
	(1484,2,1,84,176,'14797',NULL,NULL),
	(1485,2,1,85,84,'14797',NULL,NULL),
	(1486,2,1,86,138,'14797',NULL,NULL),
	(1487,2,1,87,12,'14797',NULL,NULL),
	(1488,2,1,88,145,'14797',NULL,NULL),
	(1489,2,1,89,134,'14797',NULL,NULL),
	(1490,2,1,90,188,'14797',NULL,NULL),
	(1491,2,1,91,24,'14797',NULL,NULL),
	(1492,2,1,92,68,'14797',NULL,NULL),
	(1493,2,1,93,62,'14797',NULL,NULL),
	(1494,2,1,94,167,'14797',NULL,NULL),
	(1495,2,1,95,185,'14797',NULL,NULL),
	(1496,2,1,96,96,'14797',NULL,NULL),
	(1497,2,1,97,25,'14797',NULL,NULL),
	(1498,2,1,98,34,'14797',NULL,NULL),
	(1499,2,1,99,93,'14797',NULL,NULL),
	(1500,2,1,100,92,'14797',NULL,NULL),
	(1501,2,1,101,187,'14797',NULL,NULL),
	(1502,2,1,102,136,'14797',NULL,NULL),
	(1503,2,1,103,74,'14797',NULL,NULL),
	(1504,2,1,104,165,'14797',NULL,NULL),
	(1505,2,1,105,115,'14797',NULL,NULL),
	(1506,2,1,106,35,'14797',NULL,NULL),
	(1507,2,1,107,46,'14797',NULL,NULL),
	(1508,2,1,108,14,'14797',NULL,NULL),
	(1509,2,1,109,15,'14797',NULL,NULL),
	(1510,2,1,110,112,'14797',NULL,NULL),
	(1511,2,1,111,94,'14797',NULL,NULL),
	(1512,2,1,112,192,'14797',NULL,NULL),
	(1513,2,1,113,177,'14797',NULL,NULL),
	(1514,2,1,114,195,'14797',NULL,NULL),
	(1515,2,1,115,164,'14797',NULL,NULL),
	(1516,2,1,116,126,'14797',NULL,NULL),
	(1517,2,1,117,128,'14797',NULL,NULL),
	(1518,2,1,118,106,'14896',NULL,NULL),
	(1519,2,1,119,186,'14896',NULL,NULL),
	(1520,2,1,120,157,'14797',NULL,NULL),
	(1521,2,1,121,48,'14896',NULL,NULL),
	(1522,2,1,122,55,'14797',NULL,NULL),
	(1523,2,1,123,184,'14904',NULL,NULL),
	(1524,2,1,124,123,'14904',NULL,NULL),
	(1525,2,1,125,173,'14797',NULL,NULL),
	(1526,2,1,126,73,'14942',NULL,NULL),
	(1527,2,1,127,77,'14942',NULL,NULL),
	(1528,2,1,128,203,'14942',NULL,NULL),
	(1529,2,1,129,72,'14942',NULL,NULL),
	(1530,2,1,130,215,'14942',NULL,NULL),
	(1531,2,1,131,155,'14942',NULL,NULL),
	(1532,2,1,132,154,'14942',NULL,NULL),
	(1533,2,1,133,137,'14942',NULL,NULL),
	(1534,2,1,134,82,'14942',NULL,NULL),
	(1535,2,1,135,152,'14942',NULL,NULL),
	(1536,2,1,136,162,'14942',NULL,NULL),
	(1537,2,1,137,118,'14942',NULL,NULL),
	(1538,2,1,138,86,'14942',NULL,NULL),
	(1539,2,1,139,178,'14942',NULL,NULL),
	(1540,2,1,140,45,'14942',NULL,NULL),
	(1541,2,1,141,124,'14942',NULL,NULL),
	(1542,2,1,142,57,'14942',NULL,NULL),
	(1543,2,1,143,205,'14942',NULL,NULL),
	(1544,2,1,144,97,'14942',NULL,NULL),
	(1545,2,1,145,122,'14942',NULL,NULL),
	(1546,2,1,146,117,'14942',NULL,NULL),
	(1547,2,1,147,7,'14942',NULL,NULL),
	(1548,2,1,148,31,'14797',NULL,NULL),
	(1549,2,1,149,204,'14942',NULL,NULL),
	(1550,2,1,150,5,'14942',NULL,NULL),
	(1551,2,1,151,17,'14942',NULL,NULL),
	(1552,2,1,152,202,'14950',NULL,NULL),
	(1553,2,1,153,108,'14980',NULL,NULL),
	(1554,2,1,154,102,'14994',NULL,NULL),
	(1555,2,1,155,174,'14994',NULL,NULL),
	(1556,2,1,156,98,'14994',NULL,NULL),
	(1557,2,1,157,6,'14994',NULL,NULL),
	(1558,2,1,158,22,'14997',NULL,NULL),
	(1559,2,1,159,107,'14797',NULL,NULL),
	(1560,2,1,160,66,'15021',NULL,NULL),
	(1561,2,1,161,147,'15039',NULL,NULL),
	(1562,2,1,162,144,'15039',NULL,NULL),
	(1563,2,1,163,146,'15039',NULL,NULL),
	(1564,2,1,164,142,'15039',NULL,NULL),
	(1565,2,1,165,65,'15047',NULL,NULL),
	(1566,2,1,166,197,'15050',NULL,NULL),
	(1567,2,1,167,53,'14797',NULL,NULL),
	(1568,2,1,168,207,'14797',NULL,NULL),
	(1569,2,1,169,201,'14797',NULL,NULL),
	(1570,2,1,170,206,'15068',NULL,NULL),
	(1571,2,1,171,67,'14797',NULL,NULL),
	(1572,2,1,172,3,'15115',NULL,NULL),
	(1573,2,1,173,63,'15175',NULL,NULL),
	(1574,2,1,174,13,'15282',NULL,NULL),
	(1575,3,2,1,87,'32935',NULL,NULL),
	(1576,3,2,2,88,'32935',NULL,NULL),
	(1577,3,2,3,8,'32938','1',NULL),
	(1578,3,2,4,104,'32940','2',NULL),
	(1579,3,2,5,105,'32942',NULL,NULL),
	(1580,3,2,6,101,'32942',NULL,NULL),
	(1581,3,2,7,32,'32946',NULL,NULL),
	(1582,3,2,8,36,'32946',NULL,NULL),
	(1583,3,2,9,31,'32946',NULL,NULL),
	(1584,3,2,10,11,'32970',NULL,NULL),
	(1585,3,2,11,114,'32985',NULL,NULL),
	(1586,3,2,12,116,'32985',NULL,NULL),
	(1587,3,2,13,121,'32986',NULL,NULL),
	(1588,3,2,14,81,'32986',NULL,NULL),
	(1589,3,2,15,141,'32987',NULL,NULL),
	(1590,3,2,16,78,'32988',NULL,NULL),
	(1591,3,2,17,75,'32988',NULL,NULL),
	(1592,3,2,18,1,'32990',NULL,NULL),
	(1593,3,2,19,15,'32991',NULL,NULL),
	(1594,3,2,20,61,'32995',NULL,NULL),
	(1595,3,2,21,67,'32995',NULL,NULL),
	(1596,3,2,22,51,'33001',NULL,NULL),
	(1597,3,2,23,54,'33001',NULL,NULL),
	(1598,3,2,24,128,'33001',NULL,NULL),
	(1599,3,2,25,21,'33010',NULL,NULL),
	(1600,3,2,26,161,'33010',NULL,NULL),
	(1601,3,2,27,166,'33010',NULL,NULL),
	(1602,3,2,28,194,'33011',NULL,NULL),
	(1603,3,2,29,198,'33011',NULL,NULL),
	(1604,3,2,30,191,'33011',NULL,NULL),
	(1605,3,2,31,2,'33014',NULL,NULL),
	(1606,3,2,32,16,'33021',NULL,NULL),
	(1607,3,2,33,68,'33021',NULL,NULL),
	(1608,3,2,34,27,'33026','1',NULL),
	(1609,3,2,35,112,'33027',NULL,NULL),
	(1610,3,2,36,126,'33028',NULL,NULL),
	(1611,3,2,37,34,'33028',NULL,NULL),
	(1612,3,2,38,95,'33033',NULL,NULL),
	(1613,3,2,39,91,'33033',NULL,NULL),
	(1614,3,2,40,35,'33036',NULL,NULL),
	(1615,3,2,41,156,'33037',NULL,NULL),
	(1616,3,2,42,125,'33037',NULL,NULL),
	(1617,3,2,43,157,'33037',NULL,NULL),
	(1618,3,2,44,41,'33041',NULL,NULL),
	(1619,3,2,45,47,'33041',NULL,NULL),
	(1620,3,2,46,106,'33041',NULL,NULL),
	(1621,3,2,47,183,'33043','3',NULL),
	(1622,3,2,48,33,'33044',NULL,NULL),
	(1623,3,2,49,181,'33046',NULL,NULL),
	(1624,3,2,50,182,'33046',NULL,NULL),
	(1625,3,2,51,131,'33047',NULL,NULL),
	(1626,3,2,52,132,'33047',NULL,NULL),
	(1627,3,2,53,172,'33047',NULL,NULL),
	(1628,3,2,54,133,'33047',NULL,NULL),
	(1629,3,2,55,58,'33052',NULL,NULL),
	(1630,3,2,56,55,'33052',NULL,NULL),
	(1631,3,2,57,44,'33058',NULL,NULL),
	(1632,3,2,58,168,'33061',NULL,NULL),
	(1633,3,2,59,71,'33063',NULL,NULL),
	(1634,3,2,60,193,'33069',NULL,NULL),
	(1635,3,2,61,24,'33074',NULL,NULL),
	(1636,3,2,62,96,'33075',NULL,NULL),
	(1637,3,2,63,115,'33075',NULL,NULL),
	(1638,3,2,64,213,'33079',NULL,NULL),
	(1639,3,2,65,217,'33079',NULL,NULL),
	(1640,3,2,66,4,'33083',NULL,NULL),
	(1641,3,2,67,93,'33084',NULL,NULL),
	(1642,3,2,68,92,'33084',NULL,NULL),
	(1643,3,2,69,38,'33085',NULL,NULL),
	(1644,3,2,70,158,'33088',NULL,NULL),
	(1645,3,2,71,165,'33088',NULL,NULL),
	(1646,3,2,72,138,'33089',NULL,NULL),
	(1647,3,2,73,164,'33090',NULL,NULL),
	(1648,3,2,74,42,'33092',NULL,NULL),
	(1649,3,2,75,85,'33105',NULL,NULL),
	(1650,3,2,76,18,'33109',NULL,NULL),
	(1651,3,2,77,14,'33109',NULL,NULL),
	(1652,3,2,78,135,'33111',NULL,NULL),
	(1653,3,2,79,134,'33111',NULL,NULL),
	(1654,3,2,80,111,'33115','16',NULL),
	(1655,3,2,81,83,'33117',NULL,NULL),
	(1656,3,2,82,187,'33118',NULL,NULL),
	(1657,3,2,83,23,'33122',NULL,NULL),
	(1658,3,2,84,62,'33126',NULL,NULL),
	(1659,3,2,85,43,'33128',NULL,NULL),
	(1660,3,2,86,214,'33130',NULL,NULL),
	(1661,3,2,87,211,'33130',NULL,NULL),
	(1662,3,2,88,207,'33138',NULL,NULL),
	(1663,3,2,89,26,'33141',NULL,NULL),
	(1664,3,2,90,28,'33146',NULL,NULL),
	(1665,3,2,91,17,'33149',NULL,NULL),
	(1666,3,2,92,216,'33151',NULL,NULL),
	(1667,3,2,93,212,'33151',NULL,NULL),
	(1668,3,2,94,46,'33164',NULL,NULL),
	(1669,3,2,95,52,'33172','6',NULL),
	(1670,3,2,96,113,'33173',NULL,NULL),
	(1671,3,2,97,122,'33173',NULL,NULL),
	(1672,3,2,98,5,'33182',NULL,NULL),
	(1673,3,2,99,56,'33187',NULL,NULL),
	(1674,3,2,100,148,'33188',NULL,NULL),
	(1675,3,2,101,185,'33190',NULL,NULL),
	(1676,3,2,102,136,'33195',NULL,NULL),
	(1677,3,2,103,163,'33199',NULL,NULL),
	(1678,3,2,104,175,'33202',NULL,NULL),
	(1679,3,2,105,143,'33205',NULL,NULL),
	(1680,3,2,106,72,'33208',NULL,NULL),
	(1681,3,2,107,53,'33209',NULL,NULL),
	(1682,3,2,108,167,'33215',NULL,NULL),
	(1683,3,2,109,84,'33216',NULL,NULL),
	(1684,3,2,110,103,'33219','10',NULL),
	(1685,3,2,111,48,'33224',NULL,NULL),
	(1686,3,2,112,218,'33229',NULL,NULL),
	(1687,3,2,113,107,'33229',NULL,NULL),
	(1688,3,2,114,147,'33229',NULL,NULL),
	(1689,3,2,115,173,'33229',NULL,NULL),
	(1690,3,2,116,192,'33234',NULL,NULL),
	(1691,3,2,117,171,'33237',NULL,NULL),
	(1692,3,2,118,177,'33237',NULL,NULL),
	(1693,3,2,119,176,'33239',NULL,NULL),
	(1694,3,2,120,145,'33241',NULL,NULL),
	(1695,3,2,121,82,'33242',NULL,NULL),
	(1696,3,2,122,184,'33252','3',NULL),
	(1697,3,2,123,74,'33263',NULL,NULL),
	(1698,3,2,124,25,'33264',NULL,NULL),
	(1699,3,2,125,123,'33269',NULL,NULL),
	(1700,3,2,126,188,'33273',NULL,NULL),
	(1701,3,2,127,77,'33277',NULL,NULL),
	(1702,3,2,128,197,'33288',NULL,NULL),
	(1703,3,2,129,76,'33294',NULL,NULL),
	(1704,3,2,130,153,'33299',NULL,NULL),
	(1705,3,2,131,117,'33299',NULL,NULL),
	(1706,3,2,132,108,'33304',NULL,NULL),
	(1707,3,2,133,12,'33307',NULL,NULL),
	(1708,3,2,134,195,'33307',NULL,NULL),
	(1709,3,2,135,203,'33334',NULL,NULL),
	(1710,3,2,136,152,'33342',NULL,NULL),
	(1711,3,2,137,146,'33349',NULL,NULL),
	(1712,3,2,138,86,'33352',NULL,NULL),
	(1713,3,2,139,37,'33370',NULL,NULL),
	(1714,3,2,140,174,'33380',NULL,NULL),
	(1715,3,2,141,118,'33383',NULL,NULL),
	(1716,3,2,142,94,'33391',NULL,NULL),
	(1717,3,2,143,208,'33392',NULL,NULL),
	(1718,3,2,144,201,'33392',NULL,NULL),
	(1719,3,2,145,142,'33393',NULL,NULL),
	(1720,3,2,146,215,'33404','2',NULL),
	(1721,3,2,147,162,'33409',NULL,NULL),
	(1722,3,2,148,151,'33416','4',NULL),
	(1723,3,2,149,64,'33423',NULL,NULL),
	(1724,3,2,150,144,'33426','4',NULL),
	(1725,3,2,151,205,'33427',NULL,NULL),
	(1726,3,2,152,65,'33438',NULL,NULL),
	(1727,3,2,153,204,'33442',NULL,NULL),
	(1728,3,2,154,97,'33458',NULL,NULL),
	(1729,3,2,155,178,'33461',NULL,NULL),
	(1730,3,2,156,57,'33467',NULL,NULL),
	(1731,3,2,157,7,'33497',NULL,NULL),
	(1732,3,2,158,66,'33506',NULL,NULL),
	(1733,3,2,159,45,'33508',NULL,NULL),
	(1734,3,2,160,137,'33517',NULL,NULL),
	(1735,3,2,161,73,'33535',NULL,NULL),
	(1736,3,2,162,22,'33537',NULL,NULL),
	(1737,3,2,163,6,'33541',NULL,NULL),
	(1738,3,2,164,124,'33551',NULL,NULL),
	(1739,3,2,165,206,'33553',NULL,NULL),
	(1740,3,2,166,98,'33558',NULL,NULL),
	(1741,3,2,167,155,'33565',NULL,NULL),
	(1742,3,2,168,186,'33569',NULL,NULL),
	(1743,3,2,169,102,'33570',NULL,NULL),
	(1744,3,2,170,202,'33627',NULL,NULL),
	(1745,3,2,171,63,'33661',NULL,NULL),
	(1746,3,2,172,3,'33733',NULL,NULL),
	(1747,3,2,173,154,'33770',NULL,NULL),
	(1748,3,2,174,13,'34041',NULL,NULL),
	(1749,4,2,1,87,'48836',NULL,NULL),
	(1750,4,2,2,88,'48836',NULL,NULL),
	(1751,4,2,3,8,'48839','1',NULL),
	(1752,4,2,4,104,'48841','2',NULL),
	(1753,4,2,5,101,'48843',NULL,NULL),
	(1754,4,2,6,105,'48843',NULL,NULL),
	(1755,4,2,7,32,'48847',NULL,NULL),
	(1756,4,2,8,36,'48847',NULL,NULL),
	(1757,4,2,9,31,'48847',NULL,NULL),
	(1758,4,2,10,11,'48871',NULL,NULL),
	(1759,4,2,11,114,'48886',NULL,NULL),
	(1760,4,2,12,116,'48886',NULL,NULL),
	(1761,4,2,13,121,'48887',NULL,NULL),
	(1762,4,2,14,81,'48887',NULL,NULL),
	(1763,4,2,15,78,'48889',NULL,NULL),
	(1764,4,2,16,75,'48889',NULL,NULL),
	(1765,4,2,17,1,'48891',NULL,NULL),
	(1766,4,2,18,61,'48896',NULL,NULL),
	(1767,4,2,19,51,'48902',NULL,NULL),
	(1768,4,2,20,21,'48911',NULL,NULL),
	(1769,4,2,21,166,'48911',NULL,NULL),
	(1770,4,2,22,161,'48911',NULL,NULL),
	(1771,4,2,23,194,'48912',NULL,NULL),
	(1772,4,2,24,198,'48912',NULL,NULL),
	(1773,4,2,25,191,'48912',NULL,NULL),
	(1774,4,2,26,2,'48915',NULL,NULL),
	(1775,4,2,27,16,'48922',NULL,NULL),
	(1776,4,2,28,68,'48922',NULL,NULL),
	(1777,4,2,29,112,'48928',NULL,NULL),
	(1778,4,2,30,126,'48929',NULL,NULL),
	(1779,4,2,31,34,'48929',NULL,NULL),
	(1780,4,2,32,95,'48934',NULL,NULL),
	(1781,4,2,33,91,'48934',NULL,NULL),
	(1782,4,2,34,35,'48937',NULL,NULL),
	(1783,4,2,35,156,'48938',NULL,NULL),
	(1784,4,2,36,41,'48942',NULL,NULL),
	(1785,4,2,37,47,'48942',NULL,NULL),
	(1786,4,2,38,106,'48942',NULL,NULL),
	(1787,4,2,39,183,'48944','3',NULL),
	(1788,4,2,40,181,'48947',NULL,NULL),
	(1789,4,2,41,182,'48947',NULL,NULL),
	(1790,4,2,42,141,'48947',NULL,NULL),
	(1791,4,2,43,131,'48948',NULL,NULL),
	(1792,4,2,44,58,'48953',NULL,NULL),
	(1793,4,2,45,55,'48953',NULL,NULL),
	(1794,4,2,46,44,'48959',NULL,NULL),
	(1795,4,2,47,168,'48962',NULL,NULL),
	(1796,4,2,48,71,'48964',NULL,NULL),
	(1797,4,2,49,193,'48970',NULL,NULL),
	(1798,4,2,50,157,'48972',NULL,NULL),
	(1799,4,2,51,24,'48975',NULL,NULL),
	(1800,4,2,52,115,'48976',NULL,NULL),
	(1801,4,2,53,132,'48978',NULL,NULL),
	(1802,4,2,54,213,'48980',NULL,NULL),
	(1803,4,2,55,217,'48980',NULL,NULL),
	(1804,4,2,56,4,'48984',NULL,NULL),
	(1805,4,2,57,92,'48985',NULL,NULL),
	(1806,4,2,58,93,'48985',NULL,NULL),
	(1807,4,2,59,158,'48989',NULL,NULL),
	(1808,4,2,60,165,'48989',NULL,NULL),
	(1809,4,2,61,42,'48993',NULL,NULL),
	(1810,4,2,62,85,'49006',NULL,NULL),
	(1811,4,2,63,111,'49010','22',NULL),
	(1812,4,2,64,96,'49010',NULL,NULL),
	(1813,4,2,65,18,'49010',NULL,NULL),
	(1814,4,2,66,134,'49012',NULL,NULL),
	(1815,4,2,67,83,'49018',NULL,NULL),
	(1816,4,2,68,133,'49019',NULL,NULL),
	(1817,4,2,69,164,'49021',NULL,NULL),
	(1818,4,2,70,62,'49027',NULL,NULL),
	(1819,4,2,71,43,'49029',NULL,NULL),
	(1820,4,2,72,135,'49034',NULL,NULL),
	(1821,4,2,73,207,'49039',NULL,NULL),
	(1822,4,2,74,26,'49042',NULL,NULL),
	(1823,4,2,75,138,'49044',NULL,NULL),
	(1824,4,2,76,28,'49047',NULL,NULL),
	(1825,4,2,77,17,'49050',NULL,NULL),
	(1826,4,2,78,216,'49052',NULL,NULL),
	(1827,4,2,79,212,'49052',NULL,NULL),
	(1828,4,2,80,46,'49065',NULL,NULL),
	(1829,4,2,81,52,'49073','6',NULL),
	(1830,4,2,82,113,'49074',NULL,NULL),
	(1831,4,2,83,122,'49074',NULL,NULL),
	(1832,4,2,84,5,'49083',NULL,NULL),
	(1833,4,2,85,56,'49088',NULL,NULL),
	(1834,4,2,86,148,'49089',NULL,NULL),
	(1835,4,2,87,27,'49094','1',NULL),
	(1836,4,2,88,163,'49100',NULL,NULL),
	(1837,4,2,89,125,'49102',NULL,NULL),
	(1838,4,2,90,54,'49104',NULL,NULL),
	(1839,4,2,91,103,'49110','20',NULL),
	(1840,4,2,92,53,'49110',NULL,NULL),
	(1841,4,2,93,211,'49115',NULL,NULL),
	(1842,4,2,94,84,'49117',NULL,NULL),
	(1843,4,2,95,15,'49120',NULL,NULL),
	(1844,4,2,96,67,'49124',NULL,NULL),
	(1845,4,2,97,48,'49125',NULL,NULL),
	(1846,4,2,98,218,'49128','2',NULL),
	(1847,4,2,99,107,'49130',NULL,NULL),
	(1848,4,2,100,128,'49130',NULL,NULL),
	(1849,4,2,101,147,'49130',NULL,NULL),
	(1850,4,2,102,171,'49134','4',NULL),
	(1851,4,2,103,82,'49143',NULL,NULL),
	(1852,4,2,104,175,'49157',NULL,NULL),
	(1853,4,2,105,74,'49164',NULL,NULL),
	(1854,4,2,106,25,'49165',NULL,NULL),
	(1855,4,2,107,167,'49166',NULL,NULL),
	(1856,4,2,108,33,'49173',NULL,NULL),
	(1857,4,2,109,188,'49174',NULL,NULL),
	(1858,4,2,110,173,'49184',NULL,NULL),
	(1859,4,2,111,38,'49188',NULL,NULL),
	(1860,4,2,112,177,'49192',NULL,NULL),
	(1861,4,2,113,214,'49195',NULL,NULL),
	(1862,4,2,114,76,'49195',NULL,NULL),
	(1863,4,2,115,192,'49199',NULL,NULL),
	(1864,4,2,116,123,'49208',NULL,NULL),
	(1865,4,2,117,187,'49221',NULL,NULL),
	(1866,4,2,118,153,'49232',NULL,NULL),
	(1867,4,2,119,14,'49238',NULL,NULL),
	(1868,4,2,120,152,'49243',NULL,NULL),
	(1869,4,2,121,184,'49246','3',NULL),
	(1870,4,2,122,146,'49250',NULL,NULL),
	(1871,4,2,123,86,'49253',NULL,NULL),
	(1872,4,2,124,143,'49254',NULL,NULL),
	(1873,4,2,125,136,'49260',NULL,NULL),
	(1874,4,2,126,118,'49284',NULL,NULL),
	(1875,4,2,127,185,'49293',NULL,NULL),
	(1876,4,2,128,215,'49305','2',NULL),
	(1877,4,2,129,151,'49317','4',NULL),
	(1878,4,2,130,64,'49324',NULL,NULL),
	(1879,4,2,131,144,'49327','4',NULL),
	(1880,4,2,132,205,'49328',NULL,NULL),
	(1881,4,2,133,65,'49339',NULL,NULL),
	(1882,4,2,134,108,'49341',NULL,NULL),
	(1883,4,2,135,77,'49342',NULL,NULL),
	(1884,4,2,136,197,'49356',NULL,NULL),
	(1885,4,2,137,57,'49368',NULL,NULL),
	(1886,4,2,138,145,'49370',NULL,NULL),
	(1887,4,2,139,94,'49371',NULL,NULL),
	(1888,4,2,140,12,'49372',NULL,NULL),
	(1889,4,2,141,195,'49375',NULL,NULL),
	(1890,4,2,142,7,'49398',NULL,NULL),
	(1891,4,2,143,203,'49420',NULL,NULL),
	(1892,4,2,144,117,'49428',NULL,NULL),
	(1893,4,2,145,73,'49436',NULL,NULL),
	(1894,4,2,146,174,'49445',NULL,NULL),
	(1895,4,2,147,137,'49452',NULL,NULL),
	(1896,4,2,148,72,'49464',NULL,NULL),
	(1897,4,2,149,176,'49493',NULL,NULL),
	(1898,4,2,150,208,'49495',NULL,NULL),
	(1899,4,2,151,201,'49495',NULL,NULL),
	(1900,4,2,152,142,'49496',NULL,NULL),
	(1901,4,2,153,37,'49499',NULL,NULL),
	(1902,4,2,154,204,'49545',NULL,NULL),
	(1903,4,2,155,98,'49546',NULL,NULL),
	(1904,4,2,156,206,'49547','1',NULL),
	(1905,4,2,157,172,'49560',NULL,NULL),
	(1906,4,2,158,97,'49587',NULL,NULL),
	(1907,4,2,159,178,'49590',NULL,NULL),
	(1908,4,2,160,202,'49591','3',NULL),
	(1909,4,2,161,45,'49594',NULL,NULL),
	(1910,4,2,162,155,'49630',NULL,NULL),
	(1911,4,2,163,3,'49634',NULL,NULL),
	(1912,4,2,164,66,'49635',NULL,NULL),
	(1913,4,2,165,6,'49644',NULL,NULL),
	(1914,4,2,166,124,'49680',NULL,NULL),
	(1915,4,2,167,162,'49692',NULL,NULL),
	(1916,4,2,168,186,'49698',NULL,NULL),
	(1917,4,2,169,102,'49699',NULL,NULL),
	(1918,4,2,170,154,'49718',NULL,NULL),
	(1919,4,2,171,63,'49764',NULL,NULL),
	(1920,4,2,172,22,'49791',NULL,NULL),
	(1921,4,2,173,13,'50170',NULL,NULL),
	(1922,4,1,1,103,'15901','10',NULL),
	(1923,4,1,2,111,'15901','6',NULL),
	(1924,4,1,3,171,'15901','4',NULL),
	(1925,4,1,4,163,'15901',NULL,NULL),
	(1926,4,1,5,144,'15901',NULL,NULL),
	(1927,4,1,6,216,'15901',NULL,NULL),
	(1928,4,1,7,95,'15901',NULL,NULL),
	(1929,4,1,8,194,'15901',NULL,NULL),
	(1930,4,1,9,217,'15901',NULL,NULL),
	(1931,4,1,10,213,'15901',NULL,NULL),
	(1932,4,1,11,151,'15901',NULL,NULL),
	(1933,4,1,12,181,'15901',NULL,NULL),
	(1934,4,1,13,182,'15901',NULL,NULL),
	(1935,4,1,14,41,'15901',NULL,NULL),
	(1936,4,1,15,101,'15901',NULL,NULL),
	(1937,4,1,16,87,'15901',NULL,NULL),
	(1938,4,1,17,148,'15901',NULL,NULL),
	(1939,4,1,18,104,'15901',NULL,NULL),
	(1940,4,1,19,47,'15901',NULL,NULL),
	(1941,4,1,20,2,'15901',NULL,NULL),
	(1942,4,1,21,131,'15901',NULL,NULL),
	(1943,4,1,22,122,'15901',NULL,NULL),
	(1944,4,1,23,32,'15901',NULL,NULL),
	(1945,4,1,24,78,'15901',NULL,NULL),
	(1946,4,1,25,105,'15901',NULL,NULL),
	(1947,4,1,26,43,'15901',NULL,NULL),
	(1948,4,1,27,51,'15901',NULL,NULL),
	(1949,4,1,28,4,'15901',NULL,NULL),
	(1950,4,1,29,26,'15901',NULL,NULL),
	(1951,4,1,30,8,'15901',NULL,NULL),
	(1952,4,1,31,65,'15901',NULL,NULL),
	(1953,4,1,32,61,'15901',NULL,NULL),
	(1954,4,1,33,56,'15901',NULL,NULL),
	(1955,4,1,34,31,'15901',NULL,NULL),
	(1956,4,1,35,215,'15901',NULL,NULL),
	(1957,4,1,36,62,'15901',NULL,NULL),
	(1958,4,1,37,36,'15901',NULL,NULL),
	(1959,4,1,38,198,'15901',NULL,NULL),
	(1960,4,1,39,126,'15901',NULL,NULL),
	(1961,4,1,40,53,'15901',NULL,NULL),
	(1962,4,1,41,1,'15901',NULL,NULL),
	(1963,4,1,42,71,'15901',NULL,NULL),
	(1964,4,1,43,16,'15901',NULL,NULL),
	(1965,4,1,44,48,'15901',NULL,NULL),
	(1966,4,1,45,81,'15901',NULL,NULL),
	(1967,4,1,46,158,'15901',NULL,NULL),
	(1968,4,1,47,83,'15901',NULL,NULL),
	(1969,4,1,48,35,'15901',NULL,NULL),
	(1970,4,1,49,88,'15901',NULL,NULL),
	(1971,4,1,50,114,'15901',NULL,NULL),
	(1972,4,1,51,183,'15901',NULL,NULL),
	(1973,4,1,52,121,'15901',NULL,NULL),
	(1974,4,1,53,107,'15901',NULL,NULL),
	(1975,4,1,54,118,'15901',NULL,NULL),
	(1976,4,1,55,64,'15901',NULL,NULL),
	(1977,4,1,56,113,'15901',NULL,NULL),
	(1978,4,1,57,24,'15901',NULL,NULL),
	(1979,4,1,58,21,'15901',NULL,NULL),
	(1980,4,1,59,166,'15901',NULL,NULL),
	(1981,4,1,60,152,'15901',NULL,NULL),
	(1982,4,1,61,191,'15901',NULL,NULL),
	(1983,4,1,62,28,'15901',NULL,NULL),
	(1984,4,1,63,106,'15901',NULL,NULL),
	(1985,4,1,64,74,'15901',NULL,NULL),
	(1986,4,1,65,134,'15901',NULL,NULL),
	(1987,4,1,66,84,'15901',NULL,NULL),
	(1988,4,1,67,86,'15901',NULL,NULL),
	(1989,4,1,68,75,'15901',NULL,NULL),
	(1990,4,1,69,116,'15901',NULL,NULL),
	(1991,4,1,70,73,'15901',NULL,NULL),
	(1992,4,1,71,76,'15901',NULL,NULL),
	(1993,4,1,72,188,'15901',NULL,NULL),
	(1994,4,1,73,165,'15901',NULL,NULL),
	(1995,4,1,74,91,'15901',NULL,NULL),
	(1996,4,1,75,34,'15901',NULL,NULL),
	(1997,4,1,76,5,'15901',NULL,NULL),
	(1998,4,1,77,112,'15901',NULL,NULL),
	(1999,4,1,78,212,'15901',NULL,NULL),
	(2000,4,1,79,17,'15901',NULL,NULL),
	(2001,4,1,80,58,'15901',NULL,NULL),
	(2002,4,1,81,11,'15901',NULL,NULL),
	(2003,4,1,82,85,'15901',NULL,NULL),
	(2004,4,1,83,42,'15901',NULL,NULL),
	(2005,4,1,84,55,'15901',NULL,NULL),
	(2006,4,1,85,161,'15901',NULL,NULL),
	(2007,4,1,86,193,'15901',NULL,NULL),
	(2008,4,1,87,146,'15901',NULL,NULL),
	(2009,4,1,88,82,'15901',NULL,NULL),
	(2010,4,1,89,44,'15901',NULL,NULL),
	(2011,4,1,90,207,'15901',NULL,NULL),
	(2012,4,1,91,57,'15901',NULL,NULL),
	(2013,4,1,92,156,'15901',NULL,NULL),
	(2014,4,1,93,168,'15901',NULL,NULL),
	(2015,4,1,94,115,'15901',NULL,NULL),
	(2016,4,1,95,18,'15901',NULL,NULL),
	(2017,4,1,96,92,'15901',NULL,NULL),
	(2018,4,1,97,7,'15901',NULL,NULL),
	(2019,4,1,98,68,'15901',NULL,NULL),
	(2020,4,1,99,93,'15901',NULL,NULL),
	(2021,4,1,100,46,'15901',NULL,NULL),
	(2022,4,1,101,25,'15901',NULL,NULL),
	(2023,4,1,102,205,'15901',NULL,NULL),
	(2024,4,1,103,3,'15901',NULL,NULL),
	(2025,4,1,104,218,'15901','2',NULL),
	(2026,4,1,105,52,'15901',NULL,NULL),
	(2027,4,1,106,147,'15901',NULL,NULL),
	(2028,4,1,107,135,'15923',NULL,NULL),
	(2029,4,1,108,164,'15931',NULL,NULL),
	(2030,4,1,109,132,'15931',NULL,NULL),
	(2031,4,1,110,153,'15933',NULL,NULL),
	(2032,4,1,111,157,'15935',NULL,NULL),
	(2033,4,1,112,137,'15935',NULL,NULL),
	(2034,4,1,113,96,'15935',NULL,NULL),
	(2035,4,1,114,123,'15939',NULL,NULL),
	(2036,4,1,115,154,'15948',NULL,NULL),
	(2037,4,1,116,167,'15951',NULL,NULL),
	(2038,4,1,117,138,'15955',NULL,NULL),
	(2039,4,1,118,175,'15955',NULL,NULL),
	(2040,4,1,119,177,'15955',NULL,NULL),
	(2041,4,1,120,173,'15955',NULL,NULL),
	(2042,4,1,121,141,'15960',NULL,NULL),
	(2043,4,1,122,192,'15965',NULL,NULL),
	(2044,4,1,123,202,'15967','3',NULL),
	(2045,4,1,124,133,'15972',NULL,NULL),
	(2046,4,1,125,94,'15980',NULL,NULL),
	(2047,4,1,126,211,'15985',NULL,NULL),
	(2048,4,1,127,98,'15988',NULL,NULL),
	(2049,4,1,128,184,'15994',NULL,NULL),
	(2050,4,1,129,206,'15995','1',NULL),
	(2051,4,1,130,108,'16037',NULL,NULL),
	(2052,4,1,131,143,'16049',NULL,NULL),
	(2053,4,1,132,214,'16065',NULL,NULL),
	(2054,4,1,133,174,'16065',NULL,NULL),
	(2055,4,1,134,155,'16065',NULL,NULL),
	(2056,4,1,135,77,'16065',NULL,NULL),
	(2057,4,1,136,12,'16065',NULL,NULL),
	(2058,4,1,137,136,'16065',NULL,NULL),
	(2059,4,1,138,125,'16065',NULL,NULL),
	(2060,4,1,139,27,'16068',NULL,NULL),
	(2061,4,1,140,197,'16068',NULL,NULL),
	(2062,4,1,141,195,'16068',NULL,NULL),
	(2063,4,1,142,203,'16086',NULL,NULL),
	(2064,4,1,143,45,'16086',NULL,NULL),
	(2065,4,1,144,208,'16103',NULL,NULL),
	(2066,4,1,145,185,'16103',NULL,NULL),
	(2067,4,1,146,6,'16103',NULL,NULL),
	(2068,4,1,147,63,'16103',NULL,NULL),
	(2069,4,1,148,201,'16103',NULL,NULL),
	(2070,4,1,149,142,'16103',NULL,NULL),
	(2071,4,1,150,187,'16103',NULL,NULL),
	(2072,4,1,151,204,'16103',NULL,NULL),
	(2073,4,1,152,54,'16103',NULL,NULL),
	(2074,4,1,153,38,'16103',NULL,NULL),
	(2075,4,1,154,178,'16129',NULL,NULL),
	(2076,4,1,155,14,'16129',NULL,NULL),
	(2077,4,1,156,13,'16129',NULL,NULL),
	(2078,4,1,157,15,'16129',NULL,NULL),
	(2079,4,1,158,66,'16129',NULL,NULL),
	(2080,4,1,159,33,'16129',NULL,NULL),
	(2081,4,1,160,102,'16129',NULL,NULL),
	(2082,4,1,161,67,'16129',NULL,NULL),
	(2083,4,1,162,37,'16129',NULL,NULL),
	(2084,4,1,163,186,'16129',NULL,NULL),
	(2085,4,1,164,97,'16129',NULL,NULL),
	(2086,4,1,165,117,'16129',NULL,NULL),
	(2087,4,1,166,128,'16129',NULL,NULL),
	(2088,4,1,167,145,'16129',NULL,NULL),
	(2089,4,1,168,124,'16129',NULL,NULL),
	(2090,4,1,169,176,'16254',NULL,NULL),
	(2091,4,1,170,22,'16254',NULL,NULL),
	(2092,4,1,171,72,'16256',NULL,NULL),
	(2093,4,1,172,162,'16283',NULL,NULL),
	(2094,4,1,173,172,'16513',NULL,NULL),
	(2095,5,2,1,87,'66120','2',NULL),
	(2096,5,2,2,88,'66122',NULL,NULL),
	(2097,5,2,3,104,'66123','6',NULL),
	(2098,5,2,4,8,'66125','1',NULL),
	(2099,5,2,5,101,'66126','3',NULL),
	(2100,5,2,6,105,'66129',NULL,NULL),
	(2101,5,2,7,32,'66133',NULL,NULL),
	(2102,5,2,8,36,'66133',NULL,NULL),
	(2103,5,2,9,11,'66157',NULL,NULL),
	(2104,5,2,10,114,'66172',NULL,NULL),
	(2105,5,2,11,121,'66173',NULL,NULL),
	(2106,5,2,12,81,'66173',NULL,NULL),
	(2107,5,2,13,78,'66175',NULL,NULL),
	(2108,5,2,14,75,'66175',NULL,NULL),
	(2109,5,2,15,1,'66177',NULL,NULL),
	(2110,5,2,16,61,'66182',NULL,NULL),
	(2111,5,2,17,51,'66188',NULL,NULL),
	(2112,5,2,18,21,'66197',NULL,NULL),
	(2113,5,2,19,166,'66197',NULL,NULL),
	(2114,5,2,20,161,'66197',NULL,NULL),
	(2115,5,2,21,198,'66198',NULL,NULL),
	(2116,5,2,22,191,'66198',NULL,NULL),
	(2117,5,2,23,2,'66201',NULL,NULL),
	(2118,5,2,24,91,'66220',NULL,NULL),
	(2119,5,2,25,16,'66225',NULL,NULL),
	(2120,5,2,26,41,'66228',NULL,NULL),
	(2121,5,2,27,68,'66231',NULL,NULL),
	(2122,5,2,28,126,'66232',NULL,NULL),
	(2123,5,2,29,141,'66233',NULL,NULL),
	(2124,5,2,30,58,'66239',NULL,NULL),
	(2125,5,2,31,156,'66241',NULL,NULL),
	(2126,5,2,32,34,'66243',NULL,NULL),
	(2127,5,2,33,71,'66250',NULL,NULL),
	(2128,5,2,34,55,'66253',NULL,NULL),
	(2129,5,2,35,168,'66265',NULL,NULL),
	(2130,5,2,36,44,'66270',NULL,NULL),
	(2131,5,2,37,132,'66281',NULL,NULL),
	(2132,5,2,38,217,'66283',NULL,NULL),
	(2133,5,2,39,111,'66286','32',NULL),
	(2134,5,2,40,24,'66286',NULL,NULL),
	(2135,5,2,41,158,'66289',NULL,NULL),
	(2136,5,2,42,42,'66296',NULL,NULL),
	(2137,5,2,43,47,'66303',NULL,NULL),
	(2138,5,2,44,95,'66307',NULL,NULL),
	(2139,5,2,45,183,'66307','3',NULL),
	(2140,5,2,46,116,'66307',NULL,NULL),
	(2141,5,2,47,182,'66310',NULL,NULL),
	(2142,5,2,48,134,'66315',NULL,NULL),
	(2143,5,2,49,181,'66319','1',NULL),
	(2144,5,2,50,207,'66325',NULL,NULL),
	(2145,5,2,51,26,'66328',NULL,NULL),
	(2146,5,2,52,83,'66329',NULL,NULL),
	(2147,5,2,53,28,'66333',NULL,NULL),
	(2148,5,2,54,216,'66338',NULL,NULL),
	(2149,5,2,55,52,'66353','12',NULL),
	(2150,5,2,56,92,'66354',NULL,NULL),
	(2151,5,2,57,93,'66358',NULL,NULL),
	(2152,5,2,58,96,'66373',NULL,NULL),
	(2153,5,2,59,165,'66383',NULL,NULL),
	(2154,5,2,60,115,'66397',NULL,NULL),
	(2155,5,2,61,122,'66399',NULL,NULL),
	(2156,5,2,62,211,'66401',NULL,NULL),
	(2157,5,2,63,46,'66404',NULL,NULL),
	(2158,5,2,64,4,'66405',NULL,NULL),
	(2159,5,2,65,67,'66410',NULL,NULL),
	(2160,5,2,66,113,'66413',NULL,NULL),
	(2161,5,2,67,212,'66415',NULL,NULL),
	(2162,5,2,68,125,'66437',NULL,NULL),
	(2163,5,2,69,193,'66443',NULL,NULL),
	(2164,5,2,70,62,'66443',NULL,NULL),
	(2165,5,2,71,18,'66448',NULL,NULL),
	(2166,5,2,72,194,'66455',NULL,NULL),
	(2167,5,2,73,175,'66471',NULL,NULL),
	(2168,5,2,74,35,'66480',NULL,NULL),
	(2169,5,2,75,5,'66504',NULL,NULL),
	(2170,5,2,76,54,'66508',NULL,NULL),
	(2171,5,2,77,152,'66529',NULL,NULL),
	(2172,5,2,78,85,'66546',NULL,NULL),
	(2173,5,2,79,188,'66547',NULL,NULL),
	(2174,5,2,80,106,'66554',NULL,NULL),
	(2175,5,2,81,25,'66557',NULL,NULL),
	(2176,5,2,82,214,'66558',NULL,NULL),
	(2177,5,2,83,56,'66561',NULL,NULL),
	(2178,5,2,84,76,'66568',NULL,NULL),
	(2179,5,2,85,192,'66568',NULL,NULL),
	(2180,5,2,86,133,'66569',NULL,NULL),
	(2181,5,2,87,187,'66584',NULL,NULL),
	(2182,5,2,88,27,'66589','1',NULL),
	(2183,5,2,89,147,'66603',NULL,NULL),
	(2184,5,2,90,14,'66611',NULL,NULL),
	(2185,5,2,91,146,'66623',NULL,NULL),
	(2186,5,2,92,136,'66631',NULL,NULL),
	(2187,5,2,93,215,'66640','2',NULL),
	(2188,5,2,94,103,'66660','20',NULL),
	(2189,5,2,95,107,'66680',NULL,NULL),
	(2190,5,2,96,128,'66680',NULL,NULL),
	(2191,5,2,97,118,'66705',NULL,NULL),
	(2192,5,2,98,33,'66713',NULL,NULL),
	(2193,5,2,99,195,'66714',NULL,NULL),
	(2194,5,2,100,77,'66715',NULL,NULL),
	(2195,5,2,101,145,'66724',NULL,NULL),
	(2196,5,2,102,57,'66741',NULL,NULL),
	(2197,5,2,103,184,'66796','3',NULL),
	(2198,5,2,104,205,'66807',NULL,NULL),
	(2199,5,2,105,12,'66810',NULL,NULL),
	(2200,5,2,106,174,'66816',NULL,NULL),
	(2201,5,2,107,108,'66823',NULL,NULL),
	(2202,5,2,108,72,'66837',NULL,NULL),
	(2203,5,2,109,117,'66849',NULL,NULL),
	(2204,5,2,110,176,'66866',NULL,NULL),
	(2205,5,2,111,37,'66872',NULL,NULL),
	(2206,5,2,112,178,'66876',NULL,NULL),
	(2207,5,2,113,65,'66879',NULL,NULL),
	(2208,5,2,114,82,'66901',NULL,NULL),
	(2209,5,2,115,204,'66918',NULL,NULL),
	(2210,5,2,116,74,'66922',NULL,NULL),
	(2211,5,2,117,48,'66946',NULL,NULL),
	(2212,5,2,118,38,'66946',NULL,NULL),
	(2213,5,2,119,7,'66948',NULL,NULL),
	(2214,5,2,120,123,'66966',NULL,NULL),
	(2215,5,2,121,66,'66982',NULL,NULL),
	(2216,5,2,122,112,'66984',NULL,NULL),
	(2217,5,2,123,155,'67001',NULL,NULL),
	(2218,5,2,124,162,'67065',NULL,NULL),
	(2219,5,2,125,64,'67082',NULL,NULL),
	(2220,5,2,126,43,'67085',NULL,NULL),
	(2221,5,2,127,154,'67091',NULL,NULL),
	(2222,5,2,128,124,'67101',NULL,NULL),
	(2223,5,2,129,197,'67114',NULL,NULL),
	(2224,5,2,130,98,'67156',NULL,NULL),
	(2225,5,2,131,53,'67166',NULL,NULL),
	(2226,5,2,132,84,'67173',NULL,NULL),
	(2227,5,2,133,203,'67178',NULL,NULL),
	(2228,5,2,134,22,'67183',NULL,NULL),
	(2229,5,2,135,6,'67194',NULL,NULL),
	(2230,5,2,136,63,'67202',NULL,NULL),
	(2231,5,2,137,186,'67248',NULL,NULL),
	(2232,5,2,138,102,'67249',NULL,NULL),
	(2233,5,2,139,142,'67254',NULL,NULL),
	(2234,5,2,140,153,'67288',NULL,NULL),
	(2235,5,2,141,213,'67303',NULL,NULL),
	(2236,5,2,142,86,'67309',NULL,NULL),
	(2237,5,2,143,97,'67345',NULL,NULL),
	(2238,5,2,144,202,'67349','3',NULL),
	(2239,5,2,145,185,'67349',NULL,NULL),
	(2240,5,2,146,138,'67367',NULL,NULL),
	(2241,5,2,147,151,'67373','4',NULL),
	(2242,5,2,148,17,'67373',NULL,NULL),
	(2243,5,2,149,3,'67392',NULL,NULL),
	(2244,5,2,150,45,'67415',NULL,NULL),
	(2245,5,2,151,94,'67427',NULL,NULL),
	(2246,5,2,152,15,'67443',NULL,NULL),
	(2247,5,2,153,218,'67451','2',NULL),
	(2248,5,2,154,171,'67457','4',NULL),
	(2249,5,2,155,167,'67489',NULL,NULL),
	(2250,5,2,156,131,'67490',NULL,NULL),
	(2251,5,2,157,73,'67492',NULL,NULL),
	(2252,5,2,158,173,'67507',NULL,NULL),
	(2253,5,2,159,157,'67514',NULL,NULL),
	(2254,5,2,160,208,'67551',NULL,NULL),
	(2255,5,2,161,201,'67551',NULL,NULL),
	(2256,5,2,162,164,'67563',NULL,NULL),
	(2257,5,2,163,135,'67576',NULL,NULL),
	(2258,5,2,164,206,'67603','1',NULL),
	(2259,5,2,165,148,'67631',NULL,NULL),
	(2260,5,2,166,163,'67642',NULL,NULL),
	(2261,5,2,167,177,'67734',NULL,NULL),
	(2262,5,2,168,144,'67869','4',NULL),
	(2263,5,2,169,137,'67994',NULL,NULL),
	(2264,5,2,170,13,'68712',NULL,NULL),
	(2265,5,1,1,111,'17286','10',NULL),
	(2266,5,1,2,52,'17286','6',NULL),
	(2267,5,1,3,104,'17286','4',NULL),
	(2268,5,1,4,78,'17286',NULL,NULL),
	(2269,5,1,5,101,'17286','3',NULL),
	(2270,5,1,6,91,'17286',NULL,NULL),
	(2271,5,1,7,87,'17286','2',NULL),
	(2272,5,1,8,36,'17286',NULL,NULL),
	(2273,5,1,9,216,'17286',NULL,NULL),
	(2274,5,1,10,51,'17286',NULL,NULL),
	(2275,5,1,11,207,'17286',NULL,NULL),
	(2276,5,1,12,8,'17286',NULL,NULL),
	(2277,5,1,13,26,'17286',NULL,NULL),
	(2278,5,1,14,1,'17286',NULL,NULL),
	(2279,5,1,15,178,'17286',NULL,NULL),
	(2280,5,1,16,2,'17286',NULL,NULL),
	(2281,5,1,17,71,'17286',NULL,NULL),
	(2282,5,1,18,81,'17286',NULL,NULL),
	(2283,5,1,19,121,'17286',NULL,NULL),
	(2284,5,1,20,114,'17286',NULL,NULL),
	(2285,5,1,21,75,'17286',NULL,NULL),
	(2286,5,1,22,21,'17286',NULL,NULL),
	(2287,5,1,23,28,'17286',NULL,NULL),
	(2288,5,1,24,58,'17286',NULL,NULL),
	(2289,5,1,25,191,'17286',NULL,NULL),
	(2290,5,1,26,11,'17286',NULL,NULL),
	(2291,5,1,27,32,'17286',NULL,NULL),
	(2292,5,1,28,198,'17286',NULL,NULL),
	(2293,5,1,29,61,'17286',NULL,NULL),
	(2294,5,1,30,41,'17286',NULL,NULL),
	(2295,5,1,31,88,'17286',NULL,NULL),
	(2296,5,1,32,211,'17286',NULL,NULL),
	(2297,5,1,33,141,'17286',NULL,NULL),
	(2298,5,1,34,166,'17286',NULL,NULL),
	(2299,5,1,35,67,'17286',NULL,NULL),
	(2300,5,1,36,152,'17286',NULL,NULL),
	(2301,5,1,37,161,'17286',NULL,NULL),
	(2302,5,1,38,105,'17286',NULL,NULL),
	(2303,5,1,39,158,'17300',NULL,NULL),
	(2304,5,1,40,55,'17300',NULL,NULL),
	(2305,5,1,41,16,'17303',NULL,NULL),
	(2306,5,1,42,126,'17303',NULL,NULL),
	(2307,5,1,43,132,'17303',NULL,NULL),
	(2308,5,1,44,168,'17303',NULL,NULL),
	(2309,5,1,45,156,'17303',NULL,NULL),
	(2310,5,1,46,134,'17303',NULL,NULL),
	(2311,5,1,47,217,'17303',NULL,NULL),
	(2312,5,1,48,42,'17303',NULL,NULL),
	(2313,5,1,49,68,'17309',NULL,NULL),
	(2314,5,1,50,44,'17311',NULL,NULL),
	(2315,5,1,51,24,'17311',NULL,NULL),
	(2316,5,1,52,83,'17311',NULL,NULL),
	(2317,5,1,53,34,'17314',NULL,NULL),
	(2318,5,1,54,175,'17314',NULL,NULL),
	(2319,5,1,55,122,'17325',NULL,NULL),
	(2320,5,1,56,125,'17335',NULL,NULL),
	(2321,5,1,57,215,'17335',NULL,NULL),
	(2322,5,1,58,113,'17339',NULL,NULL),
	(2323,5,1,59,195,'17339',NULL,NULL),
	(2324,5,1,60,46,'17339',NULL,NULL),
	(2325,5,1,61,66,'17347',NULL,NULL),
	(2326,5,1,62,145,'17354',NULL,NULL),
	(2327,5,1,63,47,'17361',NULL,NULL),
	(2328,5,1,64,96,'17363',NULL,NULL),
	(2329,5,1,65,182,'17363',NULL,NULL),
	(2330,5,1,66,187,'17363',NULL,NULL),
	(2331,5,1,67,183,'17363',NULL,NULL),
	(2332,5,1,68,212,'17363',NULL,NULL),
	(2333,5,1,69,214,'17363',NULL,NULL),
	(2334,5,1,70,192,'17369',NULL,NULL),
	(2335,5,1,71,92,'17369',NULL,NULL),
	(2336,5,1,72,155,'17371',NULL,NULL),
	(2337,5,1,73,174,'17371',NULL,NULL),
	(2338,5,1,74,136,'17371',NULL,NULL),
	(2339,5,1,75,162,'17373',NULL,NULL),
	(2340,5,1,76,76,'17373',NULL,NULL),
	(2341,5,1,77,14,'17373',NULL,NULL),
	(2342,5,1,78,204,'17373',NULL,NULL),
	(2343,5,1,79,57,'17373',NULL,NULL),
	(2344,5,1,80,176,'17373',NULL,NULL),
	(2345,5,1,81,72,'17373',NULL,NULL),
	(2346,5,1,82,95,'17373',NULL,NULL),
	(2347,5,1,83,77,'17373',NULL,NULL),
	(2348,5,1,84,188,'17373',NULL,NULL),
	(2349,5,1,85,154,'17373',NULL,NULL),
	(2350,5,1,86,93,'17373',NULL,NULL),
	(2351,5,1,87,181,'17373','1',NULL),
	(2352,5,1,88,37,'17373',NULL,NULL),
	(2353,5,1,89,146,'17373',NULL,NULL),
	(2354,5,1,90,25,'17392',NULL,NULL),
	(2355,5,1,91,22,'17392',NULL,NULL),
	(2356,5,1,92,165,'17394',NULL,NULL),
	(2357,5,1,93,54,'17404',NULL,NULL),
	(2358,5,1,94,62,'17416',NULL,NULL),
	(2359,5,1,95,5,'17421',NULL,NULL),
	(2360,5,1,96,4,'17421',NULL,NULL),
	(2361,5,1,97,118,'17421',NULL,NULL),
	(2362,5,1,98,115,'17421',NULL,NULL),
	(2363,5,1,99,117,'17421',NULL,NULL),
	(2364,5,1,100,116,'17421',NULL,NULL),
	(2365,5,1,101,124,'17421',NULL,NULL),
	(2366,5,1,102,12,'17438',NULL,NULL),
	(2367,5,1,103,18,'17438',NULL,NULL),
	(2368,5,1,104,63,'17438',NULL,NULL),
	(2369,5,1,105,193,'17473',NULL,NULL),
	(2370,5,1,106,147,'17473',NULL,NULL),
	(2371,5,1,107,56,'17473',NULL,NULL),
	(2372,5,1,108,205,'17479',NULL,NULL),
	(2373,5,1,109,108,'17482',NULL,NULL),
	(2374,5,1,110,27,'17495',NULL,NULL),
	(2375,5,1,111,85,'17540',NULL,NULL),
	(2376,5,1,112,65,'17540',NULL,NULL),
	(2377,5,1,113,33,'17540',NULL,NULL),
	(2378,5,1,114,35,'17543',NULL,NULL),
	(2379,5,1,115,194,'17543',NULL,NULL),
	(2380,5,1,116,107,'17550',NULL,NULL),
	(2381,5,1,117,103,'17550',NULL,NULL),
	(2382,5,1,118,102,'17550',NULL,NULL),
	(2383,5,1,119,6,'17550',NULL,NULL),
	(2384,5,1,120,133,'17550',NULL,NULL),
	(2385,5,1,121,128,'17550',NULL,NULL),
	(2386,5,1,122,186,'17550',NULL,NULL),
	(2387,5,1,123,7,'17550',NULL,NULL),
	(2388,5,1,124,184,'17550',NULL,NULL),
	(2389,5,1,125,98,'17610',NULL,NULL),
	(2390,5,1,126,106,'17612',NULL,NULL),
	(2391,5,1,127,38,'17758',NULL,NULL),
	(2392,5,1,128,97,'17758',NULL,NULL),
	(2393,5,1,129,203,'17758',NULL,NULL),
	(2394,5,1,130,202,'17758',NULL,NULL),
	(2395,5,1,131,74,'17758',NULL,NULL),
	(2396,5,1,132,142,'17758',NULL,NULL),
	(2397,5,1,133,3,'17758',NULL,NULL),
	(2398,5,1,134,123,'17758',NULL,NULL),
	(2399,5,1,135,64,'17758',NULL,NULL),
	(2400,5,1,136,82,'17758',NULL,NULL),
	(2401,5,1,137,197,'17758',NULL,NULL),
	(2402,5,1,138,48,'17821',NULL,NULL),
	(2403,5,1,139,45,'17821',NULL,NULL),
	(2404,5,1,140,53,'18056',NULL,NULL),
	(2405,5,1,141,112,'18056',NULL,NULL),
	(2406,5,1,142,206,'18056',NULL,NULL),
	(2407,5,1,143,208,'18056',NULL,NULL),
	(2408,5,1,144,86,'18056',NULL,NULL),
	(2409,5,1,145,153,'18056',NULL,NULL),
	(2410,5,1,146,84,'18056',NULL,NULL),
	(2411,5,1,147,43,'18056',NULL,NULL),
	(2412,5,1,148,201,'18056',NULL,NULL),
	(2413,5,1,149,151,'18056',NULL,NULL),
	(2414,5,1,150,185,'18056',NULL,NULL),
	(2415,5,1,151,73,'18056',NULL,NULL),
	(2416,5,1,152,94,'18056',NULL,NULL),
	(2417,5,1,153,138,'18323',NULL,NULL),
	(2418,5,1,154,171,'18323',NULL,NULL),
	(2419,5,1,155,213,'18323',NULL,NULL),
	(2420,5,1,156,218,'18323',NULL,NULL),
	(2421,5,1,157,15,'18323',NULL,NULL),
	(2422,5,1,158,17,'18323',NULL,NULL),
	(2423,5,1,159,173,'18323',NULL,NULL),
	(2424,5,1,160,167,'18323',NULL,NULL),
	(2425,5,1,161,137,'18542',NULL,NULL),
	(2426,5,1,162,135,'18542',NULL,NULL),
	(2427,5,1,163,131,'18542',NULL,NULL),
	(2428,5,1,164,157,'18542',NULL,NULL),
	(2429,5,1,165,163,'18542',NULL,NULL),
	(2430,5,1,166,177,'18542',NULL,NULL),
	(2431,5,1,167,148,'18542',NULL,NULL),
	(2432,5,1,168,164,'18542',NULL,NULL),
	(2433,5,1,169,144,'18542',NULL,NULL),
	(2434,5,1,170,13,'18542',NULL,NULL),
	(2435,6,2,1,87,'81346','2',NULL),
	(2436,6,2,2,8,'81349','3',NULL),
	(2437,6,2,3,88,'81351',NULL,NULL),
	(2438,6,2,4,101,'81352','3',NULL),
	(2439,6,2,5,104,'81358','6',NULL),
	(2440,6,2,6,105,'81364',NULL,NULL),
	(2441,6,2,7,11,'81391',NULL,NULL),
	(2442,6,2,8,78,'81397','4',NULL),
	(2443,6,2,9,114,'81398',NULL,NULL),
	(2444,6,2,10,121,'81399',NULL,NULL),
	(2445,6,2,11,81,'81399',NULL,NULL),
	(2446,6,2,12,75,'81401',NULL,NULL),
	(2447,6,2,13,61,'81408',NULL,NULL),
	(2448,6,2,14,1,'81408',NULL,NULL),
	(2449,6,2,15,36,'81409',NULL,NULL),
	(2450,6,2,16,51,'81414',NULL,NULL),
	(2451,6,2,17,166,'81423',NULL,NULL),
	(2452,6,2,18,191,'81424',NULL,NULL),
	(2453,6,2,19,32,'81429','-20',NULL),
	(2454,6,2,20,161,'81432',NULL,NULL),
	(2455,6,2,21,91,'81433','10',NULL),
	(2456,6,2,22,2,'81436',NULL,NULL),
	(2457,6,2,23,21,'81451',NULL,NULL),
	(2458,6,2,24,41,'81463',NULL,NULL),
	(2459,6,2,25,141,'81468',NULL,NULL),
	(2460,6,2,26,58,'81474',NULL,NULL),
	(2461,6,2,27,71,'81476',NULL,NULL),
	(2462,6,2,28,16,'81479',NULL,NULL),
	(2463,6,2,29,55,'81488',NULL,NULL),
	(2464,6,2,30,68,'81499',NULL,NULL),
	(2465,6,2,31,111,'81512','32',NULL),
	(2466,6,2,32,158,'81524',NULL,NULL),
	(2467,6,2,33,26,'81546','6',NULL),
	(2468,6,2,34,42,'81562',NULL,NULL),
	(2469,6,2,35,28,'81568',NULL,NULL),
	(2470,6,2,36,134,'81581',NULL,NULL),
	(2471,6,2,37,83,'81583',NULL,NULL),
	(2472,6,2,38,183,'81588','3',NULL),
	(2473,6,2,39,126,'81589',NULL,NULL),
	(2474,6,2,40,207,'81593',NULL,NULL),
	(2475,6,2,41,216,'81602',NULL,NULL),
	(2476,6,2,42,181,'81607','1',NULL),
	(2477,6,2,43,44,'81630',NULL,NULL),
	(2478,6,2,44,132,'81641',NULL,NULL),
	(2479,6,2,45,24,'81646',NULL,NULL),
	(2480,6,2,46,211,'81655',NULL,NULL),
	(2481,6,2,47,34,'81690',NULL,NULL),
	(2482,6,2,48,52,'81696','12',NULL),
	(2483,6,2,49,122,'81705',NULL,NULL),
	(2484,6,2,50,125,'81705',NULL,NULL),
	(2485,6,2,51,67,'81709',NULL,NULL),
	(2486,6,2,52,93,'81718',NULL,NULL),
	(2487,6,2,53,96,'81733',NULL,NULL),
	(2488,6,2,54,116,'81738',NULL,NULL),
	(2489,6,2,55,182,'81741',NULL,NULL),
	(2490,6,2,56,46,'81764',NULL,NULL),
	(2491,6,2,57,152,'81795',NULL,NULL),
	(2492,6,2,58,188,'81815',NULL,NULL),
	(2493,6,2,59,156,'81819',NULL,NULL),
	(2494,6,2,60,113,'81825',NULL,NULL),
	(2495,6,2,61,212,'81825',NULL,NULL),
	(2496,6,2,62,175,'81828',NULL,NULL),
	(2497,6,2,63,214,'81839',NULL,NULL),
	(2498,6,2,64,54,'81851',NULL,NULL),
	(2499,6,2,65,136,'81866',NULL,NULL),
	(2500,6,2,66,192,'81874',NULL,NULL),
	(2501,6,2,67,165,'81880',NULL,NULL),
	(2502,6,2,68,35,'81892',NULL,NULL),
	(2503,6,2,69,85,'81906',NULL,NULL),
	(2504,6,2,70,4,'81927',NULL,NULL),
	(2505,6,2,71,76,'81928',NULL,NULL),
	(2506,6,2,72,27,'81961','1',NULL),
	(2507,6,2,73,115,'81961',NULL,NULL),
	(2508,6,2,74,14,'81971',NULL,NULL),
	(2509,6,2,75,62,'82009','3',NULL),
	(2510,6,2,76,195,'82013',NULL,NULL),
	(2511,6,2,77,18,'82017',NULL,NULL),
	(2512,6,2,78,187,'82025',NULL,NULL),
	(2513,6,2,79,133,'82031',NULL,NULL),
	(2514,6,2,80,198,'82034',NULL,NULL),
	(2515,6,2,81,215,'82050','2',NULL),
	(2516,6,2,82,77,'82058',NULL,NULL),
	(2517,6,2,83,145,'82084',NULL,NULL),
	(2518,6,2,84,57,'82101',NULL,NULL),
	(2519,6,2,85,47,'82105',NULL,NULL),
	(2520,6,2,86,5,'82105',NULL,NULL),
	(2521,6,2,87,178,'82115',NULL,NULL),
	(2522,6,2,88,33,'82123',NULL,NULL),
	(2523,6,2,89,25,'82151',NULL,NULL),
	(2524,6,2,90,204,'82153',NULL,NULL),
	(2525,6,2,91,217,'82157',NULL,NULL),
	(2526,6,2,92,184,'82168','3',NULL),
	(2527,6,2,93,12,'82170',NULL,NULL),
	(2528,6,2,94,147,'82171',NULL,NULL),
	(2529,6,2,95,146,'82192',NULL,NULL),
	(2530,6,2,96,72,'82197',NULL,NULL),
	(2531,6,2,97,92,'82251',NULL,NULL),
	(2532,6,2,98,193,'82279',NULL,NULL),
	(2533,6,2,99,117,'82279',NULL,NULL),
	(2534,6,2,100,56,'82289',NULL,NULL),
	(2535,6,2,101,194,'82291',NULL,NULL),
	(2536,6,2,102,155,'82307',NULL,NULL),
	(2537,6,2,103,118,'82316',NULL,NULL),
	(2538,6,2,104,37,'82319',NULL,NULL),
	(2539,6,2,105,168,'82358',NULL,NULL),
	(2540,6,2,106,43,'82372',NULL,NULL),
	(2541,6,2,107,176,'82387','1',NULL),
	(2542,6,2,108,95,'82400',NULL,NULL),
	(2543,6,2,109,162,'82406',NULL,NULL),
	(2544,6,2,110,48,'82408',NULL,NULL),
	(2545,6,2,111,154,'82451',NULL,NULL),
	(2546,6,2,112,108,'82484',NULL,NULL),
	(2547,6,2,113,38,'82510',NULL,NULL),
	(2548,6,2,114,6,'82554',NULL,NULL),
	(2549,6,2,115,197,'82611',NULL,NULL),
	(2550,6,2,116,174,'82614',NULL,NULL),
	(2551,6,2,117,106,'82647',NULL,NULL),
	(2552,6,2,118,74,'82650',NULL,NULL),
	(2553,6,2,119,63,'82699',NULL,NULL),
	(2554,6,2,120,205,'82704',NULL,NULL),
	(2555,6,2,121,53,'82734',NULL,NULL),
	(2556,6,2,122,22,'82744',NULL,NULL),
	(2557,6,2,123,103,'82753','20',NULL),
	(2558,6,2,124,107,'82773',NULL,NULL),
	(2559,6,2,125,128,'82773',NULL,NULL),
	(2560,6,2,126,138,'82777',NULL,NULL),
	(2561,6,2,127,203,'82804',NULL,NULL),
	(2562,6,2,128,142,'82822',NULL,NULL),
	(2563,6,2,129,7,'82845',NULL,NULL),
	(2564,6,2,130,84,'82861',NULL,NULL),
	(2565,6,2,131,45,'82891',NULL,NULL),
	(2566,6,2,132,66,'82897',NULL,NULL),
	(2567,6,2,133,206,'82909','1',NULL),
	(2568,6,2,134,112,'82912',NULL,NULL),
	(2569,6,2,135,64,'82918',NULL,NULL),
	(2570,6,2,136,65,'82972',NULL,NULL),
	(2571,6,2,137,82,'82994',NULL,NULL),
	(2572,6,2,138,186,'83017',NULL,NULL),
	(2573,6,2,139,123,'83059',NULL,NULL),
	(2574,6,2,140,3,'83065',NULL,NULL),
	(2575,6,2,141,17,'83101',NULL,NULL),
	(2576,6,2,142,202,'83149','3',NULL),
	(2577,6,2,143,124,'83194',NULL,NULL),
	(2578,6,2,144,167,'83217',NULL,NULL),
	(2579,6,2,145,98,'83249',NULL,NULL),
	(2580,6,2,146,218,'83251','2',NULL),
	(2581,6,2,147,157,'83314',NULL,NULL),
	(2582,6,2,148,102,'83342',NULL,NULL),
	(2583,6,2,149,153,'83381',NULL,NULL),
	(2584,6,2,150,213,'83396',NULL,NULL),
	(2585,6,2,151,86,'83402',NULL,NULL),
	(2586,6,2,152,73,'83420',NULL,NULL),
	(2587,6,2,153,97,'83438',NULL,NULL),
	(2588,6,2,154,185,'83442',NULL,NULL),
	(2589,6,2,155,151,'83466','4',NULL),
	(2590,6,2,156,208,'83479',NULL,NULL),
	(2591,6,2,157,201,'83479',NULL,NULL),
	(2592,6,2,158,94,'83520',NULL,NULL),
	(2593,6,2,159,15,'83536',NULL,NULL),
	(2594,6,2,160,171,'83550','4',NULL),
	(2595,6,2,161,131,'83583',NULL,NULL),
	(2596,6,2,162,173,'83600',NULL,NULL),
	(2597,6,2,163,164,'83656',NULL,NULL),
	(2598,6,2,164,135,'83669',NULL,NULL),
	(2599,6,2,165,148,'83724',NULL,NULL),
	(2600,6,2,166,163,'83735',NULL,NULL),
	(2601,6,2,167,177,'83827',NULL,NULL),
	(2602,6,2,168,137,'83891',NULL,NULL),
	(2603,6,2,169,144,'83962','4',NULL),
	(2604,6,2,170,13,'84805',NULL,NULL),
	(2605,6,1,1,91,'15223','10',NULL),
	(2606,6,1,2,26,'15224','6',NULL),
	(2607,6,1,3,78,'15226','4',NULL),
	(2608,6,1,4,101,'15226',NULL,NULL),
	(2609,6,1,5,114,'15226',NULL,NULL),
	(2610,6,1,6,61,'15226',NULL,NULL),
	(2611,6,1,7,191,'15226',NULL,NULL),
	(2612,6,1,8,111,'15226',NULL,NULL),
	(2613,6,1,9,8,'15226','2',NULL),
	(2614,6,1,10,166,'15226',NULL,NULL),
	(2615,6,1,11,81,'15226',NULL,NULL),
	(2616,6,1,12,87,'15226',NULL,NULL),
	(2617,6,1,13,71,'15226',NULL,NULL),
	(2618,6,1,14,51,'15226',NULL,NULL),
	(2619,6,1,15,121,'15226',NULL,NULL),
	(2620,6,1,16,75,'15226',NULL,NULL),
	(2621,6,1,17,88,'15229',NULL,NULL),
	(2622,6,1,18,1,'15231',NULL,NULL),
	(2623,6,1,19,11,'15234',NULL,NULL),
	(2624,6,1,20,41,'15235',NULL,NULL),
	(2625,6,1,21,105,'15235',NULL,NULL),
	(2626,6,1,22,55,'15235',NULL,NULL),
	(2627,6,1,23,141,'15235',NULL,NULL),
	(2628,6,1,24,158,'15235',NULL,NULL),
	(2629,6,1,25,161,'15235',NULL,NULL),
	(2630,6,1,26,2,'15235',NULL,NULL),
	(2631,6,1,27,204,'15235',NULL,NULL),
	(2632,6,1,28,28,'15235',NULL,NULL),
	(2633,6,1,29,136,'15235',NULL,NULL),
	(2634,6,1,30,58,'15235',NULL,NULL),
	(2635,6,1,31,104,'15235',NULL,NULL),
	(2636,6,1,32,178,'15239',NULL,NULL),
	(2637,6,1,33,21,'15254',NULL,NULL),
	(2638,6,1,34,83,'15254',NULL,NULL),
	(2639,6,1,35,16,'15254',NULL,NULL),
	(2640,6,1,36,211,'15254',NULL,NULL),
	(2641,6,1,37,216,'15264',NULL,NULL),
	(2642,6,1,38,134,'15266',NULL,NULL),
	(2643,6,1,39,152,'15266',NULL,NULL),
	(2644,6,1,40,42,'15266',NULL,NULL),
	(2645,6,1,41,125,'15268',NULL,NULL),
	(2646,6,1,42,207,'15268',NULL,NULL),
	(2647,6,1,43,188,'15268',NULL,NULL),
	(2648,6,1,44,68,'15268',NULL,NULL),
	(2649,6,1,45,36,'15276',NULL,NULL),
	(2650,6,1,46,32,'15276','-20',NULL),
	(2651,6,1,47,183,'15281',NULL,NULL),
	(2652,6,1,48,214,'15281',NULL,NULL),
	(2653,6,1,49,43,'15287',NULL,NULL),
	(2654,6,1,50,181,'15288',NULL,NULL),
	(2655,6,1,51,67,'15299',NULL,NULL),
	(2656,6,1,52,195,'15299',NULL,NULL),
	(2657,6,1,53,155,'15306',NULL,NULL),
	(2658,6,1,54,122,'15306',NULL,NULL),
	(2659,6,1,55,192,'15306',NULL,NULL),
	(2660,6,1,56,206,'15306',NULL,NULL),
	(2661,6,1,57,162,'15341',NULL,NULL),
	(2662,6,1,58,52,'15343',NULL,NULL),
	(2663,6,1,59,54,'15343',NULL,NULL),
	(2664,6,1,60,77,'15343',NULL,NULL),
	(2665,6,1,61,126,'15357',NULL,NULL),
	(2666,6,1,62,175,'15357',NULL,NULL),
	(2667,6,1,63,76,'15360',NULL,NULL),
	(2668,6,1,64,132,'15360',NULL,NULL),
	(2669,6,1,65,44,'15360',NULL,NULL),
	(2670,6,1,66,46,'15360',NULL,NULL),
	(2671,6,1,67,154,'15360',NULL,NULL),
	(2672,6,1,68,145,'15360',NULL,NULL),
	(2673,6,1,69,6,'15360',NULL,NULL),
	(2674,6,1,70,57,'15360',NULL,NULL),
	(2675,6,1,71,72,'15360',NULL,NULL),
	(2676,6,1,72,96,'15360',NULL,NULL),
	(2677,6,1,73,93,'15360',NULL,NULL),
	(2678,6,1,74,85,'15360',NULL,NULL),
	(2679,6,1,75,12,'15360',NULL,NULL),
	(2680,6,1,76,14,'15360',NULL,NULL),
	(2681,6,1,77,24,'15360',NULL,NULL),
	(2682,6,1,78,184,'15372',NULL,NULL),
	(2683,6,1,79,27,'15372',NULL,NULL),
	(2684,6,1,80,138,'15410',NULL,NULL),
	(2685,6,1,81,212,'15410',NULL,NULL),
	(2686,6,1,82,33,'15410',NULL,NULL),
	(2687,6,1,83,215,'15410',NULL,NULL),
	(2688,6,1,84,113,'15412',NULL,NULL),
	(2689,6,1,85,35,'15412',NULL,NULL),
	(2690,6,1,86,117,'15430',NULL,NULL),
	(2691,6,1,87,182,'15431',NULL,NULL),
	(2692,6,1,88,116,'15431',NULL,NULL),
	(2693,6,1,89,187,'15441',NULL,NULL),
	(2694,6,1,90,34,'15447',NULL,NULL),
	(2695,6,1,91,37,'15447',NULL,NULL),
	(2696,6,1,92,48,'15462',NULL,NULL),
	(2697,6,1,93,133,'15462',NULL,NULL),
	(2698,6,1,94,45,'15476',NULL,NULL),
	(2699,6,1,95,165,'15497',NULL,NULL),
	(2700,6,1,96,197,'15497',NULL,NULL),
	(2701,6,1,97,63,'15497',NULL,NULL),
	(2702,6,1,98,4,'15522',NULL,NULL),
	(2703,6,1,99,176,'15522','1',NULL),
	(2704,6,1,100,22,'15561',NULL,NULL),
	(2705,6,1,101,115,'15564',NULL,NULL),
	(2706,6,1,102,38,'15564',NULL,NULL),
	(2707,6,1,103,53,'15568',NULL,NULL),
	(2708,6,1,104,142,'15568',NULL,NULL),
	(2709,6,1,105,147,'15568',NULL,NULL),
	(2710,6,1,106,62,'15569','3',NULL),
	(2711,6,1,107,18,'15569',NULL,NULL),
	(2712,6,1,108,146,'15569',NULL,NULL),
	(2713,6,1,109,156,'15578',NULL,NULL),
	(2714,6,1,110,25,'15594',NULL,NULL),
	(2715,6,1,111,5,'15601',NULL,NULL),
	(2716,6,1,112,118,'15611',NULL,NULL),
	(2717,6,1,113,203,'15626',NULL,NULL),
	(2718,6,1,114,108,'15661',NULL,NULL),
	(2719,6,1,115,3,'15673',NULL,NULL),
	(2720,6,1,116,84,'15688',NULL,NULL),
	(2721,6,1,117,56,'15728',NULL,NULL),
	(2722,6,1,118,74,'15728',NULL,NULL),
	(2723,6,1,119,17,'15728',NULL,NULL),
	(2724,6,1,120,167,'15728',NULL,NULL),
	(2725,6,1,121,186,'15769',NULL,NULL),
	(2726,6,1,122,174,'15798',NULL,NULL),
	(2727,6,1,123,218,'15800',NULL,NULL),
	(2728,6,1,124,157,'15800',NULL,NULL),
	(2729,6,1,125,202,'15800',NULL,NULL),
	(2730,6,1,126,47,'15802',NULL,NULL),
	(2731,6,1,127,193,'15836',NULL,NULL),
	(2732,6,1,128,194,'15836',NULL,NULL),
	(2733,6,1,129,64,'15836',NULL,NULL),
	(2734,6,1,130,198,'15836',NULL,NULL),
	(2735,6,1,131,217,'15874',NULL,NULL),
	(2736,6,1,132,7,'15897',NULL,NULL),
	(2737,6,1,133,137,'15897',NULL,NULL),
	(2738,6,1,134,92,'15897',NULL,NULL),
	(2739,6,1,135,205,'15897',NULL,NULL),
	(2740,6,1,136,66,'15915',NULL,NULL),
	(2741,6,1,137,208,'15928',NULL,NULL),
	(2742,6,1,138,201,'15928',NULL,NULL),
	(2743,6,1,139,73,'15928',NULL,NULL),
	(2744,6,1,140,112,'15928',NULL,NULL),
	(2745,6,1,141,97,'16093',NULL,NULL),
	(2746,6,1,142,128,'16093',NULL,NULL),
	(2747,6,1,143,213,'16093',NULL,NULL),
	(2748,6,1,144,173,'16093',NULL,NULL),
	(2749,6,1,145,177,'16093',NULL,NULL),
	(2750,6,1,146,65,'16093',NULL,NULL),
	(2751,6,1,147,86,'16093',NULL,NULL),
	(2752,6,1,148,95,'16093',NULL,NULL),
	(2753,6,1,149,102,'16093',NULL,NULL),
	(2754,6,1,150,106,'16093',NULL,NULL),
	(2755,6,1,151,131,'16093',NULL,NULL),
	(2756,6,1,152,144,'16093',NULL,NULL),
	(2757,6,1,153,148,'16093',NULL,NULL),
	(2758,6,1,154,98,'16093',NULL,NULL),
	(2759,6,1,155,107,'16093',NULL,NULL),
	(2760,6,1,156,163,'16093',NULL,NULL),
	(2761,6,1,157,171,'16093',NULL,NULL),
	(2762,6,1,158,135,'16093',NULL,NULL),
	(2763,6,1,159,82,'16093',NULL,NULL),
	(2764,6,1,160,123,'16093',NULL,NULL),
	(2765,6,1,161,103,'16093',NULL,NULL),
	(2766,6,1,162,15,'16093',NULL,NULL),
	(2767,6,1,163,168,'16093',NULL,NULL),
	(2768,6,1,164,124,'16093',NULL,NULL),
	(2769,6,1,165,151,'16093',NULL,NULL),
	(2770,6,1,166,164,'16093',NULL,NULL),
	(2771,6,1,167,153,'16093',NULL,NULL),
	(2772,6,1,168,13,'16093',NULL,NULL),
	(2773,6,1,169,94,'16093',NULL,NULL),
	(2774,6,1,170,185,'16093',NULL,NULL),
	(2775,7,2,1,87,'101965','5',NULL),
	(2776,7,2,2,8,'101971','3',NULL),
	(2777,7,2,3,88,'101973',NULL,NULL),
	(2778,7,2,4,101,'101974','3',NULL),
	(2779,7,2,5,104,'101980','6',NULL),
	(2780,7,2,6,105,'101986',NULL,NULL),
	(2781,7,2,7,11,'102013',NULL,NULL),
	(2782,7,2,8,78,'102019','4',NULL),
	(2783,7,2,9,114,'102020',NULL,NULL),
	(2784,7,2,10,121,'102021',NULL,NULL),
	(2785,7,2,11,81,'102021',NULL,NULL),
	(2786,7,2,12,75,'102023',NULL,NULL),
	(2787,7,2,13,61,'102030',NULL,NULL),
	(2788,7,2,14,1,'102030',NULL,NULL),
	(2789,7,2,15,36,'102031',NULL,NULL),
	(2790,7,2,16,51,'102036',NULL,NULL),
	(2791,7,2,17,166,'102045',NULL,NULL),
	(2792,7,2,18,191,'102046',NULL,NULL),
	(2793,7,2,19,32,'102051','-20',NULL),
	(2794,7,2,20,161,'102054',NULL,NULL),
	(2795,7,2,21,91,'102055','10',NULL),
	(2796,7,2,22,2,'102058',NULL,NULL),
	(2797,7,2,23,21,'102073',NULL,NULL),
	(2798,7,2,24,41,'102085',NULL,NULL),
	(2799,7,2,25,141,'102090',NULL,NULL),
	(2800,7,2,26,58,'102096',NULL,NULL),
	(2801,7,2,27,71,'102098',NULL,NULL),
	(2802,7,2,28,16,'102101',NULL,NULL),
	(2803,7,2,29,55,'102110',NULL,NULL),
	(2804,7,2,30,68,'102121',NULL,NULL),
	(2805,7,2,31,111,'102130','36',NULL),
	(2806,7,2,32,158,'102146',NULL,NULL),
	(2807,7,2,33,26,'102168','6',NULL),
	(2808,7,2,34,42,'102184',NULL,NULL),
	(2809,7,2,35,28,'102190',NULL,NULL),
	(2810,7,2,36,134,'102203',NULL,NULL),
	(2811,7,2,37,83,'102205',NULL,NULL),
	(2812,7,2,38,183,'102210','3',NULL),
	(2813,7,2,39,126,'102211',NULL,NULL),
	(2814,7,2,40,207,'102215',NULL,NULL),
	(2815,7,2,41,216,'102224',NULL,NULL),
	(2816,7,2,42,181,'102229','1',NULL),
	(2817,7,2,43,44,'102252',NULL,NULL),
	(2818,7,2,44,132,'102263',NULL,NULL),
	(2819,7,2,45,24,'102268',NULL,NULL),
	(2820,7,2,46,211,'102277',NULL,NULL),
	(2821,7,2,47,52,'102318','12',NULL),
	(2822,7,2,48,125,'102327',NULL,NULL),
	(2823,7,2,49,67,'102331',NULL,NULL),
	(2824,7,2,50,93,'102340',NULL,NULL),
	(2825,7,2,51,96,'102355',NULL,NULL),
	(2826,7,2,52,116,'102360',NULL,NULL),
	(2827,7,2,53,182,'102363',NULL,NULL),
	(2828,7,2,54,34,'102383',NULL,NULL),
	(2829,7,2,55,46,'102386',NULL,NULL),
	(2830,7,2,56,152,'102417',NULL,NULL),
	(2831,7,2,57,188,'102437',NULL,NULL),
	(2832,7,2,58,156,'102441',NULL,NULL),
	(2833,7,2,59,113,'102446','1',NULL),
	(2834,7,2,60,212,'102447',NULL,NULL),
	(2835,7,2,61,175,'102450',NULL,NULL),
	(2836,7,2,62,214,'102461',NULL,NULL),
	(2837,7,2,63,122,'102468',NULL,NULL),
	(2838,7,2,64,54,'102473',NULL,NULL),
	(2839,7,2,65,76,'102550',NULL,NULL),
	(2840,7,2,66,136,'102559',NULL,NULL),
	(2841,7,2,67,27,'102583','1',NULL),
	(2842,7,2,68,14,'102593',NULL,NULL),
	(2843,7,2,69,192,'102616',NULL,NULL),
	(2844,7,2,70,85,'102622','2',NULL),
	(2845,7,2,71,62,'102631','3',NULL),
	(2846,7,2,72,195,'102635',NULL,NULL),
	(2847,7,2,73,165,'102643',NULL,NULL),
	(2848,7,2,74,187,'102647',NULL,NULL),
	(2849,7,2,75,35,'102655',NULL,NULL),
	(2850,7,2,76,198,'102656',NULL,NULL),
	(2851,7,2,77,115,'102687',NULL,NULL),
	(2852,7,2,78,4,'102690',NULL,NULL),
	(2853,7,2,79,145,'102706',NULL,NULL),
	(2854,7,2,80,215,'102743','2',NULL),
	(2855,7,2,81,33,'102745',NULL,NULL),
	(2856,7,2,82,133,'102753',NULL,NULL),
	(2857,7,2,83,77,'102765',NULL,NULL),
	(2858,7,2,84,5,'102769',NULL,NULL),
	(2859,7,2,85,25,'102773',NULL,NULL),
	(2860,7,2,86,18,'102780',NULL,NULL),
	(2861,7,2,87,12,'102792',NULL,NULL),
	(2862,7,2,88,147,'102793',NULL,NULL),
	(2863,7,2,89,146,'102814',NULL,NULL),
	(2864,7,2,90,72,'102819',NULL,NULL),
	(2865,7,2,91,217,'102821',NULL,NULL),
	(2866,7,2,92,57,'102864',NULL,NULL),
	(2867,7,2,93,47,'102868',NULL,NULL),
	(2868,7,2,94,92,'102873',NULL,NULL),
	(2869,7,2,95,178,'102878',NULL,NULL),
	(2870,7,2,96,193,'102901',NULL,NULL),
	(2871,7,2,97,194,'102913',NULL,NULL),
	(2872,7,2,98,204,'102916',NULL,NULL),
	(2873,7,2,99,155,'102929',NULL,NULL),
	(2874,7,2,100,184,'102931','3',NULL),
	(2875,7,2,101,37,'102941',NULL,NULL),
	(2876,7,2,102,56,'102982',NULL,NULL),
	(2877,7,2,103,95,'103022',NULL,NULL),
	(2878,7,2,104,48,'103030',NULL,NULL),
	(2879,7,2,105,117,'103042',NULL,NULL),
	(2880,7,2,106,118,'103077',NULL,NULL),
	(2881,7,2,107,168,'103121',NULL,NULL),
	(2882,7,2,108,38,'103132',NULL,NULL),
	(2883,7,2,109,43,'103135',NULL,NULL),
	(2884,7,2,110,176,'103150','1',NULL),
	(2885,7,2,111,108,'103155',NULL,NULL),
	(2886,7,2,112,162,'103169',NULL,NULL),
	(2887,7,2,113,106,'103269',NULL,NULL),
	(2888,7,2,114,74,'103272',NULL,NULL),
	(2889,7,2,115,6,'103317',NULL,NULL),
	(2890,7,2,116,63,'103321',NULL,NULL),
	(2891,7,2,117,154,'103329',NULL,NULL),
	(2892,7,2,118,197,'103353',NULL,NULL),
	(2893,7,2,119,53,'103356',NULL,NULL),
	(2894,7,2,120,22,'103366',NULL,NULL),
	(2895,7,2,121,103,'103369','26',NULL),
	(2896,7,2,122,174,'103377',NULL,NULL),
	(2897,7,2,123,107,'103395',NULL,NULL),
	(2898,7,2,124,128,'103395',NULL,NULL),
	(2899,7,2,125,203,'103426',NULL,NULL),
	(2900,7,2,126,205,'103467',NULL,NULL),
	(2901,7,2,127,84,'103483',NULL,NULL),
	(2902,7,2,128,45,'103513',NULL,NULL),
	(2903,7,2,129,64,'103540',NULL,NULL),
	(2904,7,2,130,138,'103540',NULL,NULL),
	(2905,7,2,131,142,'103585',NULL,NULL),
	(2906,7,2,132,65,'103594',NULL,NULL),
	(2907,7,2,133,7,'103608',NULL,NULL),
	(2908,7,2,134,82,'103616',NULL,NULL),
	(2909,7,2,135,112,'103621',NULL,NULL),
	(2910,7,2,136,66,'103660',NULL,NULL),
	(2911,7,2,137,206,'103672','1',NULL),
	(2912,7,2,138,123,'103681',NULL,NULL),
	(2913,7,2,139,3,'103687',NULL,NULL),
	(2914,7,2,140,186,'103739',NULL,NULL),
	(2915,7,2,141,17,'103794',NULL,NULL),
	(2916,7,2,142,167,'103839',NULL,NULL),
	(2917,7,2,143,98,'103871',NULL,NULL),
	(2918,7,2,144,218,'103873','2',NULL),
	(2919,7,2,145,202,'103912','3',NULL),
	(2920,7,2,146,124,'103957',NULL,NULL),
	(2921,7,2,147,157,'103976',NULL,NULL),
	(2922,7,2,148,153,'104003',NULL,NULL),
	(2923,7,2,149,213,'104018',NULL,NULL),
	(2924,7,2,150,86,'104024',NULL,NULL),
	(2925,7,2,151,73,'104042',NULL,NULL),
	(2926,7,2,152,151,'104088','4',NULL),
	(2927,7,2,153,201,'104101',NULL,NULL),
	(2928,7,2,154,102,'104105',NULL,NULL),
	(2929,7,2,155,94,'104142',NULL,NULL),
	(2930,7,2,156,208,'104167',NULL,NULL),
	(2931,7,2,157,171,'104172','4',NULL),
	(2932,7,2,158,97,'104201',NULL,NULL),
	(2933,7,2,159,131,'104205',NULL,NULL),
	(2934,7,2,160,185,'104205',NULL,NULL),
	(2935,7,2,161,173,'104222',NULL,NULL),
	(2936,7,2,162,15,'104245',NULL,NULL),
	(2937,7,2,163,148,'104346',NULL,NULL),
	(2938,7,2,164,163,'104347','10',NULL),
	(2939,7,2,165,164,'104374',NULL,NULL),
	(2940,7,2,166,135,'104378',NULL,NULL),
	(2941,7,2,167,177,'104449',NULL,NULL),
	(2942,7,2,168,137,'104513',NULL,NULL),
	(2943,7,2,169,144,'104584','4',NULL),
	(2944,7,2,170,13,'105568',NULL,NULL),
	(2945,7,1,1,163,'20622','10',NULL),
	(2946,7,1,2,103,'20622','6',NULL),
	(2947,7,1,3,111,'20622','4',NULL),
	(2948,7,1,4,151,'20622',NULL,NULL),
	(2949,7,1,5,201,'20622',NULL,NULL),
	(2950,7,1,6,194,'20622',NULL,NULL),
	(2951,7,1,7,67,'20622',NULL,NULL),
	(2952,7,1,8,171,'20622',NULL,NULL),
	(2953,7,1,9,216,'20622',NULL,NULL),
	(2954,7,1,10,131,'20622',NULL,NULL),
	(2955,7,1,11,148,'20622',NULL,NULL),
	(2956,7,1,12,52,'20622',NULL,NULL),
	(2957,7,1,13,95,'20622',NULL,NULL),
	(2958,7,1,14,182,'20622',NULL,NULL),
	(2959,7,1,15,213,'20622',NULL,NULL),
	(2960,7,1,16,87,'20622','3',NULL),
	(2961,7,1,17,51,'20622',NULL,NULL),
	(2962,7,1,18,33,'20622',NULL,NULL),
	(2963,7,1,19,78,'20622',NULL,NULL),
	(2964,7,1,20,36,'20622',NULL,NULL),
	(2965,7,1,21,114,'20622',NULL,NULL),
	(2966,7,1,22,123,'20622',NULL,NULL),
	(2967,7,1,23,54,'20622',NULL,NULL),
	(2968,7,1,24,8,'20622',NULL,NULL),
	(2969,7,1,25,1,'20622',NULL,NULL),
	(2970,7,1,26,116,'20622',NULL,NULL),
	(2971,7,1,27,141,'20622',NULL,NULL),
	(2972,7,1,28,12,'20622',NULL,NULL),
	(2973,7,1,29,71,'20622',NULL,NULL),
	(2974,7,1,30,65,'20622',NULL,NULL),
	(2975,7,1,31,32,'20622',NULL,NULL),
	(2976,7,1,32,105,'20622',NULL,NULL),
	(2977,7,1,33,61,'20622',NULL,NULL),
	(2978,7,1,34,218,'20622',NULL,NULL),
	(2979,7,1,35,88,'20622',NULL,NULL),
	(2980,7,1,36,64,'20622',NULL,NULL),
	(2981,7,1,37,121,'20622',NULL,NULL),
	(2982,7,1,38,38,'20622',NULL,NULL),
	(2983,7,1,39,26,'20622',NULL,NULL),
	(2984,7,1,40,81,'20622',NULL,NULL),
	(2985,7,1,41,86,'20622',NULL,NULL),
	(2986,7,1,42,211,'20622',NULL,NULL),
	(2987,7,1,43,73,'20622',NULL,NULL),
	(2988,7,1,44,62,'20622',NULL,NULL),
	(2989,7,1,45,2,'20622',NULL,NULL),
	(2990,7,1,46,161,'20622',NULL,NULL),
	(2991,7,1,47,128,'20622',NULL,NULL),
	(2992,7,1,48,104,'20622',NULL,NULL),
	(2993,7,1,49,21,'20622',NULL,NULL),
	(2994,7,1,50,55,'20622',NULL,NULL),
	(2995,7,1,51,27,'20622',NULL,NULL),
	(2996,7,1,52,107,'20622',NULL,NULL),
	(2997,7,1,53,91,'20622',NULL,NULL),
	(2998,7,1,54,166,'20622',NULL,NULL),
	(2999,7,1,55,11,'20622',NULL,NULL),
	(3000,7,1,56,76,'20622',NULL,NULL),
	(3001,7,1,57,158,'20622',NULL,NULL),
	(3002,7,1,58,48,'20622',NULL,NULL),
	(3003,7,1,59,207,'20622',NULL,NULL),
	(3004,7,1,60,75,'20622',NULL,NULL),
	(3005,7,1,61,42,'20622',NULL,NULL),
	(3006,7,1,62,198,'20622',NULL,NULL),
	(3007,7,1,63,191,'20622',NULL,NULL),
	(3008,7,1,64,28,'20622',NULL,NULL),
	(3009,7,1,65,22,'20622',NULL,NULL),
	(3010,7,1,66,41,'20622',NULL,NULL),
	(3011,7,1,67,82,'20622',NULL,NULL),
	(3012,7,1,68,16,'20622',NULL,NULL),
	(3013,7,1,69,45,'20622',NULL,NULL),
	(3014,7,1,70,214,'20622',NULL,NULL),
	(3015,7,1,71,152,'20622',NULL,NULL),
	(3016,7,1,72,156,'20622',NULL,NULL),
	(3017,7,1,73,134,'20622',NULL,NULL),
	(3018,7,1,74,83,'20622',NULL,NULL),
	(3019,7,1,75,193,'20622',NULL,NULL),
	(3020,7,1,76,155,'20622',NULL,NULL),
	(3021,7,1,77,146,'20622',NULL,NULL),
	(3022,7,1,78,125,'20622',NULL,NULL),
	(3023,7,1,79,183,'20622',NULL,NULL),
	(3024,7,1,80,147,'20622',NULL,NULL),
	(3025,7,1,81,101,'20622',NULL,NULL),
	(3026,7,1,82,74,'20622',NULL,NULL),
	(3027,7,1,83,212,'20622',NULL,NULL),
	(3028,7,1,84,58,'20622',NULL,NULL),
	(3029,7,1,85,188,'20622',NULL,NULL),
	(3030,7,1,86,195,'20622',NULL,NULL),
	(3031,7,1,87,84,'20622',NULL,NULL),
	(3032,7,1,88,25,'20622',NULL,NULL),
	(3033,7,1,89,37,'20622',NULL,NULL),
	(3034,7,1,90,93,'20622',NULL,NULL),
	(3035,7,1,91,68,'20622',NULL,NULL),
	(3036,7,1,92,181,'20622',NULL,NULL),
	(3037,7,1,93,72,'20622',NULL,NULL),
	(3038,7,1,94,46,'20622',NULL,NULL),
	(3039,7,1,95,24,'20622',NULL,NULL),
	(3040,7,1,96,126,'20622',NULL,NULL),
	(3041,7,1,97,145,'20622',NULL,NULL),
	(3042,7,1,98,132,'20622',NULL,NULL),
	(3043,7,1,99,113,'20622','1',NULL),
	(3044,7,1,100,177,'20622',NULL,NULL),
	(3045,7,1,101,167,'20622',NULL,NULL),
	(3046,7,1,102,106,'20622',NULL,NULL),
	(3047,7,1,103,187,'20622',NULL,NULL),
	(3048,7,1,104,53,'20622',NULL,NULL),
	(3049,7,1,105,203,'20622',NULL,NULL),
	(3050,7,1,106,92,'20622',NULL,NULL),
	(3051,7,1,107,14,'20622',NULL,NULL),
	(3052,7,1,108,44,'20622',NULL,NULL),
	(3053,7,1,109,175,'20622',NULL,NULL),
	(3054,7,1,110,153,'20622',NULL,NULL),
	(3055,7,1,111,137,'20622',NULL,NULL),
	(3056,7,1,112,63,'20622',NULL,NULL),
	(3057,7,1,113,96,'20622',NULL,NULL),
	(3058,7,1,114,98,'20622',NULL,NULL),
	(3059,7,1,115,94,'20622',NULL,NULL),
	(3060,7,1,116,173,'20622',NULL,NULL),
	(3061,7,1,117,3,'20622',NULL,NULL),
	(3062,7,1,118,144,'20622',NULL,NULL),
	(3063,7,1,119,157,'20662',NULL,NULL),
	(3064,7,1,120,5,'20664',NULL,NULL),
	(3065,7,1,121,217,'20664',NULL,NULL),
	(3066,7,1,122,108,'20671',NULL,NULL),
	(3067,7,1,123,208,'20688',NULL,NULL),
	(3068,7,1,124,136,'20693',NULL,NULL),
	(3069,7,1,125,215,'20693',NULL,NULL),
	(3070,7,1,126,56,'20693',NULL,NULL),
	(3071,7,1,127,17,'20693',NULL,NULL),
	(3072,7,1,128,34,'20693',NULL,NULL),
	(3073,7,1,129,77,'20707',NULL,NULL),
	(3074,7,1,130,15,'20709',NULL,NULL),
	(3075,7,1,131,112,'20709',NULL,NULL),
	(3076,7,1,132,135,'20709',NULL,NULL),
	(3077,7,1,133,164,'20718',NULL,NULL),
	(3078,7,1,134,85,'20718','2',NULL),
	(3079,7,1,135,133,'20722',NULL,NULL),
	(3080,7,1,136,186,'20722',NULL,NULL),
	(3081,7,1,137,115,'20726',NULL,NULL),
	(3082,7,1,138,197,'20742',NULL,NULL),
	(3083,7,1,139,192,'20742',NULL,NULL),
	(3084,7,1,140,118,'20761',NULL,NULL),
	(3085,7,1,141,174,'20763',NULL,NULL),
	(3086,7,1,142,138,'20763',NULL,NULL),
	(3087,7,1,143,204,'20763',NULL,NULL),
	(3088,7,1,144,206,'20763',NULL,NULL),
	(3089,7,1,145,47,'20763',NULL,NULL),
	(3090,7,1,146,102,'20763',NULL,NULL),
	(3091,7,1,147,205,'20763',NULL,NULL),
	(3092,7,1,148,122,'20763',NULL,NULL),
	(3093,7,1,149,185,'20763',NULL,NULL),
	(3094,7,1,150,162,'20763',NULL,NULL),
	(3095,7,1,151,165,'20763',NULL,NULL),
	(3096,7,1,152,43,'20763',NULL,NULL),
	(3097,7,1,153,168,'20763',NULL,NULL),
	(3098,7,1,154,97,'20763',NULL,NULL),
	(3099,7,1,155,66,'20763',NULL,NULL),
	(3100,7,1,156,124,'20763',NULL,NULL),
	(3101,7,1,157,18,'20763',NULL,NULL),
	(3102,7,1,158,202,'20763',NULL,NULL),
	(3103,7,1,159,176,'20763',NULL,NULL),
	(3104,7,1,160,57,'20763',NULL,NULL),
	(3105,7,1,161,4,'20763',NULL,NULL),
	(3106,7,1,162,7,'20763',NULL,NULL),
	(3107,7,1,163,142,'20763',NULL,NULL),
	(3108,7,1,164,184,'20763',NULL,NULL),
	(3109,7,1,165,6,'20763',NULL,NULL),
	(3110,7,1,166,117,'20763',NULL,NULL),
	(3111,7,1,167,178,'20763',NULL,NULL),
	(3112,7,1,168,35,'20763',NULL,NULL),
	(3113,7,1,169,13,'20763',NULL,NULL),
	(3114,7,1,170,154,'20878',NULL,NULL),
	(3115,8,2,1,87,'117780','6',NULL),
	(3116,8,2,2,8,'117787','3',NULL),
	(3117,8,2,3,88,'117789',NULL,NULL),
	(3118,8,2,4,104,'117796','6',NULL),
	(3119,8,2,5,105,'117802',NULL,NULL),
	(3120,8,2,6,11,'117829',NULL,NULL),
	(3121,8,2,7,78,'117835','4',NULL),
	(3122,8,2,8,114,'117836',NULL,NULL),
	(3123,8,2,9,121,'117837',NULL,NULL),
	(3124,8,2,10,81,'117837',NULL,NULL),
	(3125,8,2,11,75,'117839',NULL,NULL),
	(3126,8,2,12,1,'117846',NULL,NULL),
	(3127,8,2,13,61,'117846',NULL,NULL),
	(3128,8,2,14,36,'117847',NULL,NULL),
	(3129,8,2,15,51,'117852',NULL,NULL),
	(3130,8,2,16,166,'117861',NULL,NULL),
	(3131,8,2,17,191,'117862',NULL,NULL),
	(3132,8,2,18,101,'117866','3',NULL),
	(3133,8,2,19,32,'117867','-20',NULL),
	(3134,8,2,20,161,'117870',NULL,NULL),
	(3135,8,2,21,2,'117874',NULL,NULL),
	(3136,8,2,22,21,'117889',NULL,NULL),
	(3137,8,2,23,41,'117901',NULL,NULL),
	(3138,8,2,24,141,'117906',NULL,NULL),
	(3139,8,2,25,58,'117912',NULL,NULL),
	(3140,8,2,26,71,'117914',NULL,NULL),
	(3141,8,2,27,16,'117917',NULL,NULL),
	(3142,8,2,28,55,'117926',NULL,NULL),
	(3143,8,2,29,68,'117937',NULL,NULL),
	(3144,8,2,30,111,'117940','42',NULL),
	(3145,8,2,31,91,'117947','10',NULL),
	(3146,8,2,32,158,'117962',NULL,NULL),
	(3147,8,2,33,26,'117984','6',NULL),
	(3148,8,2,34,28,'118006',NULL,NULL),
	(3149,8,2,35,83,'118021',NULL,NULL),
	(3150,8,2,36,183,'118026','3',NULL),
	(3151,8,2,37,126,'118027',NULL,NULL),
	(3152,8,2,38,207,'118031',NULL,NULL),
	(3153,8,2,39,216,'118040',NULL,NULL),
	(3154,8,2,40,181,'118045','1',NULL),
	(3155,8,2,41,134,'118045',NULL,NULL),
	(3156,8,2,42,42,'118076',NULL,NULL),
	(3157,8,2,43,24,'118084',NULL,NULL),
	(3158,8,2,44,211,'118093',NULL,NULL),
	(3159,8,2,45,132,'118109',NULL,NULL),
	(3160,8,2,46,52,'118134','12',NULL),
	(3161,8,2,47,125,'118143',NULL,NULL),
	(3162,8,2,48,67,'118147',NULL,NULL),
	(3163,8,2,49,116,'118176',NULL,NULL),
	(3164,8,2,50,182,'118179',NULL,NULL),
	(3165,8,2,51,46,'118202',NULL,NULL),
	(3166,8,2,52,93,'118232',NULL,NULL),
	(3167,8,2,53,188,'118253',NULL,NULL),
	(3168,8,2,54,156,'118257',NULL,NULL),
	(3169,8,2,55,34,'118258',NULL,NULL),
	(3170,8,2,56,113,'118262','1',NULL),
	(3171,8,2,57,212,'118263',NULL,NULL),
	(3172,8,2,58,54,'118289',NULL,NULL),
	(3173,8,2,59,44,'118290',NULL,NULL),
	(3174,8,2,60,152,'118309',NULL,NULL),
	(3175,8,2,61,175,'118360',NULL,NULL),
	(3176,8,2,62,214,'118385','3',NULL),
	(3177,8,2,63,96,'118393',NULL,NULL),
	(3178,8,2,64,27,'118399','1',NULL),
	(3179,8,2,65,14,'118409',NULL,NULL),
	(3180,8,2,66,62,'118447','3',NULL),
	(3181,8,2,67,136,'118449',NULL,NULL),
	(3182,8,2,68,192,'118462',NULL,NULL),
	(3183,8,2,69,187,'118463',NULL,NULL),
	(3184,8,2,70,198,'118472',NULL,NULL),
	(3185,8,2,71,85,'118488','2',NULL),
	(3186,8,2,72,165,'118501',NULL,NULL),
	(3187,8,2,73,115,'118503',NULL,NULL),
	(3188,8,2,74,35,'118554',NULL,NULL),
	(3189,8,2,75,33,'118561',NULL,NULL),
	(3190,8,2,76,215,'118584','2',NULL),
	(3191,8,2,77,122,'118586',NULL,NULL),
	(3192,8,2,78,76,'118588',NULL,NULL),
	(3193,8,2,79,25,'118589',NULL,NULL),
	(3194,8,2,80,147,'118609',NULL,NULL),
	(3195,8,2,81,77,'118623',NULL,NULL),
	(3196,8,2,82,4,'118626',NULL,NULL),
	(3197,8,2,83,133,'118632',NULL,NULL),
	(3198,8,2,84,72,'118635',NULL,NULL),
	(3199,8,2,85,217,'118637',NULL,NULL),
	(3200,8,2,86,47,'118684',NULL,NULL),
	(3201,8,2,87,193,'118717',NULL,NULL),
	(3202,8,2,88,194,'118725','4',NULL),
	(3203,8,2,89,5,'118733',NULL,NULL),
	(3204,8,2,90,195,'118749',NULL,NULL),
	(3205,8,2,91,37,'118757',NULL,NULL),
	(3206,8,2,92,92,'118765',NULL,NULL),
	(3207,8,2,93,155,'118771',NULL,NULL),
	(3208,8,2,94,56,'118798',NULL,NULL),
	(3209,8,2,95,18,'118815',NULL,NULL),
	(3210,8,2,96,145,'118820',NULL,NULL),
	(3211,8,2,97,95,'118838',NULL,NULL),
	(3212,8,2,98,184,'118841','3',NULL),
	(3213,8,2,99,48,'118846',NULL,NULL),
	(3214,8,2,100,57,'118902',NULL,NULL),
	(3215,8,2,101,118,'118938',NULL,NULL),
	(3216,8,2,102,38,'118948',NULL,NULL),
	(3217,8,2,103,204,'118954',NULL,NULL),
	(3218,8,2,104,108,'118971',NULL,NULL),
	(3219,8,2,105,178,'118996',NULL,NULL),
	(3220,8,2,106,162,'119015',NULL,NULL),
	(3221,8,2,107,176,'119030','1',NULL),
	(3222,8,2,108,43,'119062',NULL,NULL),
	(3223,8,2,109,106,'119085',NULL,NULL),
	(3224,8,2,110,74,'119088',NULL,NULL),
	(3225,8,2,111,117,'119160',NULL,NULL),
	(3226,8,2,112,53,'119172',NULL,NULL),
	(3227,8,2,113,22,'119182',NULL,NULL),
	(3228,8,2,114,103,'119185','26',NULL),
	(3229,8,2,115,107,'119211',NULL,NULL),
	(3230,8,2,116,128,'119211',NULL,NULL),
	(3231,8,2,117,63,'119227',NULL,NULL),
	(3232,8,2,118,168,'119235',NULL,NULL),
	(3233,8,2,119,154,'119235',NULL,NULL),
	(3234,8,2,120,174,'119257',NULL,NULL),
	(3235,8,2,121,12,'119273',NULL,NULL),
	(3236,8,2,122,146,'119295',NULL,NULL),
	(3237,8,2,123,84,'119299',NULL,NULL),
	(3238,8,2,124,45,'119329',NULL,NULL),
	(3239,8,2,125,64,'119356',NULL,NULL),
	(3240,8,2,126,138,'119420',NULL,NULL),
	(3241,8,2,127,82,'119432',NULL,NULL),
	(3242,8,2,128,6,'119435',NULL,NULL),
	(3243,8,2,129,65,'119460',NULL,NULL),
	(3244,8,2,130,203,'119464',NULL,NULL),
	(3245,8,2,131,197,'119467',NULL,NULL),
	(3246,8,2,132,123,'119497',NULL,NULL),
	(3247,8,2,133,205,'119505',NULL,NULL),
	(3248,8,2,134,7,'119544',NULL,NULL),
	(3249,8,2,135,112,'119557',NULL,NULL),
	(3250,8,2,136,142,'119623',NULL,NULL),
	(3251,8,2,137,17,'119721',NULL,NULL),
	(3252,8,2,138,3,'119725',NULL,NULL),
	(3253,8,2,139,202,'119758','3',NULL),
	(3254,8,2,140,218,'119765','2',NULL),
	(3255,8,2,141,66,'119774',NULL,NULL),
	(3256,8,2,142,186,'119775','2',NULL),
	(3257,8,2,143,206,'119786','1',NULL),
	(3258,8,2,144,157,'119792',NULL,NULL),
	(3259,8,2,145,153,'119819',NULL,NULL),
	(3260,8,2,146,124,'119823',NULL,NULL),
	(3261,8,2,147,213,'119834',NULL,NULL),
	(3262,8,2,148,73,'119858',NULL,NULL),
	(3263,8,2,149,151,'119904','4',NULL),
	(3264,8,2,150,86,'119904',NULL,NULL),
	(3265,8,2,151,98,'119909',NULL,NULL),
	(3266,8,2,152,167,'119953',NULL,NULL),
	(3267,8,2,153,171,'119988','4',NULL),
	(3268,8,2,154,131,'120021',NULL,NULL),
	(3269,8,2,155,102,'120032',NULL,NULL),
	(3270,8,2,156,201,'120037',NULL,NULL),
	(3271,8,2,157,15,'120061',NULL,NULL),
	(3272,8,2,158,208,'120065',NULL,NULL),
	(3273,8,2,159,173,'120087',NULL,NULL),
	(3274,8,2,160,94,'120094',NULL,NULL),
	(3275,8,2,161,163,'120153','20',NULL),
	(3276,8,2,162,164,'120228',NULL,NULL),
	(3277,8,2,163,135,'120234',NULL,NULL),
	(3278,8,2,164,148,'120238',NULL,NULL),
	(3279,8,2,165,177,'120307',NULL,NULL),
	(3280,8,2,166,97,'120319',NULL,NULL),
	(3281,8,2,167,185,'120323',NULL,NULL),
	(3282,8,2,168,144,'120400','4',NULL),
	(3283,8,2,169,137,'120551',NULL,NULL),
	(3284,8,2,170,13,'121603',NULL,NULL),
	(3285,8,1,1,163,'15816','10',NULL),
	(3286,8,1,2,111,'15816','6',NULL),
	(3287,8,1,3,194,'15816','4',NULL),
	(3288,8,1,4,95,'15816',NULL,NULL),
	(3289,8,1,5,151,'15816',NULL,NULL),
	(3290,8,1,6,182,'15816',NULL,NULL),
	(3291,8,1,7,33,'15816',NULL,NULL),
	(3292,8,1,8,131,'15816',NULL,NULL),
	(3293,8,1,9,106,'15816',NULL,NULL),
	(3294,8,1,10,216,'15816',NULL,NULL),
	(3295,8,1,11,116,'15816',NULL,NULL),
	(3296,8,1,12,213,'15816',NULL,NULL),
	(3297,8,1,13,52,'15816',NULL,NULL),
	(3298,8,1,14,15,'15816',NULL,NULL),
	(3299,8,1,15,144,'15816',NULL,NULL),
	(3300,8,1,16,217,'15816',NULL,NULL),
	(3301,8,1,17,8,'15816',NULL,NULL),
	(3302,8,1,18,51,'15816',NULL,NULL),
	(3303,8,1,19,1,'15816',NULL,NULL),
	(3304,8,1,20,107,'15816',NULL,NULL),
	(3305,8,1,21,78,'15816',NULL,NULL),
	(3306,8,1,22,47,'15816',NULL,NULL),
	(3307,8,1,23,54,'15816',NULL,NULL),
	(3308,8,1,24,36,'15816',NULL,NULL),
	(3309,8,1,25,73,'15816',NULL,NULL),
	(3310,8,1,26,87,'15816','1',NULL),
	(3311,8,1,27,83,'15816',NULL,NULL),
	(3312,8,1,28,71,'15816',NULL,NULL),
	(3313,8,1,29,2,'15816',NULL,NULL),
	(3314,8,1,30,38,'15816',NULL,NULL),
	(3315,8,1,31,32,'15816',NULL,NULL),
	(3316,8,1,32,123,'15816',NULL,NULL),
	(3317,8,1,33,75,'15816',NULL,NULL),
	(3318,8,1,34,105,'15816',NULL,NULL),
	(3319,8,1,35,114,'15816',NULL,NULL),
	(3320,8,1,36,27,'15816',NULL,NULL),
	(3321,8,1,37,26,'15816',NULL,NULL),
	(3322,8,1,38,81,'15816',NULL,NULL),
	(3323,8,1,39,141,'15816',NULL,NULL),
	(3324,8,1,40,115,'15816',NULL,NULL),
	(3325,8,1,41,128,'15816',NULL,NULL),
	(3326,8,1,42,67,'15816',NULL,NULL),
	(3327,8,1,43,198,'15816',NULL,NULL),
	(3328,8,1,44,53,'15816',NULL,NULL),
	(3329,8,1,45,193,'15816',NULL,NULL),
	(3330,8,1,46,41,'15816',NULL,NULL),
	(3331,8,1,47,48,'15816',NULL,NULL),
	(3332,8,1,48,191,'15816',NULL,NULL),
	(3333,8,1,49,55,'15816',NULL,NULL),
	(3334,8,1,50,61,'15816',NULL,NULL),
	(3335,8,1,51,62,'15816',NULL,NULL),
	(3336,8,1,52,88,'15816',NULL,NULL),
	(3337,8,1,53,121,'15816',NULL,NULL),
	(3338,8,1,54,21,'15816',NULL,NULL),
	(3339,8,1,55,22,'15816',NULL,NULL),
	(3340,8,1,56,28,'15816',NULL,NULL),
	(3341,8,1,57,153,'15816',NULL,NULL),
	(3342,8,1,58,11,'15816',NULL,NULL),
	(3343,8,1,59,108,'15816',NULL,NULL),
	(3344,8,1,60,25,'15816',NULL,NULL),
	(3345,8,1,61,161,'15816',NULL,NULL),
	(3346,8,1,62,147,'15816',NULL,NULL),
	(3347,8,1,63,58,'15816',NULL,NULL),
	(3348,8,1,64,113,'15816',NULL,NULL),
	(3349,8,1,65,211,'15816',NULL,NULL),
	(3350,8,1,66,104,'15816',NULL,NULL),
	(3351,8,1,67,24,'15816',NULL,NULL),
	(3352,8,1,68,158,'15816',NULL,NULL),
	(3353,8,1,69,166,'15816',NULL,NULL),
	(3354,8,1,70,157,'15816',NULL,NULL),
	(3355,8,1,71,183,'15816',NULL,NULL),
	(3356,8,1,72,126,'15816',NULL,NULL),
	(3357,8,1,73,16,'15816',NULL,NULL),
	(3358,8,1,74,64,'15816',NULL,NULL),
	(3359,8,1,75,156,'15816',NULL,NULL),
	(3360,8,1,76,82,'15816',NULL,NULL),
	(3361,8,1,77,56,'15816',NULL,NULL),
	(3362,8,1,78,46,'15816',NULL,NULL),
	(3363,8,1,79,207,'15816',NULL,NULL),
	(3364,8,1,80,212,'15816',NULL,NULL),
	(3365,8,1,81,125,'15816',NULL,NULL),
	(3366,8,1,82,188,'15816',NULL,NULL),
	(3367,8,1,83,37,'15816',NULL,NULL),
	(3368,8,1,84,74,'15816',NULL,NULL),
	(3369,8,1,85,45,'15816',NULL,NULL),
	(3370,8,1,86,68,'15816',NULL,NULL),
	(3371,8,1,87,181,'15816',NULL,NULL),
	(3372,8,1,88,72,'15816',NULL,NULL),
	(3373,8,1,89,14,'15816',NULL,NULL),
	(3374,8,1,90,84,'15816',NULL,NULL),
	(3375,8,1,91,187,'15816',NULL,NULL),
	(3376,8,1,92,171,'15816',NULL,NULL),
	(3377,8,1,93,103,'15816',NULL,NULL),
	(3378,8,1,94,215,'15841',NULL,NULL),
	(3379,8,1,95,155,'15842',NULL,NULL),
	(3380,8,1,96,134,'15842',NULL,NULL),
	(3381,8,1,97,192,'15846',NULL,NULL),
	(3382,8,1,98,202,'15846',NULL,NULL),
	(3383,8,1,99,132,'15846',NULL,NULL),
	(3384,8,1,100,162,'15846',NULL,NULL),
	(3385,8,1,101,164,'15854',NULL,NULL),
	(3386,8,1,102,135,'15856',NULL,NULL),
	(3387,8,1,103,165,'15858',NULL,NULL),
	(3388,8,1,104,77,'15858',NULL,NULL),
	(3389,8,1,105,177,'15858',NULL,NULL),
	(3390,8,1,106,118,'15861',NULL,NULL),
	(3391,8,1,107,173,'15865',NULL,NULL),
	(3392,8,1,108,85,'15866',NULL,NULL),
	(3393,8,1,109,65,'15866',NULL,NULL),
	(3394,8,1,110,124,'15866',NULL,NULL),
	(3395,8,1,111,34,'15875',NULL,NULL),
	(3396,8,1,112,133,'15879',NULL,NULL),
	(3397,8,1,113,174,'15880',NULL,NULL),
	(3398,8,1,114,138,'15880',NULL,NULL),
	(3399,8,1,115,86,'15880',NULL,NULL),
	(3400,8,1,116,176,'15880',NULL,NULL),
	(3401,8,1,117,136,'15890',NULL,NULL),
	(3402,8,1,118,92,'15892',NULL,NULL),
	(3403,8,1,119,93,'15892',NULL,NULL),
	(3404,8,1,120,91,'15892',NULL,NULL),
	(3405,8,1,121,148,'15892',NULL,NULL),
	(3406,8,1,122,42,'15892',NULL,NULL),
	(3407,8,1,123,152,'15892',NULL,NULL),
	(3408,8,1,124,101,'15892',NULL,NULL),
	(3409,8,1,125,218,'15892',NULL,NULL),
	(3410,8,1,126,208,'15898',NULL,NULL),
	(3411,8,1,127,35,'15899',NULL,NULL),
	(3412,8,1,128,63,'15906',NULL,NULL),
	(3413,8,1,129,154,'15906',NULL,NULL),
	(3414,8,1,130,184,'15910',NULL,NULL),
	(3415,8,1,131,175,'15910',NULL,NULL),
	(3416,8,1,132,17,'15927',NULL,NULL),
	(3417,8,1,133,102,'15927',NULL,NULL),
	(3418,8,1,134,43,'15927',NULL,NULL),
	(3419,8,1,135,214,'15927','3',NULL),
	(3420,8,1,136,201,'15936',NULL,NULL),
	(3421,8,1,137,7,'15936',NULL,NULL),
	(3422,8,1,138,4,'15936',NULL,NULL),
	(3423,8,1,139,112,'15936',NULL,NULL),
	(3424,8,1,140,94,'15952',NULL,NULL),
	(3425,8,1,141,5,'15964',NULL,NULL),
	(3426,8,1,142,18,'16035',NULL,NULL),
	(3427,8,1,143,13,'16035',NULL,NULL),
	(3428,8,1,144,203,'16038',NULL,NULL),
	(3429,8,1,145,205,'16038',NULL,NULL),
	(3430,8,1,146,137,'16038',NULL,NULL),
	(3431,8,1,147,204,'16038',NULL,NULL),
	(3432,8,1,148,96,'16038',NULL,NULL),
	(3433,8,1,149,3,'16038',NULL,NULL),
	(3434,8,1,150,76,'16038',NULL,NULL),
	(3435,8,1,151,44,'16038',NULL,NULL),
	(3436,8,1,152,98,'16038',NULL,NULL),
	(3437,8,1,153,186,'16038','2',NULL),
	(3438,8,1,154,57,'16038',NULL,NULL),
	(3439,8,1,155,142,'16038',NULL,NULL),
	(3440,8,1,156,66,'16114',NULL,NULL),
	(3441,8,1,157,195,'16114',NULL,NULL),
	(3442,8,1,158,145,'16114',NULL,NULL),
	(3443,8,1,159,197,'16114',NULL,NULL),
	(3444,8,1,160,206,'16114',NULL,NULL),
	(3445,8,1,161,168,'16114',NULL,NULL),
	(3446,8,1,162,167,'16114',NULL,NULL),
	(3447,8,1,163,97,'16118',NULL,NULL),
	(3448,8,1,164,178,'16118',NULL,NULL),
	(3449,8,1,165,117,'16118',NULL,NULL),
	(3450,8,1,166,122,'16118',NULL,NULL),
	(3451,8,1,167,6,'16118',NULL,NULL),
	(3452,8,1,168,185,'16118',NULL,NULL),
	(3453,8,1,169,12,'16481',NULL,NULL),
	(3454,8,1,170,146,'16481',NULL,NULL),
	(3455,9,2,1,87,'130037','15',NULL),
	(3456,9,2,2,8,'130080','3',NULL),
	(3457,9,2,3,104,'130081','6',NULL),
	(3458,9,2,4,105,'130087',NULL,NULL),
	(3459,9,2,5,78,'130128','4',NULL),
	(3460,9,2,6,114,'130129',NULL,NULL),
	(3461,9,2,7,121,'130130',NULL,NULL),
	(3462,9,2,8,1,'130139',NULL,NULL),
	(3463,9,2,9,61,'130139',NULL,NULL),
	(3464,9,2,10,75,'130139',NULL,NULL),
	(3465,9,2,11,36,'130140',NULL,NULL),
	(3466,9,2,12,51,'130145',NULL,NULL),
	(3467,9,2,13,166,'130154',NULL,NULL),
	(3468,9,2,14,191,'130155',NULL,NULL),
	(3469,9,2,15,32,'130160','-20',NULL),
	(3470,9,2,16,161,'130163',NULL,NULL),
	(3471,9,2,17,21,'130189',NULL,NULL),
	(3472,9,2,18,41,'130194',NULL,NULL),
	(3473,9,2,19,141,'130199',NULL,NULL),
	(3474,9,2,20,58,'130205',NULL,NULL),
	(3475,9,2,21,71,'130207',NULL,NULL),
	(3476,9,2,22,11,'130210',NULL,NULL),
	(3477,9,2,23,111,'130225','42',NULL),
	(3478,9,2,24,91,'130239','11',NULL),
	(3479,9,2,25,16,'130298',NULL,NULL),
	(3480,9,2,26,68,'130318',NULL,NULL),
	(3481,9,2,27,183,'130319','3',NULL),
	(3482,9,2,28,181,'130338','1',NULL),
	(3483,9,2,29,134,'130349',NULL,NULL),
	(3484,9,2,30,88,'130402',NULL,NULL),
	(3485,9,2,31,132,'130402',NULL,NULL),
	(3486,9,2,32,125,'130436',NULL,NULL),
	(3487,9,2,33,67,'130451',NULL,NULL),
	(3488,9,2,34,42,'130457',NULL,NULL),
	(3489,9,2,35,55,'130539',NULL,NULL),
	(3490,9,2,36,182,'130560',NULL,NULL),
	(3491,9,2,37,113,'130570','1',NULL),
	(3492,9,2,38,46,'130583',NULL,NULL),
	(3493,9,2,39,26,'130597','6',NULL),
	(3494,9,2,40,83,'130598',NULL,NULL),
	(3495,9,2,41,93,'130608',NULL,NULL),
	(3496,9,2,42,34,'130614',NULL,NULL),
	(3497,9,2,43,126,'130656',NULL,NULL),
	(3498,9,2,44,211,'130706',NULL,NULL),
	(3499,9,2,45,27,'130713','1',NULL),
	(3500,9,2,46,198,'130757',NULL,NULL),
	(3501,9,2,47,192,'130770',NULL,NULL),
	(3502,9,2,48,85,'130867','4',NULL),
	(3503,9,2,49,101,'130876','3',NULL),
	(3504,9,2,50,147,'130902',NULL,NULL),
	(3505,9,2,51,35,'130935',NULL,NULL),
	(3506,9,2,52,25,'130970',NULL,NULL),
	(3507,9,2,53,194,'130981','14',NULL),
	(3508,9,2,54,72,'130984',NULL,NULL),
	(3509,9,2,55,133,'131013',NULL,NULL),
	(3510,9,2,56,136,'131076',NULL,NULL),
	(3511,9,2,57,122,'131107',NULL,NULL),
	(3512,9,2,58,2,'131109',NULL,NULL),
	(3513,9,2,59,95,'131131',NULL,NULL),
	(3514,9,2,60,145,'131148',NULL,NULL),
	(3515,9,2,61,158,'131197',NULL,NULL),
	(3516,9,2,62,38,'131256',NULL,NULL),
	(3517,9,2,63,28,'131260',NULL,NULL),
	(3518,9,2,64,207,'131266',NULL,NULL),
	(3519,9,2,65,216,'131275',NULL,NULL),
	(3520,9,2,66,57,'131283',NULL,NULL),
	(3521,9,2,67,178,'131300',NULL,NULL),
	(3522,9,2,68,214,'131314','3',NULL),
	(3523,9,2,69,24,'131319',NULL,NULL),
	(3524,9,2,70,162,'131319',NULL,NULL),
	(3525,9,2,71,193,'131330',NULL,NULL),
	(3526,9,2,72,106,'131347','4',NULL),
	(3527,9,2,73,195,'131362',NULL,NULL),
	(3528,9,2,74,52,'131369','12',NULL),
	(3529,9,2,75,116,'131411',NULL,NULL),
	(3530,9,2,76,18,'131423',NULL,NULL),
	(3531,9,2,77,74,'131437',NULL,NULL),
	(3532,9,2,78,103,'131478','26',NULL),
	(3533,9,2,79,156,'131487',NULL,NULL),
	(3534,9,2,80,188,'131488',NULL,NULL),
	(3535,9,2,81,212,'131498',NULL,NULL),
	(3536,9,2,82,54,'131524',NULL,NULL),
	(3537,9,2,83,44,'131525',NULL,NULL),
	(3538,9,2,84,152,'131539',NULL,NULL),
	(3539,9,2,85,56,'131541',NULL,NULL),
	(3540,9,2,86,175,'131615','-20',NULL),
	(3541,9,2,87,96,'131628',NULL,NULL),
	(3542,9,2,88,77,'131633',NULL,NULL),
	(3543,9,2,89,63,'131635','-10',NULL),
	(3544,9,2,90,14,'131644',NULL,NULL),
	(3545,9,2,91,64,'131649',NULL,NULL),
	(3546,9,2,92,155,'131663',NULL,NULL),
	(3547,9,2,93,62,'131677','3',NULL),
	(3548,9,2,94,187,'131693',NULL,NULL),
	(3549,9,2,95,138,'131722',NULL,NULL),
	(3550,9,2,96,184,'131725','3',NULL),
	(3551,9,2,97,115,'131733',NULL,NULL),
	(3552,9,2,98,165,'131736',NULL,NULL),
	(3553,9,2,99,48,'131738',NULL,NULL),
	(3554,9,2,100,53,'131749',NULL,NULL),
	(3555,9,2,101,197,'131788',NULL,NULL),
	(3556,9,2,102,33,'131791',NULL,NULL),
	(3557,9,2,103,22,'131795',NULL,NULL),
	(3558,9,2,104,215,'131814','2',NULL),
	(3559,9,2,105,203,'131845',NULL,NULL),
	(3560,9,2,106,128,'131854',NULL,NULL),
	(3561,9,2,107,4,'131861',NULL,NULL),
	(3562,9,2,108,217,'131872',NULL,NULL),
	(3563,9,2,109,174,'131884',NULL,NULL),
	(3564,9,2,110,47,'131919',NULL,NULL),
	(3565,9,2,111,65,'131981',NULL,NULL),
	(3566,9,2,112,5,'131982',NULL,NULL),
	(3567,9,2,113,37,'131987',NULL,NULL),
	(3568,9,2,114,117,'131997',NULL,NULL),
	(3569,9,2,115,92,'132000',NULL,NULL),
	(3570,9,2,116,123,'132018',NULL,NULL),
	(3571,9,2,117,213,'132127',NULL,NULL),
	(3572,9,2,118,118,'132168',NULL,NULL),
	(3573,9,2,119,157,'132173',NULL,NULL),
	(3574,9,2,120,204,'132189',NULL,NULL),
	(3575,9,2,121,17,'132190',NULL,NULL),
	(3576,9,2,122,108,'132201',NULL,NULL),
	(3577,9,2,123,151,'132212','4',NULL),
	(3578,9,2,124,107,'132221',NULL,NULL),
	(3579,9,2,125,154,'132245',NULL,NULL),
	(3580,9,2,126,98,'132247',NULL,NULL),
	(3581,9,2,127,176,'132260','1',NULL),
	(3582,9,2,128,171,'132281','4',NULL),
	(3583,9,2,129,12,'132283',NULL,NULL),
	(3584,9,2,130,43,'132297',NULL,NULL),
	(3585,9,2,131,102,'132332',NULL,NULL),
	(3586,9,2,132,131,'132359',NULL,NULL),
	(3587,9,2,133,218,'132378','2',NULL),
	(3588,9,2,134,15,'132442',NULL,NULL),
	(3589,9,2,135,168,'132470',NULL,NULL),
	(3590,9,2,136,94,'132506',NULL,NULL),
	(3591,9,2,137,86,'132517',NULL,NULL),
	(3592,9,2,138,84,'132534',NULL,NULL),
	(3593,9,2,139,7,'132554',NULL,NULL),
	(3594,9,2,140,45,'132564',NULL,NULL),
	(3595,9,2,141,177,'132611',NULL,NULL),
	(3596,9,2,142,185,'132636',NULL,NULL),
	(3597,9,2,143,201,'132660',NULL,NULL),
	(3598,9,2,144,82,'132667',NULL,NULL),
	(3599,9,2,145,6,'132670',NULL,NULL),
	(3600,9,2,146,205,'132740',NULL,NULL),
	(3601,9,2,147,73,'132750',NULL,NULL),
	(3602,9,2,148,112,'132792',NULL,NULL),
	(3603,9,2,149,142,'132858',NULL,NULL),
	(3604,9,2,150,148,'132865',NULL,NULL),
	(3605,9,2,151,97,'132937',NULL,NULL),
	(3606,9,2,152,3,'132955',NULL,NULL),
	(3607,9,2,153,186,'133010','2',NULL),
	(3608,9,2,154,206,'133021','1',NULL),
	(3609,9,2,155,153,'133054',NULL,NULL),
	(3610,9,2,156,124,'133058',NULL,NULL),
	(3611,9,2,157,167,'133188',NULL,NULL),
	(3612,9,2,158,202,'133215','3',NULL),
	(3613,9,2,159,66,'133231',NULL,NULL),
	(3614,9,2,160,173,'133317',NULL,NULL),
	(3615,9,2,161,163,'133388','20',NULL),
	(3616,9,2,162,164,'133463',NULL,NULL),
	(3617,9,2,163,135,'133469',NULL,NULL),
	(3618,9,2,164,208,'133522',NULL,NULL),
	(3619,9,2,165,144,'133635','4',NULL),
	(3620,9,2,166,137,'133786',NULL,NULL),
	(3621,9,2,167,13,'134838',NULL,NULL),
	(3622,9,1,1,194,'12266','10',NULL),
	(3623,9,1,2,87,'12266','9',NULL),
	(3624,9,1,3,106,'12266','4',NULL),
	(3625,9,1,4,104,'12285',NULL,NULL),
	(3626,9,1,5,111,'12285',NULL,NULL),
	(3627,9,1,6,198,'12285',NULL,NULL),
	(3628,9,1,7,105,'12285',NULL,NULL),
	(3629,9,1,8,171,'12293',NULL,NULL),
	(3630,9,1,9,132,'12293',NULL,NULL),
	(3631,9,1,10,213,'12293',NULL,NULL),
	(3632,9,1,11,95,'12293',NULL,NULL),
	(3633,9,1,12,147,'12293',NULL,NULL),
	(3634,9,1,13,103,'12293',NULL,NULL),
	(3635,9,1,14,183,'12293',NULL,NULL),
	(3636,9,1,15,41,'12293',NULL,NULL),
	(3637,9,1,16,8,'12293',NULL,NULL),
	(3638,9,1,17,181,'12293',NULL,NULL),
	(3639,9,1,18,78,'12293',NULL,NULL),
	(3640,9,1,19,32,'12293',NULL,NULL),
	(3641,9,1,20,161,'12293',NULL,NULL),
	(3642,9,1,21,191,'12293',NULL,NULL),
	(3643,9,1,22,1,'12293',NULL,NULL),
	(3644,9,1,23,51,'12293',NULL,NULL),
	(3645,9,1,24,71,'12293',NULL,NULL),
	(3646,9,1,25,58,'12293',NULL,NULL),
	(3647,9,1,26,166,'12293',NULL,NULL),
	(3648,9,1,27,61,'12293',NULL,NULL),
	(3649,9,1,28,125,'12293',NULL,NULL),
	(3650,9,1,29,141,'12293',NULL,NULL),
	(3651,9,1,30,114,'12293',NULL,NULL),
	(3652,9,1,31,121,'12293',NULL,NULL),
	(3653,9,1,32,91,'12293','1',NULL),
	(3654,9,1,33,36,'12293',NULL,NULL),
	(3655,9,1,34,64,'12293',NULL,NULL),
	(3656,9,1,35,75,'12300',NULL,NULL),
	(3657,9,1,36,21,'12300',NULL,NULL),
	(3658,9,1,37,102,'12300',NULL,NULL),
	(3659,9,1,38,138,'12302',NULL,NULL),
	(3660,9,1,39,177,'12304',NULL,NULL),
	(3661,9,1,40,178,'12304',NULL,NULL),
	(3662,9,1,41,134,'12304',NULL,NULL),
	(3663,9,1,42,162,'12304',NULL,NULL),
	(3664,9,1,43,67,'12304',NULL,NULL),
	(3665,9,1,44,151,'12308',NULL,NULL),
	(3666,9,1,45,38,'12308',NULL,NULL),
	(3667,9,1,46,113,'12308',NULL,NULL),
	(3668,9,1,47,192,'12308',NULL,NULL),
	(3669,9,1,48,185,'12313',NULL,NULL),
	(3670,9,1,49,27,'12314',NULL,NULL),
	(3671,9,1,50,197,'12321',NULL,NULL),
	(3672,9,1,51,145,'12328',NULL,NULL),
	(3673,9,1,52,131,'12338',NULL,NULL),
	(3674,9,1,53,98,'12338',NULL,NULL),
	(3675,9,1,54,74,'12349',NULL,NULL),
	(3676,9,1,55,72,'12349',NULL,NULL),
	(3677,9,1,56,34,'12356',NULL,NULL),
	(3678,9,1,57,93,'12376',NULL,NULL),
	(3679,9,1,58,15,'12381',NULL,NULL),
	(3680,9,1,59,11,'12381',NULL,NULL),
	(3681,9,1,60,16,'12381',NULL,NULL),
	(3682,9,1,61,182,'12381',NULL,NULL),
	(3683,9,1,62,25,'12381',NULL,NULL),
	(3684,9,1,63,35,'12381',NULL,NULL),
	(3685,9,1,64,57,'12381',NULL,NULL),
	(3686,9,1,65,42,'12381',NULL,NULL),
	(3687,9,1,66,46,'12381',NULL,NULL),
	(3688,9,1,67,203,'12381',NULL,NULL),
	(3689,9,1,68,68,'12381',NULL,NULL),
	(3690,9,1,69,157,'12381',NULL,NULL),
	(3691,9,1,70,85,'12381','2',NULL),
	(3692,9,1,71,133,'12381',NULL,NULL),
	(3693,9,1,72,63,'12398','-10',NULL),
	(3694,9,1,73,94,'12412',NULL,NULL),
	(3695,9,1,74,17,'12469',NULL,NULL),
	(3696,9,1,75,122,'12521',NULL,NULL),
	(3697,9,1,76,123,'12521',NULL,NULL),
	(3698,9,1,77,65,'12521',NULL,NULL),
	(3699,9,1,78,83,'12577',NULL,NULL),
	(3700,9,1,79,53,'12577',NULL,NULL),
	(3701,9,1,80,18,'12608',NULL,NULL),
	(3702,9,1,81,22,'12613',NULL,NULL),
	(3703,9,1,82,26,'12613',NULL,NULL),
	(3704,9,1,83,86,'12613',NULL,NULL),
	(3705,9,1,84,218,'12613',NULL,NULL),
	(3706,9,1,85,88,'12613',NULL,NULL),
	(3707,9,1,86,211,'12613',NULL,NULL),
	(3708,9,1,87,193,'12613',NULL,NULL),
	(3709,9,1,88,195,'12613',NULL,NULL),
	(3710,9,1,89,55,'12613',NULL,NULL),
	(3711,9,1,90,97,'12618',NULL,NULL),
	(3712,9,1,91,201,'12623',NULL,NULL),
	(3713,9,1,92,136,'12627',NULL,NULL),
	(3714,9,1,93,174,'12627',NULL,NULL),
	(3715,9,1,94,148,'12627',NULL,NULL),
	(3716,9,1,95,126,'12629',NULL,NULL),
	(3717,9,1,96,128,'12643',NULL,NULL),
	(3718,9,1,97,56,'12743',NULL,NULL),
	(3719,9,1,98,117,'12837',NULL,NULL),
	(3720,9,1,99,184,'12884',NULL,NULL),
	(3721,9,1,100,155,'12892',NULL,NULL),
	(3722,9,1,101,48,'12892',NULL,NULL),
	(3723,9,1,102,73,'12892',NULL,NULL),
	(3724,9,1,103,214,'12929',NULL,NULL),
	(3725,9,1,104,154,'13010',NULL,NULL),
	(3726,9,1,105,7,'13010',NULL,NULL),
	(3727,9,1,106,12,'13010',NULL,NULL),
	(3728,9,1,107,107,'13010',NULL,NULL),
	(3729,9,1,108,101,'13010',NULL,NULL),
	(3730,9,1,109,77,'13010',NULL,NULL),
	(3731,9,1,110,37,'13230',NULL,NULL),
	(3732,9,1,111,108,'13230',NULL,NULL),
	(3733,9,1,112,152,'13230',NULL,NULL),
	(3734,9,1,113,215,'13230',NULL,NULL),
	(3735,9,1,114,156,'13230',NULL,NULL),
	(3736,9,1,115,187,'13230',NULL,NULL),
	(3737,9,1,116,62,'13230',NULL,NULL),
	(3738,9,1,117,118,'13230',NULL,NULL),
	(3739,9,1,118,115,'13230',NULL,NULL),
	(3740,9,1,119,33,'13230',NULL,NULL),
	(3741,9,1,120,173,'13230',NULL,NULL),
	(3742,9,1,121,3,'13230',NULL,NULL),
	(3743,9,1,122,176,'13230',NULL,NULL),
	(3744,9,1,123,116,'13235',NULL,NULL),
	(3745,9,1,124,144,'13235',NULL,NULL),
	(3746,9,1,125,54,'13235',NULL,NULL),
	(3747,9,1,126,82,'13235',NULL,NULL),
	(3748,9,1,127,216,'13235',NULL,NULL),
	(3749,9,1,128,52,'13235',NULL,NULL),
	(3750,9,1,129,153,'13235',NULL,NULL),
	(3751,9,1,130,212,'13235',NULL,NULL),
	(3752,9,1,131,207,'13235',NULL,NULL),
	(3753,9,1,132,47,'13235',NULL,NULL),
	(3754,9,1,133,44,'13235',NULL,NULL),
	(3755,9,1,134,6,'13235',NULL,NULL),
	(3756,9,1,135,205,'13235',NULL,NULL),
	(3757,9,1,136,2,'13235',NULL,NULL),
	(3758,9,1,137,96,'13235',NULL,NULL),
	(3759,9,1,138,43,'13235',NULL,NULL),
	(3760,9,1,139,137,'13235',NULL,NULL),
	(3761,9,1,140,24,'13235',NULL,NULL),
	(3762,9,1,141,4,'13235',NULL,NULL),
	(3763,9,1,142,175,'13235','-20',NULL),
	(3764,9,1,143,112,'13235',NULL,NULL),
	(3765,9,1,144,186,'13235',NULL,NULL),
	(3766,9,1,145,84,'13235',NULL,NULL),
	(3767,9,1,146,135,'13235',NULL,NULL),
	(3768,9,1,147,45,'13235',NULL,NULL),
	(3769,9,1,148,124,'13235',NULL,NULL),
	(3770,9,1,149,142,'13235',NULL,NULL),
	(3771,9,1,150,14,'13235',NULL,NULL),
	(3772,9,1,151,92,'13235',NULL,NULL),
	(3773,9,1,152,204,'13235',NULL,NULL),
	(3774,9,1,153,206,'13235',NULL,NULL),
	(3775,9,1,154,158,'13235',NULL,NULL),
	(3776,9,1,155,188,'13235',NULL,NULL),
	(3777,9,1,156,217,'13235',NULL,NULL),
	(3778,9,1,157,13,'13235',NULL,NULL),
	(3779,9,1,158,168,'13235',NULL,NULL),
	(3780,9,1,159,163,'13235',NULL,NULL),
	(3781,9,1,160,165,'13235',NULL,NULL),
	(3782,9,1,161,167,'13235',NULL,NULL),
	(3783,9,1,162,164,'13235',NULL,NULL),
	(3784,9,1,163,5,'13249',NULL,NULL),
	(3785,9,1,164,28,'13254',NULL,NULL),
	(3786,9,1,165,66,'13457',NULL,NULL),
	(3787,9,1,166,208,'13457',NULL,NULL),
	(3788,9,1,167,202,'13457',NULL,NULL),
	(3789,10,2,1,87,'146068','15',NULL),
	(3790,10,2,2,8,'146210','3',NULL),
	(3791,10,2,3,78,'146258','4',NULL),
	(3792,10,2,4,121,'146260',NULL,NULL),
	(3793,10,2,5,105,'146268',NULL,NULL),
	(3794,10,2,6,1,'146269',NULL,NULL),
	(3795,10,2,7,61,'146269',NULL,NULL),
	(3796,10,2,8,75,'146269',NULL,NULL),
	(3797,10,2,9,51,'146275',NULL,NULL),
	(3798,10,2,10,166,'146284',NULL,NULL),
	(3799,10,2,11,32,'146290','-20',NULL),
	(3800,10,2,12,161,'146293',NULL,NULL),
	(3801,10,2,13,114,'146310',NULL,NULL),
	(3802,10,2,14,21,'146319',NULL,NULL),
	(3803,10,2,15,191,'146336',NULL,NULL),
	(3804,10,2,16,71,'146337',NULL,NULL),
	(3805,10,2,17,91,'146369','11',NULL),
	(3806,10,2,18,141,'146380',NULL,NULL),
	(3807,10,2,19,134,'146380',NULL,NULL),
	(3808,10,2,20,58,'146386',NULL,NULL),
	(3809,10,2,21,181,'146409','1',NULL),
	(3810,10,2,22,11,'146496',NULL,NULL),
	(3811,10,2,23,68,'146499',NULL,NULL),
	(3812,10,2,24,55,'146554','6',NULL),
	(3813,10,2,25,26,'146727','6',NULL),
	(3814,10,2,26,41,'146778',NULL,NULL),
	(3815,10,2,27,83,'146779',NULL,NULL),
	(3816,10,2,28,101,'146793','13',NULL),
	(3817,10,2,29,211,'146841',NULL,NULL),
	(3818,10,2,30,125,'146857',NULL,NULL),
	(3819,10,2,31,36,'146969',NULL,NULL),
	(3820,10,2,32,88,'146981',NULL,NULL),
	(3821,10,2,33,42,'147115',NULL,NULL),
	(3822,10,2,34,46,'147241',NULL,NULL),
	(3823,10,2,35,2,'147254',NULL,NULL),
	(3824,10,2,36,93,'147266',NULL,NULL),
	(3825,10,2,37,192,'147349',NULL,NULL),
	(3826,10,2,38,16,'147357',NULL,NULL),
	(3827,10,2,39,104,'147364','6',NULL),
	(3828,10,2,40,183,'147378','3',NULL),
	(3829,10,2,41,34,'147444',NULL,NULL),
	(3830,10,2,42,162,'147481',NULL,NULL),
	(3831,10,2,43,67,'147510',NULL,NULL),
	(3832,10,2,44,188,'147511','4',NULL),
	(3833,10,2,45,156,'147617',NULL,NULL),
	(3834,10,2,46,152,'147669',NULL,NULL),
	(3835,10,2,47,158,'147711',NULL,NULL),
	(3836,10,2,48,136,'147734',NULL,NULL),
	(3837,10,2,49,111,'147741','42',NULL),
	(3838,10,2,50,198,'147816',NULL,NULL),
	(3839,10,2,51,24,'147898',NULL,NULL),
	(3840,10,2,52,85,'147926','4',NULL),
	(3841,10,2,53,35,'147994',NULL,NULL),
	(3842,10,2,54,132,'147999',NULL,NULL),
	(3843,10,2,55,25,'148002',NULL,NULL),
	(3844,10,2,56,72,'148043',NULL,NULL),
	(3845,10,2,57,126,'148086',NULL,NULL),
	(3846,10,2,58,54,'148103',NULL,NULL),
	(3847,10,2,59,27,'148143','1',NULL),
	(3848,10,2,60,182,'148157',NULL,NULL),
	(3849,10,2,61,122,'148166',NULL,NULL),
	(3850,10,2,62,113,'148167','1',NULL),
	(3851,10,2,63,145,'148207',NULL,NULL),
	(3852,10,2,64,216,'148334',NULL,NULL),
	(3853,10,2,65,57,'148342',NULL,NULL),
	(3854,10,2,66,214,'148373','3',NULL),
	(3855,10,2,67,193,'148389',NULL,NULL),
	(3856,10,2,68,4,'148473',NULL,NULL),
	(3857,10,2,69,212,'148487',NULL,NULL),
	(3858,10,2,70,147,'148499',NULL,NULL),
	(3859,10,2,71,37,'148566',NULL,NULL),
	(3860,10,2,72,194,'148578','14',NULL),
	(3861,10,2,73,195,'148582',NULL,NULL),
	(3862,10,2,74,133,'148610',NULL,NULL),
	(3863,10,2,75,38,'148686',NULL,NULL),
	(3864,10,2,76,207,'148696',NULL,NULL),
	(3865,10,2,77,14,'148703',NULL,NULL),
	(3866,10,2,78,155,'148722',NULL,NULL),
	(3867,10,2,79,95,'148728',NULL,NULL),
	(3868,10,2,80,178,'148730',NULL,NULL),
	(3869,10,2,81,204,'148768',NULL,NULL),
	(3870,10,2,82,106,'148777','4',NULL),
	(3871,10,2,83,52,'148799','12',NULL),
	(3872,10,2,84,33,'148850',NULL,NULL),
	(3873,10,2,85,6,'148863',NULL,NULL),
	(3874,10,2,86,74,'148867',NULL,NULL),
	(3875,10,2,87,168,'148891',NULL,NULL),
	(3876,10,2,88,128,'148913',NULL,NULL),
	(3877,10,2,89,116,'148927',NULL,NULL),
	(3878,10,2,90,165,'148951',NULL,NULL),
	(3879,10,2,91,92,'148994',NULL,NULL),
	(3880,10,2,92,197,'149003',NULL,NULL),
	(3881,10,2,93,18,'149020',NULL,NULL),
	(3882,10,2,94,77,'149028',NULL,NULL),
	(3883,10,2,95,203,'149060',NULL,NULL),
	(3884,10,2,96,103,'149075','26',NULL),
	(3885,10,2,97,63,'149085','-10',NULL),
	(3886,10,2,98,215,'149097','2',NULL),
	(3887,10,2,99,64,'149099',NULL,NULL),
	(3888,10,2,100,174,'149099',NULL,NULL),
	(3889,10,2,101,43,'149118',NULL,NULL),
	(3890,10,2,102,44,'149122',NULL,NULL),
	(3891,10,2,103,187,'149123',NULL,NULL),
	(3892,10,2,104,56,'149138',NULL,NULL),
	(3893,10,2,105,115,'149163',NULL,NULL),
	(3894,10,2,106,48,'149168',NULL,NULL),
	(3895,10,2,107,96,'149225',NULL,NULL),
	(3896,10,2,108,22,'149225',NULL,NULL),
	(3897,10,2,109,217,'149302',NULL,NULL),
	(3898,10,2,110,184,'149322','3',NULL),
	(3899,10,2,111,12,'149342',NULL,NULL),
	(3900,10,2,112,53,'149346',NULL,NULL),
	(3901,10,2,113,47,'149349',NULL,NULL),
	(3902,10,2,114,62,'149400','3',NULL),
	(3903,10,2,115,117,'149427',NULL,NULL),
	(3904,10,2,116,142,'149437',NULL,NULL),
	(3905,10,2,117,123,'149448',NULL,NULL),
	(3906,10,2,118,5,'149579',NULL,NULL),
	(3907,10,2,119,124,'149637',NULL,NULL),
	(3908,10,2,120,176,'149690','1',NULL),
	(3909,10,2,121,138,'149691',NULL,NULL),
	(3910,10,2,122,102,'149762',NULL,NULL),
	(3911,10,2,123,118,'149765',NULL,NULL),
	(3912,10,2,124,157,'149770',NULL,NULL),
	(3913,10,2,125,17,'149787',NULL,NULL),
	(3914,10,2,126,108,'149798',NULL,NULL),
	(3915,10,2,127,86,'149800',NULL,NULL),
	(3916,10,2,128,151,'149809','4',NULL),
	(3917,10,2,129,107,'149818',NULL,NULL),
	(3918,10,2,130,154,'149842',NULL,NULL),
	(3919,10,2,131,66,'149843',NULL,NULL),
	(3920,10,2,132,98,'149844',NULL,NULL),
	(3921,10,2,133,171,'149878','4',NULL),
	(3922,10,2,134,82,'149882',NULL,NULL),
	(3923,10,2,135,65,'149950',NULL,NULL),
	(3924,10,2,136,84,'149964',NULL,NULL),
	(3925,10,2,137,45,'149994',NULL,NULL),
	(3926,10,2,138,3,'150014',NULL,NULL),
	(3927,10,2,139,15,'150039',NULL,NULL),
	(3928,10,2,140,213,'150096',NULL,NULL),
	(3929,10,2,141,94,'150103',NULL,NULL),
	(3930,10,2,142,7,'150151',NULL,NULL),
	(3931,10,2,143,205,'150170',NULL,NULL),
	(3932,10,2,144,177,'150208',NULL,NULL),
	(3933,10,2,145,185,'150233',NULL,NULL),
	(3934,10,2,146,206,'150236','1',NULL),
	(3935,10,2,147,201,'150257',NULL,NULL),
	(3936,10,2,148,131,'150328',NULL,NULL),
	(3937,10,2,149,218,'150347','2',NULL),
	(3938,10,2,150,73,'150347',NULL,NULL),
	(3939,10,2,151,97,'150367',NULL,NULL),
	(3940,10,2,152,112,'150389',NULL,NULL),
	(3941,10,2,153,186,'150617','2',NULL),
	(3942,10,2,154,202,'150645','3',NULL),
	(3943,10,2,155,153,'150651',NULL,NULL),
	(3944,10,2,156,148,'150834',NULL,NULL),
	(3945,10,2,157,173,'150914',NULL,NULL),
	(3946,10,2,158,208,'150952',NULL,NULL),
	(3947,10,2,159,167,'151157',NULL,NULL),
	(3948,10,2,160,163,'151357','20',NULL),
	(3949,10,2,161,137,'151383',NULL,NULL),
	(3950,10,2,162,164,'151432',NULL,NULL),
	(3951,10,2,163,135,'151438',NULL,NULL),
	(3952,10,2,164,144,'151604','4',NULL),
	(3953,10,2,165,13,'152435',NULL,NULL),
	(3954,10,1,1,101,'15927','10',NULL),
	(3955,10,1,2,55,'16021','6',NULL),
	(3956,10,1,3,188,'16027','4',NULL),
	(3957,10,1,4,87,'16031',NULL,NULL),
	(3958,10,1,5,134,'16031',NULL,NULL),
	(3959,10,1,6,181,'16071',NULL,NULL),
	(3960,10,1,7,91,'16130',NULL,NULL),
	(3961,10,1,8,166,'16130',NULL,NULL),
	(3962,10,1,9,152,'16130',NULL,NULL),
	(3963,10,1,10,8,'16130',NULL,NULL),
	(3964,10,1,11,21,'16130',NULL,NULL),
	(3965,10,1,12,161,'16130',NULL,NULL),
	(3966,10,1,13,61,'16130',NULL,NULL),
	(3967,10,1,14,121,'16130',NULL,NULL),
	(3968,10,1,15,1,'16130',NULL,NULL),
	(3969,10,1,16,32,'16130',NULL,NULL),
	(3970,10,1,17,78,'16130',NULL,NULL),
	(3971,10,1,18,71,'16130',NULL,NULL),
	(3972,10,1,19,51,'16130',NULL,NULL),
	(3973,10,1,20,75,'16130',NULL,NULL),
	(3974,10,1,21,156,'16130',NULL,NULL),
	(3975,10,1,22,26,'16130',NULL,NULL),
	(3976,10,1,23,211,'16135',NULL,NULL),
	(3977,10,1,24,2,'16145',NULL,NULL),
	(3978,10,1,25,162,'16162',NULL,NULL),
	(3979,10,1,26,105,'16181',NULL,NULL),
	(3980,10,1,27,83,'16181',NULL,NULL),
	(3981,10,1,28,58,'16181',NULL,NULL),
	(3982,10,1,29,68,'16181',NULL,NULL),
	(3983,10,1,30,191,'16181',NULL,NULL),
	(3984,10,1,31,141,'16181',NULL,NULL),
	(3985,10,1,32,114,'16181',NULL,NULL),
	(3986,10,1,33,6,'16193',NULL,NULL),
	(3987,10,1,34,11,'16286',NULL,NULL),
	(3988,10,1,35,125,'16421',NULL,NULL),
	(3989,10,1,36,168,'16421',NULL,NULL),
	(3990,10,1,37,158,'16514',NULL,NULL),
	(3991,10,1,38,37,'16579',NULL,NULL),
	(3992,10,1,39,204,'16579',NULL,NULL),
	(3993,10,1,40,192,'16579',NULL,NULL),
	(3994,10,1,41,142,'16579',NULL,NULL),
	(3995,10,1,42,24,'16579',NULL,NULL),
	(3996,10,1,43,124,'16579',NULL,NULL),
	(3997,10,1,44,88,'16579',NULL,NULL),
	(3998,10,1,45,54,'16579',NULL,NULL),
	(3999,10,1,46,41,'16584',NULL,NULL),
	(4000,10,1,47,66,'16612',NULL,NULL),
	(4001,10,1,48,4,'16612',NULL,NULL),
	(4002,10,1,49,42,'16658',NULL,NULL),
	(4003,10,1,50,136,'16658',NULL,NULL),
	(4004,10,1,51,93,'16658',NULL,NULL),
	(4005,10,1,52,46,'16658',NULL,NULL),
	(4006,10,1,53,43,'16821',NULL,NULL),
	(4007,10,1,54,36,'16829',NULL,NULL),
	(4008,10,1,55,34,'16830',NULL,NULL),
	(4009,10,1,56,212,'16989',NULL,NULL),
	(4010,10,1,57,92,'16994',NULL,NULL),
	(4011,10,1,58,25,'17032',NULL,NULL),
	(4012,10,1,59,33,'17059',NULL,NULL),
	(4013,10,1,60,85,'17059',NULL,NULL),
	(4014,10,1,61,216,'17059',NULL,NULL),
	(4015,10,1,62,198,'17059',NULL,NULL),
	(4016,10,1,63,214,'17059',NULL,NULL),
	(4017,10,1,64,155,'17059',NULL,NULL),
	(4018,10,1,65,35,'17059',NULL,NULL),
	(4019,10,1,66,14,'17059',NULL,NULL),
	(4020,10,1,67,145,'17059',NULL,NULL),
	(4021,10,1,68,57,'17059',NULL,NULL),
	(4022,10,1,69,183,'17059',NULL,NULL),
	(4023,10,1,70,193,'17059',NULL,NULL),
	(4024,10,1,71,12,'17059',NULL,NULL),
	(4025,10,1,72,67,'17059',NULL,NULL),
	(4026,10,1,73,128,'17059',NULL,NULL),
	(4027,10,1,74,16,'17059',NULL,NULL),
	(4028,10,1,75,72,'17059',NULL,NULL),
	(4029,10,1,76,122,'17059',NULL,NULL),
	(4030,10,1,77,3,'17059',NULL,NULL),
	(4031,10,1,78,203,'17215',NULL,NULL),
	(4032,10,1,79,206,'17215',NULL,NULL),
	(4033,10,1,80,174,'17215',NULL,NULL),
	(4034,10,1,81,197,'17215',NULL,NULL),
	(4035,10,1,82,165,'17215',NULL,NULL),
	(4036,10,1,83,82,'17215',NULL,NULL),
	(4037,10,1,84,195,'17220',NULL,NULL),
	(4038,10,1,85,86,'17283',NULL,NULL),
	(4039,10,1,86,215,'17283',NULL,NULL),
	(4040,10,1,87,104,'17283',NULL,NULL),
	(4041,10,1,88,77,'17395',NULL,NULL),
	(4042,10,1,89,22,'17430',NULL,NULL),
	(4043,10,1,90,208,'17430',NULL,NULL),
	(4044,10,1,91,38,'17430',NULL,NULL),
	(4045,10,1,92,47,'17430',NULL,NULL),
	(4046,10,1,93,45,'17430',NULL,NULL),
	(4047,10,1,94,202,'17430',NULL,NULL),
	(4048,10,1,95,84,'17430',NULL,NULL),
	(4049,10,1,96,27,'17430',NULL,NULL),
	(4050,10,1,97,102,'17430',NULL,NULL),
	(4051,10,1,98,176,'17430',NULL,NULL),
	(4052,10,1,99,106,'17430',NULL,NULL),
	(4053,10,1,100,178,'17430',NULL,NULL),
	(4054,10,1,101,48,'17430',NULL,NULL),
	(4055,10,1,102,74,'17430',NULL,NULL),
	(4056,10,1,103,97,'17430',NULL,NULL),
	(4057,10,1,104,117,'17430',NULL,NULL),
	(4058,10,1,105,217,'17430',NULL,NULL),
	(4059,10,1,106,205,'17430',NULL,NULL),
	(4060,10,1,107,126,'17430',NULL,NULL),
	(4061,10,1,108,207,'17430',NULL,NULL),
	(4062,10,1,109,187,'17430',NULL,NULL),
	(4063,10,1,110,115,'17430',NULL,NULL),
	(4064,10,1,111,123,'17430',NULL,NULL),
	(4065,10,1,112,52,'17430',NULL,NULL),
	(4066,10,1,113,63,'17450',NULL,NULL),
	(4067,10,1,114,64,'17450',NULL,NULL),
	(4068,10,1,115,111,'17516',NULL,NULL),
	(4069,10,1,116,116,'17516',NULL,NULL),
	(4070,10,1,117,96,'17597',NULL,NULL),
	(4071,10,1,118,147,'17597',NULL,NULL),
	(4072,10,1,119,15,'17597',NULL,NULL),
	(4073,10,1,120,133,'17597',NULL,NULL),
	(4074,10,1,121,95,'17597',NULL,NULL),
	(4075,10,1,122,132,'17597',NULL,NULL),
	(4076,10,1,123,194,'17597',NULL,NULL),
	(4077,10,1,124,157,'17597',NULL,NULL),
	(4078,10,1,125,177,'17597',NULL,NULL),
	(4079,10,1,126,173,'17597',NULL,NULL),
	(4080,10,1,127,108,'17597',NULL,NULL),
	(4081,10,1,128,98,'17597',NULL,NULL),
	(4082,10,1,129,118,'17597',NULL,NULL),
	(4083,10,1,130,113,'17597',NULL,NULL),
	(4084,10,1,131,103,'17597',NULL,NULL),
	(4085,10,1,132,171,'17597',NULL,NULL),
	(4086,10,1,133,153,'17597',NULL,NULL),
	(4087,10,1,134,7,'17597',NULL,NULL),
	(4088,10,1,135,137,'17597',NULL,NULL),
	(4089,10,1,136,201,'17597',NULL,NULL),
	(4090,10,1,137,186,'17597','-10',NULL),
	(4091,10,1,138,5,'17597',NULL,NULL),
	(4092,10,1,139,182,'17597',NULL,NULL),
	(4093,10,1,140,56,'17597',NULL,NULL),
	(4094,10,1,141,112,'17597',NULL,NULL),
	(4095,10,1,142,53,'17597',NULL,NULL),
	(4096,10,1,143,184,'17597',NULL,NULL),
	(4097,10,1,144,154,'17597',NULL,NULL),
	(4098,10,1,145,17,'17597',NULL,NULL),
	(4099,10,1,146,151,'17597',NULL,NULL),
	(4100,10,1,147,107,'17597',NULL,NULL),
	(4101,10,1,148,185,'17597',NULL,NULL),
	(4102,10,1,149,18,'17597',NULL,NULL),
	(4103,10,1,150,73,'17597',NULL,NULL),
	(4104,10,1,151,44,'17597',NULL,NULL),
	(4105,10,1,152,94,'17597',NULL,NULL),
	(4106,10,1,153,13,'17597',NULL,NULL),
	(4107,10,1,154,62,'17723',NULL,NULL),
	(4108,10,1,155,138,'17969',NULL,NULL),
	(4109,10,1,156,218,'17969',NULL,NULL),
	(4110,10,1,157,164,'17969',NULL,NULL),
	(4111,10,1,158,213,'17969',NULL,NULL),
	(4112,10,1,159,131,'17969',NULL,NULL),
	(4113,10,1,160,167,'17969',NULL,NULL),
	(4114,10,1,161,148,'17969',NULL,NULL),
	(4115,10,1,162,144,'17969',NULL,NULL),
	(4116,10,1,163,65,'17969',NULL,NULL),
	(4117,10,1,164,163,'17969',NULL,NULL),
	(4118,10,1,165,135,'17969',NULL,NULL),
	(4119,11,2,1,8,'158776','13',NULL),
	(4120,11,2,2,1,'158861','4',NULL),
	(4121,11,2,3,32,'158880','6',NULL),
	(4122,11,2,4,51,'158910',NULL,NULL),
	(4123,11,2,5,166,'158919',NULL,NULL),
	(4124,11,2,6,161,'158936',NULL,NULL),
	(4125,11,2,7,75,'158952',NULL,NULL),
	(4126,11,2,8,21,'158954',NULL,NULL),
	(4127,11,2,9,71,'158972',NULL,NULL),
	(4128,11,2,10,91,'158972','11',NULL),
	(4129,11,2,11,78,'159044','4',NULL),
	(4130,11,2,12,121,'159069',NULL,NULL),
	(4131,11,2,13,141,'159074',NULL,NULL),
	(4132,11,2,14,68,'159097',NULL,NULL),
	(4133,11,2,15,105,'159126',NULL,NULL),
	(4134,11,2,16,61,'159127',NULL,NULL),
	(4135,11,2,17,58,'159172',NULL,NULL),
	(4136,11,2,18,83,'159377',NULL,NULL),
	(4137,11,2,19,134,'159406','-20',NULL),
	(4138,11,2,20,26,'159482','6',NULL),
	(4139,11,2,21,41,'159542',NULL,NULL),
	(4140,11,2,22,114,'159575',NULL,NULL),
	(4141,11,2,23,191,'159601',NULL,NULL),
	(4142,11,2,24,211,'159605',NULL,NULL),
	(4143,11,2,25,125,'159666',NULL,NULL),
	(4144,11,2,26,2,'159937',NULL,NULL),
	(4145,11,2,27,87,'159987','15',NULL),
	(4146,11,2,28,181,'160192','1',NULL),
	(4147,11,2,29,88,'160548',NULL,NULL),
	(4148,11,2,30,11,'160639',NULL,NULL),
	(4149,11,2,31,55,'160697','6',NULL),
	(4150,11,2,32,46,'160808',NULL,NULL),
	(4151,11,2,33,101,'160860','13',NULL),
	(4152,11,2,34,54,'160865',NULL,NULL),
	(4153,11,2,35,36,'160867',NULL,NULL),
	(4154,11,2,36,156,'160882',NULL,NULL),
	(4155,11,2,37,158,'160927',NULL,NULL),
	(4156,11,2,38,192,'160970',NULL,NULL),
	(4157,11,2,39,16,'161004',NULL,NULL),
	(4158,11,2,40,34,'161011',NULL,NULL),
	(4159,11,2,41,183,'161025','3',NULL),
	(4160,11,2,42,188,'161158','4',NULL),
	(4161,11,2,43,42,'161182',NULL,NULL),
	(4162,11,2,44,162,'161334',NULL,NULL),
	(4163,11,2,45,204,'161401',NULL,NULL),
	(4164,11,2,46,93,'161407',NULL,NULL),
	(4165,11,2,47,152,'161452',NULL,NULL),
	(4166,11,2,48,24,'161465',NULL,NULL),
	(4167,11,2,49,14,'161489',NULL,NULL),
	(4168,11,2,50,85,'161493','4',NULL),
	(4169,11,2,51,104,'161507','6',NULL),
	(4170,11,2,52,145,'161534',NULL,NULL),
	(4171,11,2,53,67,'161653',NULL,NULL),
	(4172,11,2,54,4,'161771',NULL,NULL),
	(4173,11,2,55,92,'161791',NULL,NULL),
	(4174,11,2,56,136,'161877',NULL,NULL),
	(4175,11,2,57,111,'161884','42',NULL),
	(4176,11,2,58,57,'161909',NULL,NULL),
	(4177,11,2,59,198,'161959',NULL,NULL),
	(4178,11,2,60,214,'161994','3',NULL),
	(4179,11,2,61,168,'162006',NULL,NULL),
	(4180,11,2,62,35,'162061',NULL,NULL),
	(4181,11,2,63,27,'162062','1',NULL),
	(4182,11,2,64,37,'162071',NULL,NULL),
	(4183,11,2,65,128,'162078',NULL,NULL),
	(4184,11,2,66,72,'162097',NULL,NULL),
	(4185,11,2,67,126,'162229',NULL,NULL),
	(4186,11,2,68,113,'162234','1',NULL),
	(4187,11,2,69,216,'162253',NULL,NULL),
	(4188,11,2,70,6,'162300',NULL,NULL),
	(4189,11,2,71,193,'162308',NULL,NULL),
	(4190,11,2,72,122,'162309',NULL,NULL),
	(4191,11,2,73,132,'162340','-120',NULL),
	(4192,11,2,74,25,'162340',NULL,NULL),
	(4193,11,2,75,174,'162364',NULL,NULL),
	(4194,11,2,76,212,'162406',NULL,NULL),
	(4195,11,2,77,182,'162411',NULL,NULL),
	(4196,11,2,78,33,'162417',NULL,NULL),
	(4197,11,2,79,203,'162497',NULL,NULL),
	(4198,11,2,80,155,'162505',NULL,NULL),
	(4199,11,2,81,178,'162583',NULL,NULL),
	(4200,11,2,82,187,'162602',NULL,NULL),
	(4201,11,2,83,147,'162679',NULL,NULL),
	(4202,11,2,84,43,'162685',NULL,NULL),
	(4203,11,2,85,197,'162701',NULL,NULL),
	(4204,11,2,86,195,'162725',NULL,NULL),
	(4205,11,2,87,142,'162735',NULL,NULL),
	(4206,11,2,88,207,'162763',NULL,NULL),
	(4207,11,2,89,194,'162799','14',NULL),
	(4208,11,2,90,38,'162829',NULL,NULL),
	(4209,11,2,91,133,'162831',NULL,NULL),
	(4210,11,2,92,124,'162869',NULL,NULL),
	(4211,11,2,93,165,'162870',NULL,NULL),
	(4212,11,2,94,205,'162917',NULL,NULL),
	(4213,11,2,95,106,'162920','4',NULL),
	(4214,11,2,96,95,'162949',NULL,NULL),
	(4215,11,2,97,74,'163010',NULL,NULL),
	(4216,11,2,98,215,'163016','2',NULL),
	(4217,11,2,99,52,'163020','12',NULL),
	(4218,11,2,100,116,'163070',NULL,NULL),
	(4219,11,2,101,117,'163074',NULL,NULL),
	(4220,11,2,102,77,'163082',NULL,NULL),
	(4221,11,2,103,22,'163144',NULL,NULL),
	(4222,11,2,104,115,'163170',NULL,NULL),
	(4223,11,2,105,103,'163218','26',NULL),
	(4224,11,2,106,63,'163228','-10',NULL),
	(4225,11,2,107,18,'163241',NULL,NULL),
	(4226,11,2,108,64,'163242',NULL,NULL),
	(4227,11,2,109,48,'163311',NULL,NULL),
	(4228,11,2,110,44,'163343',NULL,NULL),
	(4229,11,2,111,56,'163359',NULL,NULL),
	(4230,11,2,112,217,'163445',NULL,NULL),
	(4231,11,2,113,96,'163446',NULL,NULL),
	(4232,11,2,114,3,'163451',NULL,NULL),
	(4233,11,2,115,184,'163465','3',NULL),
	(4234,11,2,116,12,'163485',NULL,NULL),
	(4235,11,2,117,47,'163492',NULL,NULL),
	(4236,11,2,118,206,'163501','1',NULL),
	(4237,11,2,119,62,'163543','3',NULL),
	(4238,11,2,120,53,'163567',NULL,NULL),
	(4239,11,2,121,123,'163591',NULL,NULL),
	(4240,11,2,122,176,'163609','1',NULL),
	(4241,11,2,123,86,'163719',NULL,NULL),
	(4242,11,2,124,5,'163722',NULL,NULL),
	(4243,11,2,125,82,'163801',NULL,NULL),
	(4244,11,2,126,102,'163829',NULL,NULL),
	(4245,11,2,127,118,'163908',NULL,NULL),
	(4246,11,2,128,138,'163912',NULL,NULL),
	(4247,11,2,129,66,'163986',NULL,NULL),
	(4248,11,2,130,157,'163991',NULL,NULL),
	(4249,11,2,131,17,'164008',NULL,NULL),
	(4250,11,2,132,151,'164030','4',NULL),
	(4251,11,2,133,45,'164061',NULL,NULL),
	(4252,11,2,134,154,'164063',NULL,NULL),
	(4253,11,2,135,98,'164065',NULL,NULL),
	(4254,11,2,136,171,'164099','4',NULL),
	(4255,11,2,137,84,'164107',NULL,NULL),
	(4256,11,2,138,108,'164119',NULL,NULL),
	(4257,11,2,139,107,'164139',NULL,NULL),
	(4258,11,2,140,97,'164220',NULL,NULL),
	(4259,11,2,141,15,'164260',NULL,NULL),
	(4260,11,2,142,65,'164284',NULL,NULL),
	(4261,11,2,143,213,'164317',NULL,NULL),
	(4262,11,2,144,94,'164324',NULL,NULL),
	(4263,11,2,145,7,'164372',NULL,NULL),
	(4264,11,2,146,201,'164400',NULL,NULL),
	(4265,11,2,147,73,'164490',NULL,NULL),
	(4266,11,2,148,185,'164520',NULL,NULL),
	(4267,11,2,149,177,'164549',NULL,NULL),
	(4268,11,2,150,218,'164568','2',NULL),
	(4269,11,2,151,112,'164610',NULL,NULL),
	(4270,11,2,152,202,'164788','3',NULL),
	(4271,11,2,153,186,'164858','2',NULL),
	(4272,11,2,154,153,'164903',NULL,NULL),
	(4273,11,2,155,208,'165095',NULL,NULL),
	(4274,11,2,156,173,'165135',NULL,NULL),
	(4275,11,2,157,148,'165302',NULL,NULL),
	(4276,11,2,158,167,'165515','-20',NULL),
	(4277,11,2,159,137,'165604',NULL,NULL),
	(4278,11,2,160,163,'165695','20',NULL),
	(4279,11,2,161,164,'165770',NULL,NULL),
	(4280,11,2,162,13,'166578',NULL,NULL),
	(4281,11,1,1,8,'12576','10',NULL),
	(4282,11,1,2,32,'12596','6',NULL),
	(4283,11,1,3,1,'12596','4',NULL),
	(4284,11,1,4,83,'12598',NULL,NULL),
	(4285,11,1,5,68,'12598',NULL,NULL),
	(4286,11,1,6,91,'12603',NULL,NULL),
	(4287,11,1,7,204,'12633',NULL,NULL),
	(4288,11,1,8,21,'12635',NULL,NULL),
	(4289,11,1,9,51,'12635',NULL,NULL),
	(4290,11,1,10,71,'12635',NULL,NULL),
	(4291,11,1,11,166,'12635',NULL,NULL),
	(4292,11,1,12,161,'12643',NULL,NULL),
	(4293,11,1,13,75,'12683',NULL,NULL),
	(4294,11,1,14,2,'12683',NULL,NULL),
	(4295,11,1,15,141,'12694',NULL,NULL),
	(4296,11,1,16,205,'12747',NULL,NULL),
	(4297,11,1,17,26,'12755',NULL,NULL),
	(4298,11,1,18,54,'12762',NULL,NULL),
	(4299,11,1,19,211,'12764',NULL,NULL),
	(4300,11,1,20,41,'12764',NULL,NULL),
	(4301,11,1,21,14,'12786',NULL,NULL),
	(4302,11,1,22,58,'12786',NULL,NULL),
	(4303,11,1,23,78,'12786',NULL,NULL),
	(4304,11,1,24,92,'12797',NULL,NULL),
	(4305,11,1,25,125,'12809',NULL,NULL),
	(4306,11,1,26,121,'12809',NULL,NULL),
	(4307,11,1,27,105,'12858',NULL,NULL),
	(4308,11,1,28,61,'12858',NULL,NULL),
	(4309,11,1,29,134,'13006','-20',NULL),
	(4310,11,1,30,168,'13115',NULL,NULL),
	(4311,11,1,31,128,'13165',NULL,NULL),
	(4312,11,1,32,158,'13216',NULL,NULL),
	(4313,11,1,33,124,'13232',NULL,NULL),
	(4314,11,1,34,174,'13265',NULL,NULL),
	(4315,11,1,35,206,'13265',NULL,NULL),
	(4316,11,1,36,191,'13265',NULL,NULL),
	(4317,11,1,37,114,'13265',NULL,NULL),
	(4318,11,1,38,156,'13265',NULL,NULL),
	(4319,11,1,39,142,'13298',NULL,NULL),
	(4320,11,1,40,4,'13298',NULL,NULL),
	(4321,11,1,41,145,'13327',NULL,NULL),
	(4322,11,1,42,203,'13437',NULL,NULL),
	(4323,11,1,43,6,'13437',NULL,NULL),
	(4324,11,1,44,3,'13437',NULL,NULL),
	(4325,11,1,45,187,'13479',NULL,NULL),
	(4326,11,1,46,37,'13505',NULL,NULL),
	(4327,11,1,47,57,'13567',NULL,NULL),
	(4328,11,1,48,33,'13567',NULL,NULL),
	(4329,11,1,49,85,'13567',NULL,NULL),
	(4330,11,1,50,34,'13567',NULL,NULL),
	(4331,11,1,51,46,'13567',NULL,NULL),
	(4332,11,1,52,43,'13567',NULL,NULL),
	(4333,11,1,53,88,'13567',NULL,NULL),
	(4334,11,1,54,24,'13567',NULL,NULL),
	(4335,11,1,55,192,'13621',NULL,NULL),
	(4336,11,1,56,214,'13621',NULL,NULL),
	(4337,11,1,57,188,'13647',NULL,NULL),
	(4338,11,1,58,117,'13647',NULL,NULL),
	(4339,11,1,59,183,'13647',NULL,NULL),
	(4340,11,1,60,16,'13647',NULL,NULL),
	(4341,11,1,61,197,'13698',NULL,NULL),
	(4342,11,1,62,152,'13783',NULL,NULL),
	(4343,11,1,63,155,'13783',NULL,NULL),
	(4344,11,1,64,181,'13783',NULL,NULL),
	(4345,11,1,65,162,'13853',NULL,NULL),
	(4346,11,1,66,178,'13853',NULL,NULL),
	(4347,11,1,67,97,'13853',NULL,NULL),
	(4348,11,1,68,36,'13898',NULL,NULL),
	(4349,11,1,69,86,'13919',NULL,NULL),
	(4350,11,1,70,212,'13919',NULL,NULL),
	(4351,11,1,71,87,'13919',NULL,NULL),
	(4352,11,1,72,27,'13919',NULL,NULL),
	(4353,11,1,73,215,'13919',NULL,NULL),
	(4354,11,1,74,216,'13919',NULL,NULL),
	(4355,11,1,75,82,'13919',NULL,NULL),
	(4356,11,1,76,22,'13919',NULL,NULL),
	(4357,11,1,77,165,'13919',NULL,NULL),
	(4358,11,1,78,193,'13919',NULL,NULL),
	(4359,11,1,79,176,'13919',NULL,NULL),
	(4360,11,1,80,115,'14007',NULL,NULL),
	(4361,11,1,81,77,'14054',NULL,NULL),
	(4362,11,1,82,72,'14054',NULL,NULL),
	(4363,11,1,83,102,'14067',NULL,NULL),
	(4364,11,1,84,101,'14067',NULL,NULL),
	(4365,11,1,85,113,'14067',NULL,NULL),
	(4366,11,1,86,42,'14067',NULL,NULL),
	(4367,11,1,87,45,'14067',NULL,NULL),
	(4368,11,1,88,35,'14067',NULL,NULL),
	(4369,11,1,89,207,'14067',NULL,NULL),
	(4370,11,1,90,93,'14141',NULL,NULL),
	(4371,11,1,91,5,'14143',NULL,NULL),
	(4372,11,1,92,67,'14143',NULL,NULL),
	(4373,11,1,93,136,'14143',NULL,NULL),
	(4374,11,1,94,38,'14143',NULL,NULL),
	(4375,11,1,95,202,'14143',NULL,NULL),
	(4376,11,1,96,84,'14143',NULL,NULL),
	(4377,11,1,97,48,'14143',NULL,NULL),
	(4378,11,1,98,47,'14143',NULL,NULL),
	(4379,11,1,99,122,'14143',NULL,NULL),
	(4380,11,1,100,74,'14143',NULL,NULL),
	(4381,11,1,101,55,'14143',NULL,NULL),
	(4382,11,1,102,217,'14143',NULL,NULL),
	(4383,11,1,103,66,'14143',NULL,NULL),
	(4384,11,1,104,198,'14143',NULL,NULL),
	(4385,11,1,105,62,'14143',NULL,NULL),
	(4386,11,1,106,208,'14143',NULL,NULL),
	(4387,11,1,107,106,'14143',NULL,NULL),
	(4388,11,1,108,103,'14143',NULL,NULL),
	(4389,11,1,109,63,'14143',NULL,NULL),
	(4390,11,1,110,12,'14143',NULL,NULL),
	(4391,11,1,111,11,'14143',NULL,NULL),
	(4392,11,1,112,104,'14143',NULL,NULL),
	(4393,11,1,113,126,'14143',NULL,NULL),
	(4394,11,1,114,64,'14143',NULL,NULL),
	(4395,11,1,115,123,'14143',NULL,NULL),
	(4396,11,1,116,118,'14143',NULL,NULL),
	(4397,11,1,117,201,'14143',NULL,NULL),
	(4398,11,1,118,195,'14143',NULL,NULL),
	(4399,11,1,119,111,'14143',NULL,NULL),
	(4400,11,1,120,184,'14143',NULL,NULL),
	(4401,11,1,121,116,'14143',NULL,NULL),
	(4402,11,1,122,73,'14143',NULL,NULL),
	(4403,11,1,123,13,'14143',NULL,NULL),
	(4404,11,1,124,147,'14180',NULL,NULL),
	(4405,11,1,125,138,'14221',NULL,NULL),
	(4406,11,1,126,7,'14221',NULL,NULL),
	(4407,11,1,127,218,'14221',NULL,NULL),
	(4408,11,1,128,52,'14221',NULL,NULL),
	(4409,11,1,129,157,'14221',NULL,NULL),
	(4410,11,1,130,96,'14221',NULL,NULL),
	(4411,11,1,131,173,'14221',NULL,NULL),
	(4412,11,1,132,213,'14221',NULL,NULL),
	(4413,11,1,133,98,'14221',NULL,NULL),
	(4414,11,1,134,17,'14221',NULL,NULL),
	(4415,11,1,135,137,'14221',NULL,NULL),
	(4416,11,1,136,44,'14221',NULL,NULL),
	(4417,11,1,137,132,'14221','-120',NULL),
	(4418,11,1,138,151,'14221',NULL,NULL),
	(4419,11,1,139,56,'14221',NULL,NULL),
	(4420,11,1,140,194,'14221',NULL,NULL),
	(4421,11,1,141,154,'14221',NULL,NULL),
	(4422,11,1,142,112,'14221',NULL,NULL),
	(4423,11,1,143,53,'14221',NULL,NULL),
	(4424,11,1,144,95,'14221',NULL,NULL),
	(4425,11,1,145,171,'14221',NULL,NULL),
	(4426,11,1,146,18,'14221',NULL,NULL),
	(4427,11,1,147,133,'14221',NULL,NULL),
	(4428,11,1,148,15,'14221',NULL,NULL),
	(4429,11,1,149,94,'14221',NULL,NULL),
	(4430,11,1,150,186,'14241',NULL,NULL),
	(4431,11,1,151,153,'14252',NULL,NULL),
	(4432,11,1,152,182,'14254',NULL,NULL),
	(4433,11,1,153,185,'14287',NULL,NULL),
	(4434,11,1,154,108,'14321',NULL,NULL),
	(4435,11,1,155,107,'14321',NULL,NULL),
	(4436,11,1,156,65,'14334',NULL,NULL),
	(4437,11,1,157,163,'14338',NULL,NULL),
	(4438,11,1,158,25,'14338',NULL,NULL),
	(4439,11,1,159,164,'14338',NULL,NULL),
	(4440,11,1,160,167,'14338','-20',NULL),
	(4441,11,1,161,177,'14341',NULL,NULL),
	(4442,11,1,162,148,'14468',NULL,NULL),
	(4443,12,2,1,8,'177883','23',NULL),
	(4444,12,2,2,1,'177982','4',NULL),
	(4445,12,2,3,32,'177993','12',NULL),
	(4446,12,2,4,51,'178040',NULL,NULL),
	(4447,12,2,5,166,'178049',NULL,NULL),
	(4448,12,2,6,21,'178070','4',NULL),
	(4449,12,2,7,75,'178076',NULL,NULL),
	(4450,12,2,8,161,'178106',NULL,NULL),
	(4451,12,2,9,71,'178136',NULL,NULL),
	(4452,12,2,10,91,'178194','11',NULL),
	(4453,12,2,11,121,'178228',NULL,NULL),
	(4454,12,2,12,78,'178430','4',NULL),
	(4455,12,2,13,105,'178432',NULL,NULL),
	(4456,12,2,14,141,'178460',NULL,NULL),
	(4457,12,2,15,68,'178811',NULL,NULL),
	(4458,12,2,16,26,'178884','6',NULL),
	(4459,12,2,17,211,'179002',NULL,NULL),
	(4460,12,2,18,125,'179124',NULL,NULL),
	(4461,12,2,19,2,'179165','-10',NULL),
	(4462,12,2,20,41,'179318',NULL,NULL),
	(4463,12,2,21,114,'179601',NULL,NULL),
	(4464,12,2,22,61,'179978',NULL,NULL),
	(4465,12,2,23,191,'180059',NULL,NULL),
	(4466,12,2,24,134,'180078','-20',NULL),
	(4467,12,2,25,55,'180091','6',NULL),
	(4468,12,2,26,83,'180119',NULL,NULL),
	(4469,12,2,27,58,'180271',NULL,NULL),
	(4470,12,2,28,87,'180569','15',NULL),
	(4471,12,2,29,34,'180666',NULL,NULL),
	(4472,12,2,30,16,'180780',NULL,NULL),
	(4473,12,2,31,162,'180955',NULL,NULL),
	(4474,12,2,32,152,'180981',NULL,NULL),
	(4475,12,2,33,88,'181006',NULL,NULL),
	(4476,12,2,34,181,'181043','1',NULL),
	(4477,12,2,35,156,'181340',NULL,NULL),
	(4478,12,2,36,158,'181385',NULL,NULL),
	(4479,12,2,37,54,'181447',NULL,NULL),
	(4480,12,2,38,42,'181640',NULL,NULL),
	(4481,12,2,39,46,'181659',NULL,NULL),
	(4482,12,2,40,192,'181686',NULL,NULL),
	(4483,12,2,41,101,'181728','13',NULL),
	(4484,12,2,42,36,'181779',NULL,NULL),
	(4485,12,2,43,24,'181923',NULL,NULL),
	(4486,12,2,44,145,'181992',NULL,NULL),
	(4487,12,2,45,183,'182047','3',NULL),
	(4488,12,2,46,14,'182071',NULL,NULL),
	(4489,12,2,47,37,'182127',NULL,NULL),
	(4490,12,2,48,93,'182196',NULL,NULL),
	(4491,12,2,49,85,'182200','4',NULL),
	(4492,12,2,50,104,'182249','6',NULL),
	(4493,12,2,51,204,'182252',NULL,NULL),
	(4494,12,2,52,57,'182458',NULL,NULL),
	(4495,12,2,53,168,'182464',NULL,NULL),
	(4496,12,2,54,67,'182504',NULL,NULL),
	(4497,12,2,55,27,'182520','1',NULL),
	(4498,12,2,56,128,'182536',NULL,NULL),
	(4499,12,2,57,136,'182595',NULL,NULL),
	(4500,12,2,58,205,'182607',NULL,NULL),
	(4501,12,2,59,4,'182622',NULL,NULL),
	(4502,12,2,60,6,'182758',NULL,NULL),
	(4503,12,2,61,214,'182783','3',NULL),
	(4504,12,2,62,92,'182833','-20',NULL),
	(4505,12,2,63,111,'182890','42',NULL),
	(4506,12,2,64,35,'182912',NULL,NULL),
	(4507,12,2,65,198,'182955',NULL,NULL),
	(4508,12,2,66,203,'182955',NULL,NULL),
	(4509,12,2,67,72,'182958','-10',NULL),
	(4510,12,2,68,174,'183080',NULL,NULL),
	(4511,12,2,69,193,'183097',NULL,NULL),
	(4512,12,2,70,212,'183148',NULL,NULL),
	(4513,12,2,71,132,'183191','-120',NULL),
	(4514,12,2,72,126,'183225',NULL,NULL),
	(4515,12,2,73,113,'183240','1',NULL),
	(4516,12,2,74,33,'183268',NULL,NULL),
	(4517,12,2,75,122,'183305',NULL,NULL),
	(4518,12,2,76,216,'183344',NULL,NULL),
	(4519,12,2,77,155,'183356',NULL,NULL),
	(4520,12,2,78,187,'183453',NULL,NULL),
	(4521,12,2,79,43,'183536',NULL,NULL),
	(4522,12,2,80,182,'183540',NULL,NULL),
	(4523,12,2,81,197,'183552',NULL,NULL),
	(4524,12,2,82,124,'183568',NULL,NULL),
	(4525,12,2,83,142,'183586',NULL,NULL),
	(4526,12,2,84,178,'183597',NULL,NULL),
	(4527,12,2,85,165,'183612',NULL,NULL),
	(4528,12,2,86,207,'183614',NULL,NULL),
	(4529,12,2,87,195,'183803',NULL,NULL),
	(4530,12,2,88,147,'183832',NULL,NULL),
	(4531,12,2,89,133,'183853',NULL,NULL),
	(4532,12,2,90,74,'183861',NULL,NULL),
	(4533,12,2,91,215,'183867','2',NULL),
	(4534,12,2,92,194,'183877','14',NULL),
	(4535,12,2,93,106,'183916','4',NULL),
	(4536,12,2,94,38,'183928',NULL,NULL),
	(4537,12,2,95,77,'183933',NULL,NULL),
	(4538,12,2,96,18,'183987',NULL,NULL),
	(4539,12,2,97,22,'183995',NULL,NULL),
	(4540,12,2,98,95,'184005',NULL,NULL),
	(4541,12,2,99,115,'184021',NULL,NULL),
	(4542,12,2,100,116,'184076',NULL,NULL),
	(4543,12,2,101,117,'184088',NULL,NULL),
	(4544,12,2,102,52,'184119','12',NULL),
	(4545,12,2,103,3,'184158',NULL,NULL),
	(4546,12,2,104,86,'184177',NULL,NULL),
	(4547,12,2,105,217,'184296',NULL,NULL),
	(4548,12,2,106,184,'184316','3',NULL),
	(4549,12,2,107,64,'184341',NULL,NULL),
	(4550,12,2,108,47,'184343',NULL,NULL),
	(4551,12,2,109,206,'184352','1',NULL),
	(4552,12,2,110,176,'184357','1',NULL),
	(4553,12,2,111,56,'184381',NULL,NULL),
	(4554,12,2,112,48,'184410',NULL,NULL),
	(4555,12,2,113,12,'184491',NULL,NULL),
	(4556,12,2,114,5,'184573',NULL,NULL),
	(4557,12,2,115,138,'184619',NULL,NULL),
	(4558,12,2,116,82,'184652',NULL,NULL),
	(4559,12,2,117,53,'184666',NULL,NULL),
	(4560,12,2,118,63,'184732','-30',NULL),
	(4561,12,2,119,96,'184747',NULL,NULL),
	(4562,12,2,120,44,'184753','-20',NULL),
	(4563,12,2,121,66,'184837',NULL,NULL),
	(4564,12,2,122,97,'184857',NULL,NULL),
	(4565,12,2,123,102,'184868',NULL,NULL),
	(4566,12,2,124,62,'184890','3',NULL),
	(4567,12,2,125,118,'184904',NULL,NULL),
	(4568,12,2,126,45,'184912',NULL,NULL),
	(4569,12,2,127,154,'184914',NULL,NULL),
	(4570,12,2,128,84,'184958',NULL,NULL),
	(4571,12,2,129,17,'185093',NULL,NULL),
	(4572,12,2,130,7,'185223',NULL,NULL),
	(4573,12,2,131,151,'185245','4',NULL),
	(4574,12,2,132,15,'185282',NULL,NULL),
	(4575,12,2,133,108,'185305',NULL,NULL),
	(4576,12,2,134,157,'185364',NULL,NULL),
	(4577,12,2,135,98,'185364',NULL,NULL),
	(4578,12,2,136,218,'185419','2',NULL),
	(4579,12,2,137,73,'185500',NULL,NULL),
	(4580,12,2,138,202,'185506','3',NULL),
	(4581,12,2,139,94,'185525',NULL,NULL),
	(4582,12,2,140,107,'185555',NULL,NULL),
	(4583,12,2,141,213,'185569',NULL,NULL),
	(4584,12,2,142,65,'185613',NULL,NULL),
	(4585,12,2,143,112,'185632',NULL,NULL),
	(4586,12,2,144,201,'185642','-20',NULL),
	(4587,12,2,145,185,'185745','-10',NULL),
	(4588,12,2,146,186,'185922','2',NULL),
	(4589,12,2,147,208,'186186',NULL,NULL),
	(4590,12,2,148,153,'186303',NULL,NULL),
	(4591,12,2,149,173,'186322','-20',NULL),
	(4592,12,2,150,164,'186559',NULL,NULL),
	(4593,12,2,151,137,'186646','-20',NULL),
	(4594,12,2,152,167,'186740','-20',NULL),
	(4595,12,2,153,13,'187114',NULL,NULL),
	(4596,12,1,1,8,'19117','10',NULL),
	(4597,12,1,2,32,'19119','6',NULL),
	(4598,12,1,3,21,'19120','4',NULL),
	(4599,12,1,4,1,'19121',NULL,NULL),
	(4600,12,1,5,75,'19124',NULL,NULL),
	(4601,12,1,6,166,'19130',NULL,NULL),
	(4602,12,1,7,51,'19130',NULL,NULL),
	(4603,12,1,8,121,'19159',NULL,NULL),
	(4604,12,1,9,71,'19164',NULL,NULL),
	(4605,12,1,10,161,'19170',NULL,NULL),
	(4606,12,1,11,2,'19218','-10',NULL),
	(4607,12,1,12,91,'19222',NULL,NULL),
	(4608,12,1,13,105,'19306',NULL,NULL),
	(4609,12,1,14,78,'19386',NULL,NULL),
	(4610,12,1,15,141,'19386',NULL,NULL),
	(4611,12,1,16,26,'19392','-10',NULL),
	(4612,12,1,17,55,'19394',NULL,NULL),
	(4613,12,1,18,211,'19397',NULL,NULL),
	(4614,12,1,19,125,'19458',NULL,NULL),
	(4615,12,1,20,152,'19529',NULL,NULL),
	(4616,12,1,21,162,'19621',NULL,NULL),
	(4617,12,1,22,34,'19655',NULL,NULL),
	(4618,12,1,23,205,'19690',NULL,NULL),
	(4619,12,1,24,68,'19714',NULL,NULL),
	(4620,12,1,25,16,'19776',NULL,NULL),
	(4621,12,1,26,41,'19776',NULL,NULL),
	(4622,12,1,27,114,'20026',NULL,NULL),
	(4623,12,1,28,37,'20056',NULL,NULL),
	(4624,12,1,29,27,'20458',NULL,NULL),
	(4625,12,1,30,42,'20458',NULL,NULL),
	(4626,12,1,31,158,'20458',NULL,NULL),
	(4627,12,1,32,156,'20458',NULL,NULL),
	(4628,12,1,33,86,'20458',NULL,NULL),
	(4629,12,1,34,203,'20458',NULL,NULL),
	(4630,12,1,35,145,'20458',NULL,NULL),
	(4631,12,1,36,128,'20458',NULL,NULL),
	(4632,12,1,37,88,'20458',NULL,NULL),
	(4633,12,1,38,168,'20458',NULL,NULL),
	(4634,12,1,39,191,'20458',NULL,NULL),
	(4635,12,1,40,6,'20458',NULL,NULL),
	(4636,12,1,41,24,'20458',NULL,NULL),
	(4637,12,1,42,13,'20536',NULL,NULL),
	(4638,12,1,43,57,'20549',NULL,NULL),
	(4639,12,1,44,87,'20582',NULL,NULL),
	(4640,12,1,45,14,'20582',NULL,NULL),
	(4641,12,1,46,54,'20582',NULL,NULL),
	(4642,12,1,47,97,'20637',NULL,NULL),
	(4643,12,1,48,134,'20672',NULL,NULL),
	(4644,12,1,49,124,'20699',NULL,NULL),
	(4645,12,1,50,3,'20707',NULL,NULL),
	(4646,12,1,51,138,'20707',NULL,NULL),
	(4647,12,1,52,85,'20707',NULL,NULL),
	(4648,12,1,53,192,'20716',NULL,NULL),
	(4649,12,1,54,174,'20716',NULL,NULL),
	(4650,12,1,55,136,'20718',NULL,NULL),
	(4651,12,1,56,202,'20718',NULL,NULL),
	(4652,12,1,57,104,'20742',NULL,NULL),
	(4653,12,1,58,212,'20742',NULL,NULL),
	(4654,12,1,59,83,'20742',NULL,NULL),
	(4655,12,1,60,165,'20742',NULL,NULL),
	(4656,12,1,61,18,'20746',NULL,NULL),
	(4657,12,1,62,176,'20748',NULL,NULL),
	(4658,12,1,63,193,'20789',NULL,NULL),
	(4659,12,1,64,214,'20789',NULL,NULL),
	(4660,12,1,65,164,'20789',NULL,NULL),
	(4661,12,1,66,93,'20789',NULL,NULL),
	(4662,12,1,67,155,'20851',NULL,NULL),
	(4663,12,1,68,47,'20851',NULL,NULL),
	(4664,12,1,69,217,'20851',NULL,NULL),
	(4665,12,1,70,154,'20851',NULL,NULL),
	(4666,12,1,71,66,'20851',NULL,NULL),
	(4667,12,1,72,4,'20851',NULL,NULL),
	(4668,12,1,73,33,'20851',NULL,NULL),
	(4669,12,1,74,7,'20851',NULL,NULL),
	(4670,12,1,75,61,'20851',NULL,NULL),
	(4671,12,1,76,82,'20851',NULL,NULL),
	(4672,12,1,77,5,'20851',NULL,NULL),
	(4673,12,1,78,72,'20851','-10',NULL),
	(4674,12,1,79,84,'20851',NULL,NULL),
	(4675,12,1,80,132,'20851',NULL,NULL),
	(4676,12,1,81,74,'20851',NULL,NULL),
	(4677,12,1,82,204,'20851',NULL,NULL),
	(4678,12,1,83,67,'20851',NULL,NULL),
	(4679,12,1,84,35,'20851',NULL,NULL),
	(4680,12,1,85,115,'20851',NULL,NULL),
	(4681,12,1,86,22,'20851',NULL,NULL),
	(4682,12,1,87,45,'20851',NULL,NULL),
	(4683,12,1,88,218,'20851',NULL,NULL),
	(4684,12,1,89,77,'20851',NULL,NULL),
	(4685,12,1,90,197,'20851',NULL,NULL),
	(4686,12,1,91,184,'20851',NULL,NULL),
	(4687,12,1,92,43,'20851',NULL,NULL),
	(4688,12,1,93,187,'20851',NULL,NULL),
	(4689,12,1,94,46,'20851',NULL,NULL),
	(4690,12,1,95,142,'20851',NULL,NULL),
	(4691,12,1,96,181,'20851',NULL,NULL),
	(4692,12,1,97,206,'20851',NULL,NULL),
	(4693,12,1,98,207,'20851',NULL,NULL),
	(4694,12,1,99,215,'20851',NULL,NULL),
	(4695,12,1,100,101,'20868',NULL,NULL),
	(4696,12,1,101,36,'20912',NULL,NULL),
	(4697,12,1,102,198,'20996',NULL,NULL),
	(4698,12,1,103,118,'20996',NULL,NULL),
	(4699,12,1,104,106,'20996',NULL,NULL),
	(4700,12,1,105,126,'20996',NULL,NULL),
	(4701,12,1,106,122,'20996',NULL,NULL),
	(4702,12,1,107,113,'21006',NULL,NULL),
	(4703,12,1,108,116,'21006',NULL,NULL),
	(4704,12,1,109,111,'21006',NULL,NULL),
	(4705,12,1,110,12,'21006',NULL,NULL),
	(4706,12,1,111,73,'21010',NULL,NULL),
	(4707,12,1,112,178,'21014',NULL,NULL),
	(4708,12,1,113,117,'21014',NULL,NULL),
	(4709,12,1,114,133,'21022',NULL,NULL),
	(4710,12,1,115,15,'21022',NULL,NULL),
	(4711,12,1,116,56,'21022',NULL,NULL),
	(4712,12,1,117,137,'21022','-20',NULL),
	(4713,12,1,118,92,'21022','-20',NULL),
	(4714,12,1,119,112,'21022',NULL,NULL),
	(4715,12,1,120,183,'21022',NULL,NULL),
	(4716,12,1,121,102,'21039',NULL,NULL),
	(4717,12,1,122,95,'21056',NULL,NULL),
	(4718,12,1,123,186,'21064',NULL,NULL),
	(4719,12,1,124,195,'21078',NULL,NULL),
	(4720,12,1,125,194,'21078',NULL,NULL),
	(4721,12,1,126,17,'21085',NULL,NULL),
	(4722,12,1,127,216,'21091',NULL,NULL),
	(4723,12,1,128,208,'21091',NULL,NULL),
	(4724,12,1,129,52,'21099',NULL,NULL),
	(4725,12,1,130,58,'21099',NULL,NULL),
	(4726,12,1,131,48,'21099',NULL,NULL),
	(4727,12,1,132,53,'21099',NULL,NULL),
	(4728,12,1,133,64,'21099',NULL,NULL),
	(4729,12,1,134,38,'21099',NULL,NULL),
	(4730,12,1,135,182,'21129',NULL,NULL),
	(4731,12,1,136,147,'21153',NULL,NULL),
	(4732,12,1,137,173,'21167','-20',NULL),
	(4733,12,1,138,108,'21186',NULL,NULL),
	(4734,12,1,139,94,'21201',NULL,NULL),
	(4735,12,1,140,151,'21215',NULL,NULL),
	(4736,12,1,141,185,'21215','-10',NULL),
	(4737,12,1,142,201,'21222','-20',NULL),
	(4738,12,1,143,167,'21225',NULL,NULL),
	(4739,12,1,144,213,'21252',NULL,NULL),
	(4740,12,1,145,98,'21299',NULL,NULL),
	(4741,12,1,146,96,'21301',NULL,NULL),
	(4742,12,1,147,65,'21329',NULL,NULL),
	(4743,12,1,148,62,'21347',NULL,NULL),
	(4744,12,1,149,157,'21373',NULL,NULL),
	(4745,12,1,150,44,'21390','-20',NULL),
	(4746,12,1,151,153,'21400',NULL,NULL),
	(4747,12,1,152,107,'21416',NULL,NULL),
	(4748,12,1,153,63,'21484','-20',NULL),
	(4749,13,2,1,8,'191438','23',NULL),
	(4750,13,2,2,1,'191537','4',NULL),
	(4751,13,2,3,32,'191548','12',NULL),
	(4752,13,2,4,166,'191604',NULL,NULL),
	(4753,13,2,5,21,'191625','4',NULL),
	(4754,13,2,6,75,'191631',NULL,NULL),
	(4755,13,2,7,161,'191661',NULL,NULL),
	(4756,13,2,8,71,'191691',NULL,NULL),
	(4757,13,2,9,91,'191749','11',NULL),
	(4758,13,2,10,121,'191783',NULL,NULL),
	(4759,13,2,11,78,'191985','4',NULL),
	(4760,13,2,12,105,'191987',NULL,NULL),
	(4761,13,2,13,141,'192015',NULL,NULL),
	(4762,13,2,14,68,'192366',NULL,NULL),
	(4763,13,2,15,26,'192439','6',NULL),
	(4764,13,2,16,211,'192557',NULL,NULL),
	(4765,13,2,17,125,'192679',NULL,NULL),
	(4766,13,2,18,2,'192848','-10',NULL),
	(4767,13,2,19,41,'192873',NULL,NULL),
	(4768,13,2,20,114,'193284',NULL,NULL),
	(4769,13,2,21,61,'193616',NULL,NULL),
	(4770,13,2,22,191,'193697',NULL,NULL),
	(4771,13,2,23,55,'193713','6',NULL),
	(4772,13,2,24,134,'193761','-20',NULL),
	(4773,13,2,25,83,'193796',NULL,NULL),
	(4774,13,2,26,58,'193909',NULL,NULL),
	(4775,13,2,27,87,'194124','15',NULL),
	(4776,13,2,28,34,'194304',NULL,NULL),
	(4777,13,2,29,16,'194418',NULL,NULL),
	(4778,13,2,30,181,'194598','1',NULL),
	(4779,13,2,31,162,'194606',NULL,NULL),
	(4780,13,2,32,88,'194644',NULL,NULL),
	(4781,13,2,33,152,'194658',NULL,NULL),
	(4782,13,2,34,158,'194940',NULL,NULL),
	(4783,13,2,35,156,'194978',NULL,NULL),
	(4784,13,2,36,54,'195002',NULL,NULL),
	(4785,13,2,37,42,'195235',NULL,NULL),
	(4786,13,2,38,46,'195281',NULL,NULL),
	(4787,13,2,39,192,'195337',NULL,NULL),
	(4788,13,2,40,101,'195411','13',NULL),
	(4789,13,2,41,36,'195450',NULL,NULL),
	(4790,13,2,42,145,'195580',NULL,NULL),
	(4791,13,2,43,183,'195602','3',NULL),
	(4792,13,2,44,24,'195606',NULL,NULL),
	(4793,13,2,45,14,'195754',NULL,NULL),
	(4794,13,2,46,85,'195755','4',NULL),
	(4795,13,2,47,37,'195765',NULL,NULL),
	(4796,13,2,48,104,'195804','6',NULL),
	(4797,13,2,49,93,'195834',NULL,NULL),
	(4798,13,2,50,204,'195903',NULL,NULL),
	(4799,13,2,51,128,'196091',NULL,NULL),
	(4800,13,2,52,57,'196135',NULL,NULL),
	(4801,13,2,53,27,'196142','1',NULL),
	(4802,13,2,54,168,'196147',NULL,NULL),
	(4803,13,2,55,67,'196187',NULL,NULL),
	(4804,13,2,56,136,'196278',NULL,NULL),
	(4805,13,2,57,205,'196290',NULL,NULL),
	(4806,13,2,58,4,'196305',NULL,NULL),
	(4807,13,2,59,214,'196338','3',NULL),
	(4808,13,2,60,111,'196435','52',NULL),
	(4809,13,2,61,6,'196441',NULL,NULL),
	(4810,13,2,62,198,'196510',NULL,NULL),
	(4811,13,2,63,92,'196516','-20',NULL),
	(4812,13,2,64,35,'196589',NULL,NULL),
	(4813,13,2,65,72,'196596','-10',NULL),
	(4814,13,2,66,203,'196632',NULL,NULL),
	(4815,13,2,67,193,'196704',NULL,NULL),
	(4816,13,2,68,132,'196746','-120',NULL),
	(4817,13,2,69,174,'196763',NULL,NULL),
	(4818,13,2,70,126,'196780',NULL,NULL),
	(4819,13,2,71,212,'196786',NULL,NULL),
	(4820,13,2,72,33,'196823',NULL,NULL),
	(4821,13,2,73,216,'196899',NULL,NULL),
	(4822,13,2,74,113,'196911','1',NULL),
	(4823,13,2,75,122,'196988',NULL,NULL),
	(4824,13,2,76,155,'197033',NULL,NULL),
	(4825,13,2,77,182,'197095',NULL,NULL),
	(4826,13,2,78,187,'197118',NULL,NULL),
	(4827,13,2,79,124,'197190',NULL,NULL),
	(4828,13,2,80,207,'197198',NULL,NULL),
	(4829,13,2,81,165,'197210',NULL,NULL),
	(4830,13,2,82,43,'197219',NULL,NULL),
	(4831,13,2,83,197,'197235',NULL,NULL),
	(4832,13,2,84,142,'197269',NULL,NULL),
	(4833,13,2,85,178,'197280',NULL,NULL),
	(4834,13,2,86,147,'197387',NULL,NULL),
	(4835,13,2,87,133,'197408',NULL,NULL),
	(4836,13,2,88,194,'197432','14',NULL),
	(4837,13,2,89,215,'197451','2',NULL),
	(4838,13,2,90,74,'197456',NULL,NULL),
	(4839,13,2,91,106,'197471','4',NULL),
	(4840,13,2,92,38,'197483',NULL,NULL),
	(4841,13,2,93,95,'197554','6',NULL),
	(4842,13,2,94,195,'197554',NULL,NULL),
	(4843,13,2,95,18,'197556',NULL,NULL),
	(4844,13,2,96,22,'197593',NULL,NULL),
	(4845,13,2,97,77,'197616',NULL,NULL),
	(4846,13,2,98,52,'197674','12',NULL),
	(4847,13,2,99,115,'197704',NULL,NULL),
	(4848,13,2,100,116,'197747',NULL,NULL),
	(4849,13,2,101,117,'197771',NULL,NULL),
	(4850,13,2,102,3,'197829',NULL,NULL),
	(4851,13,2,103,217,'197851',NULL,NULL),
	(4852,13,2,104,64,'197896',NULL,NULL),
	(4853,13,2,105,86,'197900',NULL,NULL),
	(4854,13,2,106,47,'197945',NULL,NULL),
	(4855,13,2,107,184,'197945','3',NULL),
	(4856,13,2,108,56,'198001',NULL,NULL),
	(4857,13,2,109,176,'198008','1',NULL),
	(4858,13,2,110,206,'198035','1',NULL),
	(4859,13,2,111,48,'198061',NULL,NULL),
	(4860,13,2,112,12,'198162',NULL,NULL),
	(4861,13,2,113,138,'198174',NULL,NULL),
	(4862,13,2,114,5,'198256',NULL,NULL),
	(4863,13,2,115,53,'198264',NULL,NULL),
	(4864,13,2,116,82,'198303',NULL,NULL),
	(4865,13,2,117,96,'198349',NULL,NULL),
	(4866,13,2,118,63,'198415','-30',NULL),
	(4867,13,2,119,44,'198436','-20',NULL),
	(4868,13,2,120,62,'198445','3',NULL),
	(4869,13,2,121,45,'198467',NULL,NULL),
	(4870,13,2,122,66,'198520',NULL,NULL),
	(4871,13,2,123,97,'198540',NULL,NULL),
	(4872,13,2,124,102,'198551',NULL,NULL),
	(4873,13,2,125,84,'198572',NULL,NULL),
	(4874,13,2,126,118,'198587',NULL,NULL),
	(4875,13,2,127,154,'198591',NULL,NULL),
	(4876,13,2,128,151,'198796','8',NULL),
	(4877,13,2,129,17,'198813',NULL,NULL),
	(4878,13,2,130,15,'198837',NULL,NULL),
	(4879,13,2,131,7,'198906',NULL,NULL),
	(4880,13,2,132,157,'198943',NULL,NULL),
	(4881,13,2,133,108,'198988',NULL,NULL),
	(4882,13,2,134,218,'199007','2',NULL),
	(4883,13,2,135,98,'199041',NULL,NULL),
	(4884,13,2,136,73,'199095',NULL,NULL),
	(4885,13,2,137,107,'199110',NULL,NULL),
	(4886,13,2,138,213,'199124',NULL,NULL),
	(4887,13,2,139,94,'199127',NULL,NULL),
	(4888,13,2,140,65,'199168',NULL,NULL),
	(4889,13,2,141,202,'199189','3',NULL),
	(4890,13,2,142,201,'199197','-20',NULL),
	(4891,13,2,143,112,'199270',NULL,NULL),
	(4892,13,2,144,185,'199428','-10',NULL),
	(4893,13,2,145,186,'199588','2',NULL),
	(4894,13,2,146,153,'199858',NULL,NULL),
	(4895,13,2,147,208,'199869',NULL,NULL),
	(4896,13,2,148,173,'199877','-20',NULL),
	(4897,13,2,149,164,'200210',NULL,NULL),
	(4898,13,2,150,167,'200295','-20',NULL),
	(4899,13,2,151,137,'200297','-20',NULL),
	(4900,13,2,152,13,'200834',NULL,NULL),
	(4901,13,1,1,111,'13555','10',NULL),
	(4902,13,1,2,95,'13555','6',NULL),
	(4903,13,1,3,151,'13555','4',NULL),
	(4904,13,1,4,194,'13555',NULL,NULL),
	(4905,13,1,5,87,'13555',NULL,NULL),
	(4906,13,1,6,106,'13555',NULL,NULL),
	(4907,13,1,7,126,'13555',NULL,NULL),
	(4908,13,1,8,216,'13555',NULL,NULL),
	(4909,13,1,9,52,'13555',NULL,NULL),
	(4910,13,1,10,15,'13555',NULL,NULL),
	(4911,13,1,11,133,'13555',NULL,NULL),
	(4912,13,1,12,217,'13555',NULL,NULL),
	(4913,13,1,13,153,'13555',NULL,NULL),
	(4914,13,1,14,213,'13555',NULL,NULL),
	(4915,13,1,15,26,'13555',NULL,NULL),
	(4916,13,1,16,33,'13555',NULL,NULL),
	(4917,13,1,17,132,'13555',NULL,NULL),
	(4918,13,1,18,173,'13555',NULL,NULL),
	(4919,13,1,19,201,'13555',NULL,NULL),
	(4920,13,1,20,65,'13555',NULL,NULL),
	(4921,13,1,21,182,'13555',NULL,NULL),
	(4922,13,1,22,21,'13555',NULL,NULL),
	(4923,13,1,23,45,'13555',NULL,NULL),
	(4924,13,1,24,75,'13555',NULL,NULL),
	(4925,13,1,25,8,'13555',NULL,NULL),
	(4926,13,1,26,167,'13555',NULL,NULL),
	(4927,13,1,27,71,'13555',NULL,NULL),
	(4928,13,1,28,107,'13555',NULL,NULL),
	(4929,13,1,29,91,'13555',NULL,NULL),
	(4930,13,1,30,161,'13555',NULL,NULL),
	(4931,13,1,31,105,'13555',NULL,NULL),
	(4932,13,1,32,181,'13555',NULL,NULL),
	(4933,13,1,33,198,'13555',NULL,NULL),
	(4934,13,1,34,147,'13555',NULL,NULL),
	(4935,13,1,35,125,'13555',NULL,NULL),
	(4936,13,1,36,138,'13555',NULL,NULL),
	(4937,13,1,37,32,'13555',NULL,NULL),
	(4938,13,1,38,104,'13555',NULL,NULL),
	(4939,13,1,39,1,'13555',NULL,NULL),
	(4940,13,1,40,68,'13555',NULL,NULL),
	(4941,13,1,41,62,'13555',NULL,NULL),
	(4942,13,1,42,183,'13555',NULL,NULL),
	(4943,13,1,43,85,'13555',NULL,NULL),
	(4944,13,1,44,128,'13555',NULL,NULL),
	(4945,13,1,45,166,'13555',NULL,NULL),
	(4946,13,1,46,141,'13555',NULL,NULL),
	(4947,13,1,47,78,'13555',NULL,NULL),
	(4948,13,1,48,214,'13555',NULL,NULL),
	(4949,13,1,49,121,'13555',NULL,NULL),
	(4950,13,1,50,64,'13555',NULL,NULL),
	(4951,13,1,51,211,'13555',NULL,NULL),
	(4952,13,1,52,41,'13555',NULL,NULL),
	(4953,13,1,53,158,'13555',NULL,NULL),
	(4954,13,1,54,54,'13555',NULL,NULL),
	(4955,13,1,55,38,'13555',NULL,NULL),
	(4956,13,1,56,18,'13569',NULL,NULL),
	(4957,13,1,57,157,'13579',NULL,NULL),
	(4958,13,1,58,207,'13584',NULL,NULL),
	(4959,13,1,59,215,'13584',NULL,NULL),
	(4960,13,1,60,145,'13588',NULL,NULL),
	(4961,13,1,61,218,'13588',NULL,NULL),
	(4962,13,1,62,73,'13595',NULL,NULL),
	(4963,13,1,63,42,'13595',NULL,NULL),
	(4964,13,1,64,74,'13595',NULL,NULL),
	(4965,13,1,65,165,'13598',NULL,NULL),
	(4966,13,1,66,53,'13598',NULL,NULL),
	(4967,13,1,67,22,'13598',NULL,NULL),
	(4968,13,1,68,96,'13602',NULL,NULL),
	(4969,13,1,69,94,'13602',NULL,NULL),
	(4970,13,1,70,47,'13602',NULL,NULL),
	(4971,13,1,71,193,'13607',NULL,NULL),
	(4972,13,1,72,84,'13614',NULL,NULL),
	(4973,13,1,73,56,'13620',NULL,NULL),
	(4974,13,1,74,27,'13622',NULL,NULL),
	(4975,13,1,75,55,'13622',NULL,NULL),
	(4976,13,1,76,124,'13622',NULL,NULL),
	(4977,13,1,77,46,'13622',NULL,NULL),
	(4978,13,1,78,184,'13629',NULL,NULL),
	(4979,13,1,79,58,'13638',NULL,NULL),
	(4980,13,1,80,191,'13638',NULL,NULL),
	(4981,13,1,81,61,'13638',NULL,NULL),
	(4982,13,1,82,212,'13638',NULL,NULL),
	(4983,13,1,83,93,'13638',NULL,NULL),
	(4984,13,1,84,112,'13638',NULL,NULL),
	(4985,13,1,85,16,'13638',NULL,NULL),
	(4986,13,1,86,156,'13638',NULL,NULL),
	(4987,13,1,87,34,'13638',NULL,NULL),
	(4988,13,1,88,37,'13638',NULL,NULL),
	(4989,13,1,89,72,'13638',NULL,NULL),
	(4990,13,1,90,88,'13638',NULL,NULL),
	(4991,13,1,91,162,'13651',NULL,NULL),
	(4992,13,1,92,137,'13651',NULL,NULL),
	(4993,13,1,93,82,'13651',NULL,NULL),
	(4994,13,1,94,192,'13651',NULL,NULL),
	(4995,13,1,95,204,'13651',NULL,NULL),
	(4996,13,1,96,176,'13651',NULL,NULL),
	(4997,13,1,97,164,'13651',NULL,NULL),
	(4998,13,1,98,48,'13651',NULL,NULL),
	(4999,13,1,99,187,'13665',NULL,NULL),
	(5000,13,1,100,186,'13666',NULL,NULL),
	(5001,13,1,101,36,'13671',NULL,NULL),
	(5002,13,1,102,113,'13671',NULL,NULL),
	(5003,13,1,103,12,'13671',NULL,NULL),
	(5004,13,1,104,116,'13671',NULL,NULL),
	(5005,13,1,105,3,'13671',NULL,NULL),
	(5006,13,1,106,155,'13677',NULL,NULL),
	(5007,13,1,107,152,'13677',NULL,NULL),
	(5008,13,1,108,203,'13677',NULL,NULL),
	(5009,13,1,109,83,'13677',NULL,NULL),
	(5010,13,1,110,57,'13677',NULL,NULL),
	(5011,13,1,111,98,'13677',NULL,NULL),
	(5012,13,1,112,154,'13677',NULL,NULL),
	(5013,13,1,113,35,'13677',NULL,NULL),
	(5014,13,1,114,118,'13683',NULL,NULL),
	(5015,13,1,115,115,'13683',NULL,NULL),
	(5016,13,1,116,24,'13683',NULL,NULL),
	(5017,13,1,117,114,'13683',NULL,NULL),
	(5018,13,1,118,174,'13683',NULL,NULL),
	(5019,13,1,119,178,'13683',NULL,NULL),
	(5020,13,1,120,97,'13683',NULL,NULL),
	(5021,13,1,121,208,'13683',NULL,NULL),
	(5022,13,1,122,102,'13683',NULL,NULL),
	(5023,13,1,123,117,'13683',NULL,NULL),
	(5024,13,1,124,142,'13683',NULL,NULL),
	(5025,13,1,125,2,'13683',NULL,NULL),
	(5026,13,1,126,122,'13683',NULL,NULL),
	(5027,13,1,127,4,'13683',NULL,NULL),
	(5028,13,1,128,205,'13683',NULL,NULL),
	(5029,13,1,129,5,'13683',NULL,NULL),
	(5030,13,1,130,7,'13683',NULL,NULL),
	(5031,13,1,131,168,'13683',NULL,NULL),
	(5032,13,1,132,206,'13683',NULL,NULL),
	(5033,13,1,133,77,'13683',NULL,NULL),
	(5034,13,1,134,134,'13683',NULL,NULL),
	(5035,13,1,135,66,'13683',NULL,NULL),
	(5036,13,1,136,14,'13683',NULL,NULL),
	(5037,13,1,137,92,'13683',NULL,NULL),
	(5038,13,1,138,63,'13683',NULL,NULL),
	(5039,13,1,139,67,'13683',NULL,NULL),
	(5040,13,1,140,6,'13683',NULL,NULL),
	(5041,13,1,141,136,'13683',NULL,NULL),
	(5042,13,1,142,43,'13683',NULL,NULL),
	(5043,13,1,143,44,'13683',NULL,NULL),
	(5044,13,1,144,202,'13683',NULL,NULL),
	(5045,13,1,145,108,'13683',NULL,NULL),
	(5046,13,1,146,197,'13683',NULL,NULL),
	(5047,13,1,147,185,'13683',NULL,NULL),
	(5048,13,1,148,101,'13683',NULL,NULL),
	(5049,13,1,149,17,'13720',NULL,NULL),
	(5050,13,1,150,13,'13720',NULL,NULL),
	(5051,13,1,151,86,'13723',NULL,NULL),
	(5052,13,1,152,195,'13751',NULL,NULL),
	(5053,14,2,1,8,'209444','23',NULL),
	(5054,14,2,2,1,'209543','4',NULL),
	(5055,14,2,3,32,'209554','12',NULL),
	(5056,14,2,4,166,'209602',NULL,NULL),
	(5057,14,2,5,21,'209645','4',NULL),
	(5058,14,2,6,75,'209666',NULL,NULL),
	(5059,14,2,7,161,'209681',NULL,NULL),
	(5060,14,2,8,71,'209707',NULL,NULL),
	(5061,14,2,9,121,'209818',NULL,NULL),
	(5062,14,2,10,91,'209858','11',NULL),
	(5063,14,2,11,78,'210020','4',NULL),
	(5064,14,2,12,105,'210037',NULL,NULL),
	(5065,14,2,13,141,'210045',NULL,NULL),
	(5066,14,2,14,68,'210426',NULL,NULL),
	(5067,14,2,15,26,'210492','6',NULL),
	(5068,14,2,16,211,'210639',NULL,NULL),
	(5069,14,2,17,83,'210730',NULL,NULL),
	(5070,14,2,18,125,'210740',NULL,NULL),
	(5071,14,2,19,2,'210868','-10',NULL),
	(5072,14,2,20,41,'210989',NULL,NULL),
	(5073,14,2,21,87,'211186','15',NULL),
	(5074,14,2,22,34,'211240',NULL,NULL),
	(5075,14,2,23,16,'211386',NULL,NULL),
	(5076,14,2,24,181,'211538','1',NULL),
	(5077,14,2,25,114,'211596',NULL,NULL),
	(5078,14,2,26,191,'211789',NULL,NULL),
	(5079,14,2,27,61,'211840',NULL,NULL),
	(5080,14,2,28,134,'211905','-20',NULL),
	(5081,14,2,29,58,'211944',NULL,NULL),
	(5082,14,2,30,54,'212005',NULL,NULL),
	(5083,14,2,31,55,'212025','6',NULL),
	(5084,14,2,32,101,'212328','19',NULL),
	(5085,14,2,33,183,'212692','3',NULL),
	(5086,14,2,34,14,'212737',NULL,NULL),
	(5087,14,2,35,85,'212809','4',NULL),
	(5088,14,2,36,104,'212827','6',NULL),
	(5089,14,2,37,152,'212855',NULL,NULL),
	(5090,14,2,38,88,'212894',NULL,NULL),
	(5091,14,2,39,162,'212918',NULL,NULL),
	(5092,14,2,40,67,'213134',NULL,NULL),
	(5093,14,2,41,158,'213137',NULL,NULL),
	(5094,14,2,42,156,'213228',NULL,NULL),
	(5095,14,2,43,136,'213340',NULL,NULL),
	(5096,14,2,44,42,'213351',NULL,NULL),
	(5097,14,2,45,111,'213364','52',NULL),
	(5098,14,2,46,198,'213429','4',NULL),
	(5099,14,2,47,192,'213481',NULL,NULL),
	(5100,14,2,48,203,'213568',NULL,NULL),
	(5101,14,2,49,46,'213599',NULL,NULL),
	(5102,14,2,50,72,'213640','-10',NULL),
	(5103,14,2,51,36,'213645',NULL,NULL),
	(5104,14,2,52,174,'213717',NULL,NULL),
	(5105,14,2,53,24,'213803',NULL,NULL),
	(5106,14,2,54,212,'213809',NULL,NULL),
	(5107,14,2,55,145,'213874',NULL,NULL),
	(5108,14,2,56,122,'213895','10',NULL),
	(5109,14,2,57,37,'213909',NULL,NULL),
	(5110,14,2,58,204,'214215',NULL,NULL),
	(5111,14,2,59,93,'214224',NULL,NULL),
	(5112,14,2,60,168,'214256',NULL,NULL),
	(5113,14,2,61,57,'214385',NULL,NULL),
	(5114,14,2,62,128,'214409',NULL,NULL),
	(5115,14,2,63,214,'214447','3',NULL),
	(5116,14,2,64,27,'214460','1',NULL),
	(5117,14,2,65,4,'214514',NULL,NULL),
	(5118,14,2,66,205,'214602',NULL,NULL),
	(5119,14,2,67,6,'214759',NULL,NULL),
	(5120,14,2,68,106,'214793','4',NULL),
	(5121,14,2,69,35,'214901',NULL,NULL),
	(5122,14,2,70,92,'214943','-20',NULL),
	(5123,14,2,71,193,'215016',NULL,NULL),
	(5124,14,2,72,33,'215018',NULL,NULL),
	(5125,14,2,73,206,'215030','1',NULL),
	(5126,14,2,74,132,'215058','-120',NULL),
	(5127,14,2,75,126,'215092',NULL,NULL),
	(5128,14,2,76,56,'215135',NULL,NULL),
	(5129,14,2,77,216,'215149',NULL,NULL),
	(5130,14,2,78,184,'215257','3',NULL),
	(5131,14,2,79,138,'215294',NULL,NULL),
	(5132,14,2,80,124,'215299',NULL,NULL),
	(5133,14,2,81,155,'215329',NULL,NULL),
	(5134,14,2,82,113,'215400','1',NULL),
	(5135,14,2,83,187,'215430',NULL,NULL),
	(5136,14,2,84,207,'215516',NULL,NULL),
	(5137,14,2,85,142,'215519',NULL,NULL),
	(5138,14,2,86,165,'215522',NULL,NULL),
	(5139,14,2,87,182,'215530',NULL,NULL),
	(5140,14,2,88,178,'215530',NULL,NULL),
	(5141,14,2,89,197,'215553',NULL,NULL),
	(5142,14,2,90,43,'215609',NULL,NULL),
	(5143,14,2,91,147,'215670',NULL,NULL),
	(5144,14,2,92,215,'215701','2',NULL),
	(5145,14,2,93,133,'215720',NULL,NULL),
	(5146,14,2,94,74,'215774',NULL,NULL),
	(5147,14,2,95,38,'215795',NULL,NULL),
	(5148,14,2,96,194,'215800','14',NULL),
	(5149,14,2,97,195,'215872',NULL,NULL),
	(5150,14,2,98,22,'215905',NULL,NULL),
	(5151,14,2,99,77,'215928',NULL,NULL),
	(5152,14,2,100,52,'215986','12',NULL),
	(5153,14,2,101,18,'215999',NULL,NULL),
	(5154,14,2,102,95,'216018','6',NULL),
	(5155,14,2,103,115,'216022',NULL,NULL),
	(5156,14,2,104,116,'216059',NULL,NULL),
	(5157,14,2,105,117,'216083',NULL,NULL),
	(5158,14,2,106,217,'216134',NULL,NULL),
	(5159,14,2,107,3,'216147',NULL,NULL),
	(5160,14,2,108,86,'216150',NULL,NULL),
	(5161,14,2,109,47,'216257',NULL,NULL),
	(5162,14,2,110,64,'216286',NULL,NULL),
	(5163,14,2,111,65,'216288',NULL,NULL),
	(5164,14,2,112,176,'216320','1',NULL),
	(5165,14,2,113,48,'216379',NULL,NULL),
	(5166,14,2,114,12,'216480',NULL,NULL),
	(5167,14,2,115,112,'216618',NULL,NULL),
	(5168,14,2,116,5,'216646',NULL,NULL),
	(5169,14,2,117,45,'216681',NULL,NULL),
	(5170,14,2,118,53,'216691',NULL,NULL),
	(5171,14,2,119,44,'216754','-20',NULL),
	(5172,14,2,120,96,'216776',NULL,NULL),
	(5173,14,2,121,102,'216801',NULL,NULL),
	(5174,14,2,122,63,'216805','-30',NULL),
	(5175,14,2,123,84,'216822',NULL,NULL),
	(5176,14,2,124,62,'216835','3',NULL),
	(5177,14,2,125,97,'216852',NULL,NULL),
	(5178,14,2,126,66,'216910',NULL,NULL),
	(5179,14,2,127,154,'216981',NULL,NULL),
	(5180,14,2,128,208,'217023',NULL,NULL),
	(5181,14,2,129,118,'217088',NULL,NULL),
	(5182,14,2,130,17,'217131',NULL,NULL),
	(5183,14,2,131,218,'217180','2',NULL),
	(5184,14,2,132,108,'217210',NULL,NULL),
	(5185,14,2,133,15,'217227',NULL,NULL),
	(5186,14,2,134,151,'217301','8',NULL),
	(5187,14,2,135,157,'217311',NULL,NULL),
	(5188,14,2,136,7,'217333',NULL,NULL),
	(5189,14,2,137,98,'217353',NULL,NULL),
	(5190,14,2,138,201,'217362','-20',NULL),
	(5191,14,2,139,213,'217407',NULL,NULL),
	(5192,14,2,140,73,'217413',NULL,NULL),
	(5193,14,2,141,202,'217507','3',NULL),
	(5194,14,2,142,185,'217513','-10',NULL),
	(5195,14,2,143,107,'217537',NULL,NULL),
	(5196,14,2,144,94,'217623',NULL,NULL),
	(5197,14,2,145,186,'217900','2',NULL),
	(5198,14,2,146,173,'218177','-20',NULL),
	(5199,14,2,147,153,'218329',NULL,NULL),
	(5200,14,2,148,137,'218609','-20',NULL),
	(5201,14,2,149,167,'218613','-20',NULL),
	(5202,14,2,150,164,'218653',NULL,NULL),
	(5203,14,2,151,13,'219273',NULL,NULL),
	(5204,14,1,1,122,'16917','10',NULL),
	(5205,14,1,2,101,'16923','6',NULL),
	(5206,14,1,3,198,'16923','4',NULL),
	(5207,14,1,4,111,'16929',NULL,NULL),
	(5208,14,1,5,83,'16934',NULL,NULL),
	(5209,14,1,6,34,'16936',NULL,NULL),
	(5210,14,1,7,203,'16936',NULL,NULL),
	(5211,14,1,8,181,'16940',NULL,NULL),
	(5212,14,1,9,67,'16947',NULL,NULL),
	(5213,14,1,10,174,'16954',NULL,NULL),
	(5214,14,1,11,16,'16968',NULL,NULL),
	(5215,14,1,12,14,'16983',NULL,NULL),
	(5216,14,1,13,206,'16995',NULL,NULL),
	(5217,14,1,14,54,'17003',NULL,NULL),
	(5218,14,1,15,104,'17023',NULL,NULL),
	(5219,14,1,16,212,'17023',NULL,NULL),
	(5220,14,1,17,85,'17044','-10',NULL),
	(5221,14,1,18,72,'17044',NULL,NULL),
	(5222,14,1,19,136,'17062',NULL,NULL),
	(5223,14,1,20,87,'17062',NULL,NULL),
	(5224,14,1,21,183,'17090',NULL,NULL),
	(5225,14,1,22,138,'17120',NULL,NULL),
	(5226,14,1,23,65,'17120',NULL,NULL),
	(5227,14,1,24,56,'17134',NULL,NULL),
	(5228,14,1,25,208,'17154',NULL,NULL),
	(5229,14,1,26,184,'17312',NULL,NULL),
	(5230,14,1,27,106,'17312','-10',NULL),
	(5231,14,1,28,112,'17348',NULL,NULL),
	(5232,14,1,29,166,'17998',NULL,NULL),
	(5233,14,1,30,1,'18006',NULL,NULL),
	(5234,14,1,31,32,'18006',NULL,NULL),
	(5235,14,1,32,8,'18006',NULL,NULL),
	(5236,14,1,33,71,'18016',NULL,NULL),
	(5237,14,1,34,161,'18020',NULL,NULL),
	(5238,14,1,35,2,'18020',NULL,NULL),
	(5239,14,1,36,21,'18020',NULL,NULL),
	(5240,14,1,37,141,'18030',NULL,NULL),
	(5241,14,1,38,78,'18035',NULL,NULL),
	(5242,14,1,39,58,'18035',NULL,NULL),
	(5243,14,1,40,121,'18035',NULL,NULL),
	(5244,14,1,41,75,'18035',NULL,NULL),
	(5245,14,1,42,105,'18050',NULL,NULL),
	(5246,14,1,43,26,'18053',NULL,NULL),
	(5247,14,1,44,68,'18060',NULL,NULL),
	(5248,14,1,45,125,'18061',NULL,NULL),
	(5249,14,1,46,211,'18082',NULL,NULL),
	(5250,14,1,47,185,'18085',NULL,NULL),
	(5251,14,1,48,191,'18092',NULL,NULL),
	(5252,14,1,49,168,'18109',NULL,NULL),
	(5253,14,1,50,91,'18109',NULL,NULL),
	(5254,14,1,51,214,'18109',NULL,NULL),
	(5255,14,1,52,124,'18109',NULL,NULL),
	(5256,14,1,53,42,'18116',NULL,NULL),
	(5257,14,1,54,41,'18116',NULL,NULL),
	(5258,14,1,55,134,'18144',NULL,NULL),
	(5259,14,1,56,192,'18144',NULL,NULL),
	(5260,14,1,57,37,'18144',NULL,NULL),
	(5261,14,1,58,201,'18165',NULL,NULL),
	(5262,14,1,59,218,'18173',NULL,NULL),
	(5263,14,1,60,33,'18195',NULL,NULL),
	(5264,14,1,61,36,'18195',NULL,NULL),
	(5265,14,1,62,152,'18197',NULL,NULL),
	(5266,14,1,63,158,'18197',NULL,NULL),
	(5267,14,1,64,24,'18197',NULL,NULL),
	(5268,14,1,65,4,'18209',NULL,NULL),
	(5269,14,1,66,45,'18214',NULL,NULL),
	(5270,14,1,67,108,'18222',NULL,NULL),
	(5271,14,1,68,61,'18224',NULL,NULL),
	(5272,14,1,69,84,'18250',NULL,NULL),
	(5273,14,1,70,102,'18250',NULL,NULL),
	(5274,14,1,71,178,'18250',NULL,NULL),
	(5275,14,1,72,86,'18250',NULL,NULL),
	(5276,14,1,73,215,'18250',NULL,NULL),
	(5277,14,1,74,88,'18250',NULL,NULL),
	(5278,14,1,75,57,'18250',NULL,NULL),
	(5279,14,1,76,216,'18250',NULL,NULL),
	(5280,14,1,77,156,'18250',NULL,NULL),
	(5281,14,1,78,142,'18250',NULL,NULL),
	(5282,14,1,79,213,'18283',NULL,NULL),
	(5283,14,1,80,217,'18283',NULL,NULL),
	(5284,14,1,81,147,'18283',NULL,NULL),
	(5285,14,1,82,145,'18294',NULL,NULL),
	(5286,14,1,83,155,'18296',NULL,NULL),
	(5287,14,1,84,173,'18300',NULL,NULL),
	(5288,14,1,85,116,'18312',NULL,NULL),
	(5289,14,1,86,38,'18312',NULL,NULL),
	(5290,14,1,87,117,'18312',NULL,NULL),
	(5291,14,1,88,114,'18312',NULL,NULL),
	(5292,14,1,89,186,'18312',NULL,NULL),
	(5293,14,1,90,204,'18312',NULL,NULL),
	(5294,14,1,91,52,'18312',NULL,NULL),
	(5295,14,1,92,137,'18312',NULL,NULL),
	(5296,14,1,93,187,'18312',NULL,NULL),
	(5297,14,1,94,35,'18312',NULL,NULL),
	(5298,14,1,95,47,'18312',NULL,NULL),
	(5299,14,1,96,162,'18312',NULL,NULL),
	(5300,14,1,97,193,'18312',NULL,NULL),
	(5301,14,1,98,77,'18312',NULL,NULL),
	(5302,14,1,99,98,'18312',NULL,NULL),
	(5303,14,1,100,205,'18312',NULL,NULL),
	(5304,14,1,101,22,'18312',NULL,NULL),
	(5305,14,1,102,97,'18312',NULL,NULL),
	(5306,14,1,103,55,'18312',NULL,NULL),
	(5307,14,1,104,176,'18312',NULL,NULL),
	(5308,14,1,105,165,'18312',NULL,NULL),
	(5309,14,1,106,126,'18312',NULL,NULL),
	(5310,14,1,107,132,'18312',NULL,NULL),
	(5311,14,1,108,133,'18312',NULL,NULL),
	(5312,14,1,109,27,'18318',NULL,NULL),
	(5313,14,1,110,207,'18318',NULL,NULL),
	(5314,14,1,111,48,'18318',NULL,NULL),
	(5315,14,1,112,128,'18318',NULL,NULL),
	(5316,14,1,113,44,'18318',NULL,NULL),
	(5317,14,1,114,202,'18318',NULL,NULL),
	(5318,14,1,115,6,'18318',NULL,NULL),
	(5319,14,1,116,46,'18318',NULL,NULL),
	(5320,14,1,117,197,'18318',NULL,NULL),
	(5321,14,1,118,167,'18318',NULL,NULL),
	(5322,14,1,119,3,'18318',NULL,NULL),
	(5323,14,1,120,17,'18318',NULL,NULL),
	(5324,14,1,121,74,'18318',NULL,NULL),
	(5325,14,1,122,73,'18318',NULL,NULL),
	(5326,14,1,123,12,'18318',NULL,NULL),
	(5327,14,1,124,195,'18318',NULL,NULL),
	(5328,14,1,125,115,'18318',NULL,NULL),
	(5329,14,1,126,194,'18368',NULL,NULL),
	(5330,14,1,127,157,'18368',NULL,NULL),
	(5331,14,1,128,66,'18390',NULL,NULL),
	(5332,14,1,129,63,'18390',NULL,NULL),
	(5333,14,1,130,5,'18390',NULL,NULL),
	(5334,14,1,131,64,'18390',NULL,NULL),
	(5335,14,1,132,154,'18390',NULL,NULL),
	(5336,14,1,133,15,'18390',NULL,NULL),
	(5337,14,1,134,43,'18390',NULL,NULL),
	(5338,14,1,135,62,'18390',NULL,NULL),
	(5339,14,1,136,93,'18390',NULL,NULL),
	(5340,14,1,137,7,'18427',NULL,NULL),
	(5341,14,1,138,53,'18427',NULL,NULL),
	(5342,14,1,139,92,'18427',NULL,NULL),
	(5343,14,1,140,96,'18427',NULL,NULL),
	(5344,14,1,141,107,'18427',NULL,NULL),
	(5345,14,1,142,182,'18435',NULL,NULL),
	(5346,14,1,143,13,'18439',NULL,NULL),
	(5347,14,1,144,164,'18443',NULL,NULL),
	(5348,14,1,145,18,'18443',NULL,NULL),
	(5349,14,1,146,95,'18464',NULL,NULL),
	(5350,14,1,147,153,'18471',NULL,NULL),
	(5351,14,1,148,113,'18489',NULL,NULL),
	(5352,14,1,149,94,'18496',NULL,NULL),
	(5353,14,1,150,118,'18501',NULL,NULL),
	(5354,14,1,151,151,'18505',NULL,NULL),
	(5355,15,2,1,8,'226187','23',NULL),
	(5356,15,2,2,1,'226286','4',NULL),
	(5357,15,2,3,32,'226297','12',NULL),
	(5358,15,2,4,166,'226345',NULL,NULL),
	(5359,15,2,5,21,'226388','4',NULL),
	(5360,15,2,6,75,'226409',NULL,NULL),
	(5361,15,2,7,161,'226424',NULL,NULL),
	(5362,15,2,8,71,'226450',NULL,NULL),
	(5363,15,2,9,121,'226561',NULL,NULL),
	(5364,15,2,10,91,'226601','11',NULL),
	(5365,15,2,11,78,'226763','4',NULL),
	(5366,15,2,12,105,'226780',NULL,NULL),
	(5367,15,2,13,141,'226788',NULL,NULL),
	(5368,15,2,14,26,'227235','6',NULL),
	(5369,15,2,15,87,'227289','15',NULL),
	(5370,15,2,16,68,'227318',NULL,NULL),
	(5371,15,2,17,211,'227382',NULL,NULL),
	(5372,15,2,18,83,'227483','-10',NULL),
	(5373,15,2,19,125,'227483',NULL,NULL),
	(5374,15,2,20,181,'227524','1',NULL),
	(5375,15,2,21,114,'227585',NULL,NULL),
	(5376,15,2,22,2,'227611','-10',NULL),
	(5377,15,2,23,41,'227732',NULL,NULL),
	(5378,15,2,24,191,'227739','4',NULL),
	(5379,15,2,25,58,'227930',NULL,NULL),
	(5380,15,2,26,55,'227971','12',NULL),
	(5381,15,2,27,34,'227983',NULL,NULL),
	(5382,15,2,28,134,'228008','-20',NULL),
	(5383,15,2,29,16,'228129',NULL,NULL),
	(5384,15,2,30,61,'228583',NULL,NULL),
	(5385,15,2,31,54,'228748',NULL,NULL),
	(5386,15,2,32,14,'228840',NULL,NULL),
	(5387,15,2,33,67,'229237',NULL,NULL),
	(5388,15,2,34,158,'229240',NULL,NULL),
	(5389,15,2,35,183,'229435','3',NULL),
	(5390,15,2,36,104,'229570','6',NULL),
	(5391,15,2,37,192,'229584',NULL,NULL),
	(5392,15,2,38,152,'229598',NULL,NULL),
	(5393,15,2,39,88,'229647','-10',NULL),
	(5394,15,2,40,162,'229661',NULL,NULL),
	(5395,15,2,41,101,'229696','19',NULL),
	(5396,15,2,42,46,'229702',NULL,NULL),
	(5397,15,2,43,85,'229836','4',NULL),
	(5398,15,2,44,156,'229971',NULL,NULL),
	(5399,15,2,45,111,'230107','52',NULL),
	(5400,15,2,46,42,'230243',NULL,NULL),
	(5401,15,2,47,203,'230311',NULL,NULL),
	(5402,15,2,48,204,'230318',NULL,NULL),
	(5403,15,2,49,72,'230383','-10',NULL),
	(5404,15,2,50,36,'230388',NULL,NULL),
	(5405,15,2,51,128,'230390',NULL,NULL),
	(5406,15,2,52,198,'230456','4',NULL),
	(5407,15,2,53,24,'230546',NULL,NULL),
	(5408,15,2,54,122,'230638','10',NULL),
	(5409,15,2,55,136,'230708',NULL,NULL),
	(5410,15,2,56,37,'230801',NULL,NULL),
	(5411,15,2,57,212,'230836',NULL,NULL),
	(5412,15,2,58,145,'230901',NULL,NULL),
	(5413,15,2,59,93,'230967',NULL,NULL),
	(5414,15,2,60,174,'230973',NULL,NULL),
	(5415,15,2,61,168,'230999',NULL,NULL),
	(5416,15,2,62,126,'231034','10',NULL),
	(5417,15,2,63,33,'231121',NULL,NULL),
	(5418,15,2,64,57,'231128',NULL,NULL),
	(5419,15,2,65,214,'231190','3',NULL),
	(5420,15,2,66,27,'231203','1',NULL),
	(5421,15,2,67,4,'231257',NULL,NULL),
	(5422,15,2,68,205,'231345',NULL,NULL),
	(5423,15,2,69,6,'231502',NULL,NULL),
	(5424,15,2,70,187,'231533',NULL,NULL),
	(5425,15,2,71,197,'231539',NULL,NULL),
	(5426,15,2,72,35,'231928',NULL,NULL),
	(5427,15,2,73,92,'231970','-20',NULL),
	(5428,15,2,74,124,'232042',NULL,NULL),
	(5429,15,2,75,193,'232043',NULL,NULL),
	(5430,15,2,76,206,'232063','1',NULL),
	(5431,15,2,77,106,'232161','4',NULL),
	(5432,15,2,78,216,'232176',NULL,NULL),
	(5433,15,2,79,117,'232186',NULL,NULL),
	(5434,15,2,80,74,'232219',NULL,NULL),
	(5435,15,2,81,77,'232247',NULL,NULL),
	(5436,15,2,82,155,'232356',NULL,NULL),
	(5437,15,2,83,132,'232426','-120',NULL),
	(5438,15,2,84,56,'232503',NULL,NULL),
	(5439,15,2,85,142,'232546',NULL,NULL),
	(5440,15,2,86,165,'232549',NULL,NULL),
	(5441,15,2,87,182,'232557',NULL,NULL),
	(5442,15,2,88,138,'232583',NULL,NULL),
	(5443,15,2,89,184,'232625','3',NULL),
	(5444,15,2,90,43,'232636',NULL,NULL),
	(5445,15,2,91,22,'232648',NULL,NULL),
	(5446,15,2,92,147,'232697',NULL,NULL),
	(5447,15,2,93,215,'232728','2',NULL),
	(5448,15,2,94,113,'232768','1',NULL),
	(5449,15,2,95,38,'232822',NULL,NULL),
	(5450,15,2,96,48,'232824',NULL,NULL),
	(5451,15,2,97,217,'232877',NULL,NULL),
	(5452,15,2,98,52,'232878','12',NULL),
	(5453,15,2,99,207,'232884',NULL,NULL),
	(5454,15,2,100,3,'232890',NULL,NULL),
	(5455,15,2,101,178,'232898',NULL,NULL),
	(5456,15,2,102,66,'233013',NULL,NULL),
	(5457,15,2,103,133,'233088',NULL,NULL),
	(5458,15,2,104,194,'233168','14',NULL),
	(5459,15,2,105,86,'233177',NULL,NULL),
	(5460,15,2,106,195,'233240',NULL,NULL),
	(5461,15,2,107,108,'233313',NULL,NULL),
	(5462,15,2,108,176,'233347','1',NULL),
	(5463,15,2,109,18,'233367',NULL,NULL),
	(5464,15,2,110,95,'233386','6',NULL),
	(5465,15,2,111,115,'233390',NULL,NULL),
	(5466,15,2,112,116,'233427',NULL,NULL),
	(5467,15,2,113,12,'233507',NULL,NULL),
	(5468,15,2,114,73,'233516',NULL,NULL),
	(5469,15,2,115,47,'233625',NULL,NULL),
	(5470,15,2,116,64,'233654',NULL,NULL),
	(5471,15,2,117,65,'233656',NULL,NULL),
	(5472,15,2,118,45,'233708',NULL,NULL),
	(5473,15,2,119,44,'233781','-20',NULL),
	(5474,15,2,120,63,'233832','-30',NULL),
	(5475,15,2,121,97,'233879',NULL,NULL),
	(5476,15,2,122,112,'233986',NULL,NULL),
	(5477,15,2,123,186,'234003','2',NULL),
	(5478,15,2,124,53,'234059',NULL,NULL),
	(5479,15,2,125,84,'234078',NULL,NULL),
	(5480,15,2,126,96,'234144',NULL,NULL),
	(5481,15,2,127,102,'234169',NULL,NULL),
	(5482,15,2,128,62,'234203','3',NULL),
	(5483,15,2,129,154,'234349',NULL,NULL),
	(5484,15,2,130,208,'234391',NULL,NULL),
	(5485,15,2,131,213,'234434',NULL,NULL),
	(5486,15,2,132,218,'234436','2',NULL),
	(5487,15,2,133,118,'234456',NULL,NULL),
	(5488,15,2,134,17,'234499',NULL,NULL),
	(5489,15,2,135,15,'234595',NULL,NULL),
	(5490,15,2,136,151,'234669','8',NULL),
	(5491,15,2,137,157,'234679',NULL,NULL),
	(5492,15,2,138,7,'234701',NULL,NULL),
	(5493,15,2,139,98,'234721',NULL,NULL),
	(5494,15,2,140,201,'234730','-20',NULL),
	(5495,15,2,141,202,'234875','3',NULL),
	(5496,15,2,142,185,'234881','-10',NULL),
	(5497,15,2,143,107,'234905',NULL,NULL),
	(5498,15,2,144,94,'234991',NULL,NULL),
	(5499,15,2,145,173,'235545','-20',NULL),
	(5500,15,2,146,167,'235640','-20',NULL),
	(5501,15,2,147,153,'235697',NULL,NULL),
	(5502,15,2,148,137,'235977','-20',NULL),
	(5503,15,2,149,164,'236021',NULL,NULL),
	(5504,15,2,150,13,'236641',NULL,NULL),
	(5505,15,1,1,126,'15952','10',NULL),
	(5506,15,1,2,55,'15952','6',NULL),
	(5507,15,1,3,191,'15954','4',NULL),
	(5508,15,1,4,128,'15981',NULL,NULL),
	(5509,15,1,5,197,'15986',NULL,NULL),
	(5510,15,1,6,58,'15986',NULL,NULL),
	(5511,15,1,7,181,'15986',NULL,NULL),
	(5512,15,1,8,114,'15989',NULL,NULL),
	(5513,15,1,9,33,'16103',NULL,NULL),
	(5514,15,1,10,192,'16103',NULL,NULL),
	(5515,15,1,11,87,'16103',NULL,NULL),
	(5516,15,1,12,108,'16103',NULL,NULL),
	(5517,15,1,13,73,'16103',NULL,NULL),
	(5518,15,1,14,186,'16103',NULL,NULL),
	(5519,15,1,15,117,'16103',NULL,NULL),
	(5520,15,1,16,46,'16103',NULL,NULL),
	(5521,15,1,17,67,'16103',NULL,NULL),
	(5522,15,1,18,187,'16103',NULL,NULL),
	(5523,15,1,19,14,'16103',NULL,NULL),
	(5524,15,1,20,204,'16103',NULL,NULL),
	(5525,15,1,21,66,'16103',NULL,NULL),
	(5526,15,1,22,134,'16103',NULL,NULL),
	(5527,15,1,23,158,'16103',NULL,NULL),
	(5528,15,1,24,77,'16319',NULL,NULL),
	(5529,15,1,25,48,'16445',NULL,NULL),
	(5530,15,1,26,74,'16445',NULL,NULL),
	(5531,15,1,27,4,'16743',NULL,NULL),
	(5532,15,1,28,1,'16743',NULL,NULL),
	(5533,15,1,29,3,'16743',NULL,NULL),
	(5534,15,1,30,2,'16743',NULL,NULL),
	(5535,15,1,31,156,'16743',NULL,NULL),
	(5536,15,1,32,217,'16743',NULL,NULL),
	(5537,15,1,33,8,'16743',NULL,NULL),
	(5538,15,1,34,34,'16743',NULL,NULL),
	(5539,15,1,35,32,'16743',NULL,NULL),
	(5540,15,1,36,125,'16743',NULL,NULL),
	(5541,15,1,37,36,'16743',NULL,NULL),
	(5542,15,1,38,78,'16743',NULL,NULL),
	(5543,15,1,39,203,'16743',NULL,NULL),
	(5544,15,1,40,83,'16743','-10',NULL),
	(5545,15,1,41,75,'16743',NULL,NULL),
	(5546,15,1,42,21,'16743',NULL,NULL),
	(5547,15,1,43,121,'16743',NULL,NULL),
	(5548,15,1,44,124,'16743',NULL,NULL),
	(5549,15,1,45,16,'16743',NULL,NULL),
	(5550,15,1,46,26,'16743',NULL,NULL),
	(5551,15,1,47,104,'16743',NULL,NULL),
	(5552,15,1,48,93,'16743',NULL,NULL),
	(5553,15,1,49,214,'16743',NULL,NULL),
	(5554,15,1,50,211,'16743',NULL,NULL),
	(5555,15,1,51,24,'16743',NULL,NULL),
	(5556,15,1,52,161,'16743',NULL,NULL),
	(5557,15,1,53,141,'16743',NULL,NULL),
	(5558,15,1,54,22,'16743',NULL,NULL),
	(5559,15,1,55,162,'16743',NULL,NULL),
	(5560,15,1,56,27,'16743',NULL,NULL),
	(5561,15,1,57,168,'16743',NULL,NULL),
	(5562,15,1,58,71,'16743',NULL,NULL),
	(5563,15,1,59,91,'16743',NULL,NULL),
	(5564,15,1,60,122,'16743',NULL,NULL),
	(5565,15,1,61,166,'16743',NULL,NULL),
	(5566,15,1,62,88,'16743','-10',NULL),
	(5567,15,1,63,105,'16743',NULL,NULL),
	(5568,15,1,64,72,'16743',NULL,NULL),
	(5569,15,1,65,205,'16743',NULL,NULL),
	(5570,15,1,66,6,'16743',NULL,NULL),
	(5571,15,1,67,41,'16743',NULL,NULL),
	(5572,15,1,68,152,'16743',NULL,NULL),
	(5573,15,1,69,57,'16743',NULL,NULL),
	(5574,15,1,70,54,'16743',NULL,NULL),
	(5575,15,1,71,61,'16743',NULL,NULL),
	(5576,15,1,72,183,'16743',NULL,NULL),
	(5577,15,1,73,111,'16743',NULL,NULL),
	(5578,15,1,74,68,'16892',NULL,NULL),
	(5579,15,1,75,37,'16892',NULL,NULL),
	(5580,15,1,76,52,'16892',NULL,NULL),
	(5581,15,1,77,42,'16892',NULL,NULL),
	(5582,15,1,78,213,'17027',NULL,NULL),
	(5583,15,1,79,155,'17027',NULL,NULL),
	(5584,15,1,80,86,'17027',NULL,NULL),
	(5585,15,1,81,147,'17027',NULL,NULL),
	(5586,15,1,82,167,'17027',NULL,NULL),
	(5587,15,1,83,35,'17027',NULL,NULL),
	(5588,15,1,84,165,'17027',NULL,NULL),
	(5589,15,1,85,85,'17027',NULL,NULL),
	(5590,15,1,86,145,'17027',NULL,NULL),
	(5591,15,1,87,142,'17027',NULL,NULL),
	(5592,15,1,88,212,'17027',NULL,NULL),
	(5593,15,1,89,63,'17027',NULL,NULL),
	(5594,15,1,90,193,'17027',NULL,NULL),
	(5595,15,1,91,176,'17027',NULL,NULL),
	(5596,15,1,92,216,'17027',NULL,NULL),
	(5597,15,1,93,92,'17027',NULL,NULL),
	(5598,15,1,94,12,'17027',NULL,NULL),
	(5599,15,1,95,97,'17027',NULL,NULL),
	(5600,15,1,96,182,'17027',NULL,NULL),
	(5601,15,1,97,198,'17027',NULL,NULL),
	(5602,15,1,98,38,'17027',NULL,NULL),
	(5603,15,1,99,45,'17027',NULL,NULL),
	(5604,15,1,100,44,'17027',NULL,NULL),
	(5605,15,1,101,43,'17027',NULL,NULL),
	(5606,15,1,102,215,'17027',NULL,NULL),
	(5607,15,1,103,206,'17033',NULL,NULL),
	(5608,15,1,104,174,'17256',NULL,NULL),
	(5609,15,1,105,218,'17256',NULL,NULL),
	(5610,15,1,106,84,'17256',NULL,NULL),
	(5611,15,1,107,138,'17289',NULL,NULL),
	(5612,15,1,108,115,'17368',NULL,NULL),
	(5613,15,1,109,195,'17368',NULL,NULL),
	(5614,15,1,110,208,'17368',NULL,NULL),
	(5615,15,1,111,98,'17368',NULL,NULL),
	(5616,15,1,112,47,'17368',NULL,NULL),
	(5617,15,1,113,202,'17368',NULL,NULL),
	(5618,15,1,114,64,'17368',NULL,NULL),
	(5619,15,1,115,96,'17368',NULL,NULL),
	(5620,15,1,116,116,'17368',NULL,NULL),
	(5621,15,1,117,17,'17368',NULL,NULL),
	(5622,15,1,118,137,'17368',NULL,NULL),
	(5623,15,1,119,65,'17368',NULL,NULL),
	(5624,15,1,120,133,'17368',NULL,NULL),
	(5625,15,1,121,154,'17368',NULL,NULL),
	(5626,15,1,122,102,'17368',NULL,NULL),
	(5627,15,1,123,173,'17368',NULL,NULL),
	(5628,15,1,124,178,'17368',NULL,NULL),
	(5629,15,1,125,106,'17368',NULL,NULL),
	(5630,15,1,126,15,'17368',NULL,NULL),
	(5631,15,1,127,201,'17368',NULL,NULL),
	(5632,15,1,128,132,'17368',NULL,NULL),
	(5633,15,1,129,95,'17368',NULL,NULL),
	(5634,15,1,130,157,'17368',NULL,NULL),
	(5635,15,1,131,194,'17368',NULL,NULL),
	(5636,15,1,132,94,'17368',NULL,NULL),
	(5637,15,1,133,151,'17368',NULL,NULL),
	(5638,15,1,134,118,'17368',NULL,NULL),
	(5639,15,1,135,56,'17368',NULL,NULL),
	(5640,15,1,136,185,'17368',NULL,NULL),
	(5641,15,1,137,112,'17368',NULL,NULL),
	(5642,15,1,138,113,'17368',NULL,NULL),
	(5643,15,1,139,153,'17368',NULL,NULL),
	(5644,15,1,140,107,'17368',NULL,NULL),
	(5645,15,1,141,101,'17368',NULL,NULL),
	(5646,15,1,142,62,'17368',NULL,NULL),
	(5647,15,1,143,207,'17368',NULL,NULL),
	(5648,15,1,144,53,'17368',NULL,NULL),
	(5649,15,1,145,7,'17368',NULL,NULL),
	(5650,15,1,146,18,'17368',NULL,NULL),
	(5651,15,1,147,164,'17368',NULL,NULL),
	(5652,15,1,148,13,'17368',NULL,NULL),
	(5653,15,1,149,136,'17368',NULL,NULL),
	(5654,15,1,150,184,'17368',NULL,NULL),
	(5655,16,2,1,8,'245521','23',NULL),
	(5656,16,2,2,1,'245620','4',NULL),
	(5657,16,2,3,32,'245631','12',NULL),
	(5658,16,2,4,166,'245679',NULL,NULL),
	(5659,16,2,5,21,'245722','4',NULL),
	(5660,16,2,6,75,'245743',NULL,NULL),
	(5661,16,2,7,161,'245758',NULL,NULL),
	(5662,16,2,8,71,'245784',NULL,NULL),
	(5663,16,2,9,121,'245895',NULL,NULL),
	(5664,16,2,10,91,'245935','11',NULL),
	(5665,16,2,11,78,'246097','4',NULL),
	(5666,16,2,12,105,'246114',NULL,NULL),
	(5667,16,2,13,26,'246115','6',NULL),
	(5668,16,2,14,141,'246134',NULL,NULL),
	(5669,16,2,15,211,'246264',NULL,NULL),
	(5670,16,2,16,83,'246363','-10',NULL),
	(5671,16,2,17,87,'246414','15',NULL),
	(5672,16,2,18,191,'246556','4',NULL),
	(5673,16,2,19,68,'246664',NULL,NULL),
	(5674,16,2,20,58,'246750',NULL,NULL),
	(5675,16,2,21,125,'246881',NULL,NULL),
	(5676,16,2,22,41,'246923',NULL,NULL),
	(5677,16,2,23,2,'246945','-10',NULL),
	(5678,16,2,24,55,'246995','12',NULL),
	(5679,16,2,25,181,'247171','1',NULL),
	(5680,16,2,26,34,'247329',NULL,NULL),
	(5681,16,2,27,61,'247396','4',NULL),
	(5682,16,2,28,114,'247532',NULL,NULL),
	(5683,16,2,29,54,'247559','6',NULL),
	(5684,16,2,30,16,'247661',NULL,NULL),
	(5685,16,2,31,101,'248488','29',NULL),
	(5686,16,2,32,162,'248500',NULL,NULL),
	(5687,16,2,33,192,'248773',NULL,NULL),
	(5688,16,2,34,14,'248787',NULL,NULL),
	(5689,16,2,35,156,'248924',NULL,NULL),
	(5690,16,2,36,46,'249058','-10',NULL),
	(5691,16,2,37,183,'249082','3',NULL),
	(5692,16,2,38,88,'249135','-10',NULL),
	(5693,16,2,39,128,'249248',NULL,NULL),
	(5694,16,2,40,67,'249294',NULL,NULL),
	(5695,16,2,41,72,'249336','-10',NULL),
	(5696,16,2,42,158,'249451',NULL,NULL),
	(5697,16,2,43,36,'249732','-10',NULL),
	(5698,16,2,44,152,'249809',NULL,NULL),
	(5699,16,2,45,204,'249850',NULL,NULL),
	(5700,16,2,46,24,'249889',NULL,NULL),
	(5701,16,2,47,203,'249958',NULL,NULL),
	(5702,16,2,48,85,'250047','4',NULL),
	(5703,16,2,49,93,'250158',NULL,NULL),
	(5704,16,2,50,42,'250190',NULL,NULL),
	(5705,16,2,51,104,'250243','6',NULL),
	(5706,16,2,52,136,'250341',NULL,NULL),
	(5707,16,2,53,168,'250366',NULL,NULL),
	(5708,16,2,54,198,'250403','4',NULL),
	(5709,16,2,55,122,'250435','10',NULL),
	(5710,16,2,56,37,'250448',NULL,NULL),
	(5711,16,2,57,212,'250483',NULL,NULL),
	(5712,16,2,58,174,'250505',NULL,NULL),
	(5713,16,2,59,4,'250591',NULL,NULL),
	(5714,16,2,60,111,'250756','52',NULL),
	(5715,16,2,61,205,'250760',NULL,NULL),
	(5716,16,2,62,145,'250830',NULL,NULL),
	(5717,16,2,63,214,'250837','3',NULL),
	(5718,16,2,64,126,'250981','10',NULL),
	(5719,16,2,65,6,'251012',NULL,NULL),
	(5720,16,2,66,57,'251075',NULL,NULL),
	(5721,16,2,67,77,'251119',NULL,NULL),
	(5722,16,2,68,27,'251150','1',NULL),
	(5723,16,2,69,92,'251617','-20',NULL),
	(5724,16,2,70,124,'251689',NULL,NULL),
	(5725,16,2,71,33,'251770',NULL,NULL),
	(5726,16,2,72,178,'251829',NULL,NULL),
	(5727,16,2,73,35,'251875',NULL,NULL),
	(5728,16,2,74,193,'251990',NULL,NULL),
	(5729,16,2,75,155,'252003',NULL,NULL),
	(5730,16,2,76,106,'252108','4',NULL),
	(5731,16,2,77,142,'252155',NULL,NULL),
	(5732,16,2,78,187,'252182',NULL,NULL),
	(5733,16,2,79,197,'252188',NULL,NULL),
	(5734,16,2,80,138,'252216',NULL,NULL),
	(5735,16,2,81,115,'252248',NULL,NULL),
	(5736,16,2,82,74,'252358',NULL,NULL),
	(5737,16,2,83,132,'252373','-120',NULL),
	(5738,16,2,84,22,'252487',NULL,NULL),
	(5739,16,2,85,165,'252496',NULL,NULL),
	(5740,16,2,86,43,'252583',NULL,NULL),
	(5741,16,2,87,3,'252729',NULL,NULL),
	(5742,16,2,88,147,'252738',NULL,NULL),
	(5743,16,2,89,206,'252751','1',NULL),
	(5744,16,2,90,182,'252768',NULL,NULL),
	(5745,16,2,91,38,'252769',NULL,NULL),
	(5746,16,2,92,216,'252825',NULL,NULL),
	(5747,16,2,93,117,'252835',NULL,NULL),
	(5748,16,2,94,113,'252907','1',NULL),
	(5749,16,2,95,86,'253124',NULL,NULL),
	(5750,16,2,96,56,'253152',NULL,NULL),
	(5751,16,2,97,184,'253274','3',NULL),
	(5752,16,2,98,215,'253377','2',NULL),
	(5753,16,2,99,12,'253454',NULL,NULL),
	(5754,16,2,100,48,'253473',NULL,NULL),
	(5755,16,2,101,217,'253526',NULL,NULL),
	(5756,16,2,102,52,'253527','12',NULL),
	(5757,16,2,103,47,'253572',NULL,NULL),
	(5758,16,2,104,207,'253572',NULL,NULL),
	(5759,16,2,105,73,'253655',NULL,NULL),
	(5760,16,2,106,45,'253655',NULL,NULL),
	(5761,16,2,107,64,'253711',NULL,NULL),
	(5762,16,2,108,44,'253728','-20',NULL),
	(5763,16,2,109,133,'253737',NULL,NULL),
	(5764,16,2,110,194,'253817','14',NULL),
	(5765,16,2,111,97,'253826',NULL,NULL),
	(5766,16,2,112,195,'253889',NULL,NULL),
	(5767,16,2,113,108,'253962',NULL,NULL),
	(5768,16,2,114,176,'253996','1',NULL),
	(5769,16,2,115,84,'254025',NULL,NULL),
	(5770,16,2,116,95,'254035','6',NULL),
	(5771,16,2,117,18,'254042',NULL,NULL),
	(5772,16,2,118,116,'254076',NULL,NULL),
	(5773,16,2,119,65,'254305',NULL,NULL),
	(5774,16,2,120,63,'254481','-30',NULL),
	(5775,16,2,121,112,'254635',NULL,NULL),
	(5776,16,2,122,186,'254652','2',NULL),
	(5777,16,2,123,53,'254708',NULL,NULL),
	(5778,16,2,124,96,'254793',NULL,NULL),
	(5779,16,2,125,62,'254852','3',NULL),
	(5780,16,2,126,201,'254944','-20',NULL),
	(5781,16,2,127,154,'254998',NULL,NULL),
	(5782,16,2,128,208,'255040',NULL,NULL),
	(5783,16,2,129,213,'255083',NULL,NULL),
	(5784,16,2,130,218,'255085','2',NULL),
	(5785,16,2,131,118,'255105',NULL,NULL),
	(5786,16,2,132,17,'255148',NULL,NULL),
	(5787,16,2,133,15,'255244',NULL,NULL),
	(5788,16,2,134,157,'255328',NULL,NULL),
	(5789,16,2,135,7,'255350',NULL,NULL),
	(5790,16,2,136,98,'255370',NULL,NULL),
	(5791,16,2,137,202,'255524','3',NULL),
	(5792,16,2,138,185,'255530','-10',NULL),
	(5793,16,2,139,107,'255554',NULL,NULL),
	(5794,16,2,140,94,'255640',NULL,NULL),
	(5795,16,2,141,151,'255951','8',NULL),
	(5796,16,2,142,173,'256194','-20',NULL),
	(5797,16,2,143,167,'256289','-20',NULL),
	(5798,16,2,144,153,'256346',NULL,NULL),
	(5799,16,2,145,164,'256357',NULL,NULL),
	(5800,16,2,146,137,'256626','-20',NULL),
	(5801,16,2,147,13,'257316',NULL,NULL),
	(5802,16,1,1,101,'18802','10',NULL),
	(5803,16,1,2,54,'18817','6',NULL),
	(5804,16,1,3,61,'18817','4',NULL),
	(5805,16,1,4,191,'18817',NULL,NULL),
	(5806,16,1,5,58,'18820',NULL,NULL),
	(5807,16,1,6,162,'18839',NULL,NULL),
	(5808,16,1,7,128,'18858',NULL,NULL),
	(5809,16,1,8,115,'18858',NULL,NULL),
	(5810,16,1,9,77,'18872',NULL,NULL),
	(5811,16,1,10,26,'18880',NULL,NULL),
	(5812,16,1,11,83,'18880',NULL,NULL),
	(5813,16,1,12,211,'18882',NULL,NULL),
	(5814,16,1,13,178,'18931',NULL,NULL),
	(5815,16,1,14,156,'18953',NULL,NULL),
	(5816,16,1,15,72,'18953',NULL,NULL),
	(5817,16,1,16,55,'19024',NULL,NULL),
	(5818,16,1,17,87,'19125',NULL,NULL),
	(5819,16,1,18,192,'19189',NULL,NULL),
	(5820,16,1,19,41,'19191',NULL,NULL),
	(5821,16,1,20,93,'19191',NULL,NULL),
	(5822,16,1,21,4,'19334',NULL,NULL),
	(5823,16,1,22,2,'19334',NULL,NULL),
	(5824,16,1,23,1,'19334',NULL,NULL),
	(5825,16,1,24,8,'19334',NULL,NULL),
	(5826,16,1,25,32,'19334',NULL,NULL),
	(5827,16,1,26,36,'19334','-10',NULL),
	(5828,16,1,27,21,'19334',NULL,NULL),
	(5829,16,1,28,75,'19334',NULL,NULL),
	(5830,16,1,29,161,'19334',NULL,NULL),
	(5831,16,1,30,71,'19334',NULL,NULL),
	(5832,16,1,31,166,'19334',NULL,NULL),
	(5833,16,1,32,121,'19334',NULL,NULL),
	(5834,16,1,33,91,'19334',NULL,NULL),
	(5835,16,1,34,78,'19334',NULL,NULL),
	(5836,16,1,35,105,'19334',NULL,NULL),
	(5837,16,1,36,24,'19343',NULL,NULL),
	(5838,16,1,37,141,'19346',NULL,NULL),
	(5839,16,1,38,34,'19346',NULL,NULL),
	(5840,16,1,39,68,'19346',NULL,NULL),
	(5841,16,1,40,46,'19346','-10',NULL),
	(5842,16,1,41,168,'19367',NULL,NULL),
	(5843,16,1,42,125,'19398',NULL,NULL),
	(5844,16,1,43,205,'19415',NULL,NULL),
	(5845,16,1,44,88,'19488',NULL,NULL),
	(5846,16,1,45,6,'19510',NULL,NULL),
	(5847,16,1,46,174,'19532',NULL,NULL),
	(5848,16,1,47,16,'19532',NULL,NULL),
	(5849,16,1,48,204,'19532',NULL,NULL),
	(5850,16,1,49,142,'19609',NULL,NULL),
	(5851,16,1,50,138,'19633',NULL,NULL),
	(5852,16,1,51,136,'19633',NULL,NULL),
	(5853,16,1,52,155,'19647',NULL,NULL),
	(5854,16,1,53,181,'19647',NULL,NULL),
	(5855,16,1,54,212,'19647',NULL,NULL),
	(5856,16,1,55,203,'19647',NULL,NULL),
	(5857,16,1,56,183,'19647',NULL,NULL),
	(5858,16,1,57,37,'19647',NULL,NULL),
	(5859,16,1,58,124,'19647',NULL,NULL),
	(5860,16,1,59,92,'19647',NULL,NULL),
	(5861,16,1,60,214,'19647',NULL,NULL),
	(5862,16,1,61,122,'19797',NULL,NULL),
	(5863,16,1,62,3,'19839',NULL,NULL),
	(5864,16,1,63,22,'19839',NULL,NULL),
	(5865,16,1,64,145,'19929',NULL,NULL),
	(5866,16,1,65,38,'19947',NULL,NULL),
	(5867,16,1,66,44,'19947',NULL,NULL),
	(5868,16,1,67,193,'19947',NULL,NULL),
	(5869,16,1,68,198,'19947',NULL,NULL),
	(5870,16,1,69,27,'19947',NULL,NULL),
	(5871,16,1,70,12,'19947',NULL,NULL),
	(5872,16,1,71,14,'19947',NULL,NULL),
	(5873,16,1,72,57,'19947',NULL,NULL),
	(5874,16,1,73,42,'19947',NULL,NULL),
	(5875,16,1,74,47,'19947',NULL,NULL),
	(5876,16,1,75,114,'19947',NULL,NULL),
	(5877,16,1,76,84,'19947',NULL,NULL),
	(5878,16,1,77,86,'19947',NULL,NULL),
	(5879,16,1,78,35,'19947',NULL,NULL),
	(5880,16,1,79,165,'19947',NULL,NULL),
	(5881,16,1,80,126,'19947',NULL,NULL),
	(5882,16,1,81,45,'19947',NULL,NULL),
	(5883,16,1,82,106,'19947',NULL,NULL),
	(5884,16,1,83,132,'19947',NULL,NULL),
	(5885,16,1,84,97,'19947',NULL,NULL),
	(5886,16,1,85,43,'19947',NULL,NULL),
	(5887,16,1,86,147,'20041',NULL,NULL),
	(5888,16,1,87,67,'20057',NULL,NULL),
	(5889,16,1,88,64,'20057',NULL,NULL),
	(5890,16,1,89,113,'20139',NULL,NULL),
	(5891,16,1,90,74,'20139',NULL,NULL),
	(5892,16,1,91,73,'20139',NULL,NULL),
	(5893,16,1,92,158,'20211',NULL,NULL),
	(5894,16,1,93,182,'20211',NULL,NULL),
	(5895,16,1,94,152,'20211',NULL,NULL),
	(5896,16,1,95,85,'20211',NULL,NULL),
	(5897,16,1,96,201,'20214',NULL,NULL),
	(5898,16,1,97,164,'20336',NULL,NULL),
	(5899,16,1,98,216,'20649',NULL,NULL),
	(5900,16,1,99,65,'20649',NULL,NULL),
	(5901,16,1,100,33,'20649',NULL,NULL),
	(5902,16,1,101,213,'20649',NULL,NULL),
	(5903,16,1,102,218,'20649',NULL,NULL),
	(5904,16,1,103,157,'20649',NULL,NULL),
	(5905,16,1,104,108,'20649',NULL,NULL),
	(5906,16,1,105,215,'20649',NULL,NULL),
	(5907,16,1,106,173,'20649',NULL,NULL),
	(5908,16,1,107,96,'20649',NULL,NULL),
	(5909,16,1,108,176,'20649',NULL,NULL),
	(5910,16,1,109,208,'20649',NULL,NULL),
	(5911,16,1,110,186,'20649',NULL,NULL),
	(5912,16,1,111,118,'20649',NULL,NULL),
	(5913,16,1,112,98,'20649',NULL,NULL),
	(5914,16,1,113,117,'20649',NULL,NULL),
	(5915,16,1,114,133,'20649',NULL,NULL),
	(5916,16,1,115,194,'20649',NULL,NULL),
	(5917,16,1,116,15,'20649',NULL,NULL),
	(5918,16,1,117,52,'20649',NULL,NULL),
	(5919,16,1,118,48,'20649',NULL,NULL),
	(5920,16,1,119,197,'20649',NULL,NULL),
	(5921,16,1,120,95,'20649',NULL,NULL),
	(5922,16,1,121,167,'20649',NULL,NULL),
	(5923,16,1,122,153,'20649',NULL,NULL),
	(5924,16,1,123,107,'20649',NULL,NULL),
	(5925,16,1,124,56,'20649',NULL,NULL),
	(5926,16,1,125,63,'20649',NULL,NULL),
	(5927,16,1,126,62,'20649',NULL,NULL),
	(5928,16,1,127,116,'20649',NULL,NULL),
	(5929,16,1,128,217,'20649',NULL,NULL),
	(5930,16,1,129,137,'20649',NULL,NULL),
	(5931,16,1,130,17,'20649',NULL,NULL),
	(5932,16,1,131,154,'20649',NULL,NULL),
	(5933,16,1,132,187,'20649',NULL,NULL),
	(5934,16,1,133,202,'20649',NULL,NULL),
	(5935,16,1,134,53,'20649',NULL,NULL),
	(5936,16,1,135,7,'20649',NULL,NULL),
	(5937,16,1,136,112,'20649',NULL,NULL),
	(5938,16,1,137,184,'20649',NULL,NULL),
	(5939,16,1,138,111,'20649',NULL,NULL),
	(5940,16,1,139,195,'20649',NULL,NULL),
	(5941,16,1,140,94,'20649',NULL,NULL),
	(5942,16,1,141,185,'20649',NULL,NULL),
	(5943,16,1,142,104,'20673',NULL,NULL),
	(5944,16,1,143,18,'20675',NULL,NULL),
	(5945,16,1,144,13,'20675',NULL,NULL),
	(5946,16,1,145,206,'20688',NULL,NULL),
	(5947,16,1,146,207,'20688',NULL,NULL),
	(5948,16,1,147,151,'21282',NULL,NULL),
	(5949,17,2,1,8,'254051','27',NULL),
	(5950,17,2,2,32,'254170','12',NULL),
	(5951,17,2,3,1,'254202','4',NULL),
	(5952,17,2,4,166,'254218',NULL,NULL),
	(5953,17,2,5,71,'254261','10',NULL),
	(5954,17,2,6,161,'254310',NULL,NULL),
	(5955,17,2,7,75,'254325',NULL,NULL),
	(5956,17,2,8,21,'254364','4',NULL),
	(5957,17,2,9,91,'254444','17',NULL),
	(5958,17,2,10,121,'254622',NULL,NULL),
	(5959,17,2,11,78,'254736','4',NULL),
	(5960,17,2,12,141,'254742',NULL,NULL),
	(5961,17,2,13,105,'254911',NULL,NULL),
	(5962,17,2,14,26,'255014','6',NULL),
	(5963,17,2,15,211,'255401',NULL,NULL),
	(5964,17,2,16,2,'255525','-10',NULL),
	(5965,17,2,17,41,'255665',NULL,NULL),
	(5966,17,2,18,191,'255693','4',NULL),
	(5967,17,2,19,125,'255706',NULL,NULL),
	(5968,17,2,20,83,'256027','-10',NULL),
	(5969,17,2,21,58,'256042',NULL,NULL),
	(5970,17,2,22,87,'256078','15',NULL),
	(5971,17,2,23,114,'256159',NULL,NULL),
	(5972,17,2,24,68,'256224',NULL,NULL),
	(5973,17,2,25,55,'256295','12',NULL),
	(5974,17,2,26,34,'256515',NULL,NULL),
	(5975,17,2,27,181,'256634','1',NULL),
	(5976,17,2,28,54,'256645','6',NULL),
	(5977,17,2,29,61,'256696','4',NULL),
	(5978,17,2,30,16,'256798',NULL,NULL),
	(5979,17,2,31,101,'257820','29',NULL),
	(5980,17,2,32,14,'257822',NULL,NULL),
	(5981,17,2,33,162,'257960',NULL,NULL),
	(5982,17,2,34,192,'258096',NULL,NULL),
	(5983,17,2,35,88,'258170','-10',NULL),
	(5984,17,2,36,156,'258377',NULL,NULL),
	(5985,17,2,37,183,'258460','3',NULL),
	(5986,17,2,38,152,'258499',NULL,NULL),
	(5987,17,2,39,158,'258588',NULL,NULL),
	(5988,17,2,40,128,'258912',NULL,NULL),
	(5989,17,2,41,46,'258933','-10',NULL),
	(5990,17,2,42,203,'258937',NULL,NULL),
	(5991,17,2,43,204,'259079',NULL,NULL),
	(5992,17,2,44,67,'259085',NULL,NULL),
	(5993,17,2,45,93,'259193',NULL,NULL),
	(5994,17,2,46,168,'259213',NULL,NULL),
	(5995,17,2,47,72,'259371','-10',NULL),
	(5996,17,2,48,24,'259553',NULL,NULL),
	(5997,17,2,49,122,'259612','10',NULL),
	(5998,17,2,50,36,'259695','-10',NULL),
	(5999,17,2,51,85,'259711','4',NULL),
	(6000,17,2,52,212,'259775',NULL,NULL),
	(6001,17,2,53,6,'259811',NULL,NULL),
	(6002,17,2,54,42,'259847',NULL,NULL),
	(6003,17,2,55,57,'259933',NULL,NULL),
	(6004,17,2,56,205,'260060',NULL,NULL),
	(6005,17,2,57,37,'260065',NULL,NULL),
	(6006,17,2,58,198,'260067','4',NULL),
	(6007,17,2,59,145,'260130',NULL,NULL),
	(6008,17,2,60,136,'260160',NULL,NULL),
	(6009,17,2,61,4,'260248',NULL,NULL),
	(6010,17,2,62,214,'260288','3',NULL),
	(6011,17,2,63,124,'260486',NULL,NULL),
	(6012,17,2,64,174,'260540',NULL,NULL),
	(6013,17,2,65,77,'260776',NULL,NULL),
	(6014,17,2,66,27,'260814','1',NULL),
	(6015,17,2,67,111,'260832','52',NULL),
	(6016,17,2,68,92,'260917','-20',NULL),
	(6017,17,2,69,126,'260944','10',NULL),
	(6018,17,2,70,33,'261164',NULL,NULL),
	(6019,17,2,71,155,'261373',NULL,NULL),
	(6020,17,2,72,187,'261482',NULL,NULL),
	(6021,17,2,73,35,'261539',NULL,NULL),
	(6022,17,2,74,115,'261548',NULL,NULL),
	(6023,17,2,75,142,'261819',NULL,NULL),
	(6024,17,2,76,106,'261834','4',NULL),
	(6025,17,2,77,138,'261880',NULL,NULL),
	(6026,17,2,78,74,'262022',NULL,NULL),
	(6027,17,2,79,193,'262025',NULL,NULL),
	(6028,17,2,80,3,'262029',NULL,NULL),
	(6029,17,2,81,178,'262055',NULL,NULL),
	(6030,17,2,82,165,'262160',NULL,NULL),
	(6031,17,2,83,197,'262200',NULL,NULL),
	(6032,17,2,84,206,'262219','1',NULL),
	(6033,17,2,85,22,'262237',NULL,NULL),
	(6034,17,2,86,132,'262385','-120',NULL),
	(6035,17,2,87,43,'262458',NULL,NULL),
	(6036,17,2,88,38,'262493',NULL,NULL),
	(6037,17,2,89,182,'262595',NULL,NULL),
	(6038,17,2,90,216,'262635',NULL,NULL),
	(6039,17,2,91,147,'262696',NULL,NULL),
	(6040,17,2,92,215,'262788','2',NULL),
	(6041,17,2,93,86,'262788',NULL,NULL),
	(6042,17,2,94,117,'262870',NULL,NULL),
	(6043,17,2,95,113,'262983','1',NULL),
	(6044,17,2,96,184,'263002','3',NULL),
	(6045,17,2,97,56,'263221',NULL,NULL),
	(6046,17,2,98,207,'263241',NULL,NULL),
	(6047,17,2,99,45,'263312',NULL,NULL),
	(6048,17,2,100,48,'263346',NULL,NULL),
	(6049,17,2,101,217,'263421',NULL,NULL),
	(6050,17,2,102,12,'263424',NULL,NULL),
	(6051,17,2,103,47,'263445',NULL,NULL),
	(6052,17,2,104,97,'263490',NULL,NULL),
	(6053,17,2,105,52,'263546','12',NULL),
	(6054,17,2,106,44,'263603','-20',NULL),
	(6055,17,2,107,133,'263632',NULL,NULL),
	(6056,17,2,108,73,'263690',NULL,NULL),
	(6057,17,2,109,176,'263738','1',NULL),
	(6058,17,2,110,64,'263746',NULL,NULL),
	(6059,17,2,111,194,'263852','14',NULL),
	(6060,17,2,112,84,'263920',NULL,NULL),
	(6061,17,2,113,195,'263958',NULL,NULL),
	(6062,17,2,114,108,'264023',NULL,NULL),
	(6063,17,2,115,18,'264077',NULL,NULL),
	(6064,17,2,116,116,'264111',NULL,NULL),
	(6065,17,2,117,95,'264165','6',NULL),
	(6066,17,2,118,63,'264376','-30',NULL),
	(6067,17,2,119,62,'264550','3',NULL),
	(6068,17,2,120,65,'264682',NULL,NULL),
	(6069,17,2,121,186,'264687','2',NULL),
	(6070,17,2,122,96,'264688',NULL,NULL),
	(6071,17,2,123,112,'264721',NULL,NULL),
	(6072,17,2,124,53,'264743',NULL,NULL),
	(6073,17,2,125,218,'264749','2',NULL),
	(6074,17,2,126,208,'264772',NULL,NULL),
	(6075,17,2,127,154,'264934',NULL,NULL),
	(6076,17,2,128,201,'265087','-20',NULL),
	(6077,17,2,129,118,'265174',NULL,NULL),
	(6078,17,2,130,17,'265183',NULL,NULL),
	(6079,17,2,131,213,'265276',NULL,NULL),
	(6080,17,2,132,15,'265279',NULL,NULL),
	(6081,17,2,133,7,'265366',NULL,NULL),
	(6082,17,2,134,98,'265405',NULL,NULL),
	(6083,17,2,135,202,'265413','3',NULL),
	(6084,17,2,136,157,'265525',NULL,NULL),
	(6085,17,2,137,185,'265539','-10',NULL),
	(6086,17,2,138,107,'265722',NULL,NULL),
	(6087,17,2,139,94,'265765',NULL,NULL),
	(6088,17,2,140,151,'266194','8',NULL),
	(6089,17,2,141,173,'266229','-20',NULL),
	(6090,17,2,142,167,'266255','-20',NULL),
	(6091,17,2,143,164,'266405',NULL,NULL),
	(6092,17,2,144,137,'266417','-20',NULL),
	(6093,17,2,145,153,'266505',NULL,NULL),
	(6094,17,2,146,13,'267351',NULL,NULL),
	(6095,17,1,1,71,'8487','10',NULL),
	(6096,17,1,2,91,'8515','6',NULL),
	(6097,17,1,3,8,'8534','4',NULL),
	(6098,17,1,4,166,'8539',NULL,NULL),
	(6099,17,1,5,32,'8539',NULL,NULL),
	(6100,17,1,6,161,'8552',NULL,NULL),
	(6101,17,1,7,2,'8580',NULL,NULL),
	(6102,17,1,8,1,'8582',NULL,NULL),
	(6103,17,1,9,75,'8582',NULL,NULL),
	(6104,17,1,10,141,'8608',NULL,NULL),
	(6105,17,1,11,114,'8627',NULL,NULL),
	(6106,17,1,12,78,'8639',NULL,NULL),
	(6107,17,1,13,21,'8642',NULL,NULL),
	(6108,17,1,14,152,'8690',NULL,NULL),
	(6109,17,1,15,121,'8727',NULL,NULL),
	(6110,17,1,16,41,'8742',NULL,NULL),
	(6111,17,1,17,105,'8797',NULL,NULL),
	(6112,17,1,18,124,'8797',NULL,NULL),
	(6113,17,1,19,6,'8799',NULL,NULL),
	(6114,17,1,20,125,'8825',NULL,NULL),
	(6115,17,1,21,168,'8847',NULL,NULL),
	(6116,17,1,22,57,'8858',NULL,NULL),
	(6117,17,1,23,26,'8899',NULL,NULL),
	(6118,17,1,24,203,'8979',NULL,NULL),
	(6119,17,1,25,14,'9035',NULL,NULL),
	(6120,17,1,26,93,'9035',NULL,NULL),
	(6121,17,1,27,88,'9035',NULL,NULL),
	(6122,17,1,28,54,'9086',NULL,NULL),
	(6123,17,1,29,211,'9137',NULL,NULL),
	(6124,17,1,30,16,'9137',NULL,NULL),
	(6125,17,1,31,191,'9137',NULL,NULL),
	(6126,17,1,32,158,'9137',NULL,NULL),
	(6127,17,1,33,122,'9177',NULL,NULL),
	(6128,17,1,34,34,'9186',NULL,NULL),
	(6129,17,1,35,204,'9229',NULL,NULL),
	(6130,17,1,36,58,'9292',NULL,NULL),
	(6131,17,1,37,212,'9292',NULL,NULL),
	(6132,17,1,38,3,'9300',NULL,NULL),
	(6133,17,1,39,55,'9300',NULL,NULL),
	(6134,17,1,40,205,'9300',NULL,NULL),
	(6135,17,1,41,115,'9300',NULL,NULL),
	(6136,17,1,42,61,'9300',NULL,NULL),
	(6137,17,1,43,145,'9300',NULL,NULL),
	(6138,17,1,44,92,'9300',NULL,NULL),
	(6139,17,1,45,187,'9300',NULL,NULL),
	(6140,17,1,46,192,'9323',NULL,NULL),
	(6141,17,1,47,101,'9332',NULL,NULL),
	(6142,17,1,48,155,'9370',NULL,NULL),
	(6143,17,1,49,183,'9378',NULL,NULL),
	(6144,17,1,50,33,'9394',NULL,NULL),
	(6145,17,1,51,215,'9411',NULL,NULL),
	(6146,17,1,52,214,'9451',NULL,NULL),
	(6147,17,1,53,156,'9453',NULL,NULL),
	(6148,17,1,54,162,'9460',NULL,NULL),
	(6149,17,1,55,181,'9463',NULL,NULL),
	(6150,17,1,56,206,'9468',NULL,NULL),
	(6151,17,1,57,68,'9560',NULL,NULL),
	(6152,17,1,58,37,'9617',NULL,NULL),
	(6153,17,1,59,4,'9657',NULL,NULL),
	(6154,17,1,60,77,'9657',NULL,NULL),
	(6155,17,1,61,42,'9657',NULL,NULL),
	(6156,17,1,62,45,'9657',NULL,NULL),
	(6157,17,1,63,27,'9664',NULL,NULL),
	(6158,17,1,64,198,'9664',NULL,NULL),
	(6159,17,1,65,85,'9664',NULL,NULL),
	(6160,17,1,66,24,'9664',NULL,NULL),
	(6161,17,1,67,138,'9664',NULL,NULL),
	(6162,17,1,68,128,'9664',NULL,NULL),
	(6163,17,1,69,35,'9664',NULL,NULL),
	(6164,17,1,70,97,'9664',NULL,NULL),
	(6165,17,1,71,87,'9664',NULL,NULL),
	(6166,17,1,72,218,'9664',NULL,NULL),
	(6167,17,1,73,83,'9664',NULL,NULL),
	(6168,17,1,74,86,'9664',NULL,NULL),
	(6169,17,1,75,165,'9664',NULL,NULL),
	(6170,17,1,76,142,'9664',NULL,NULL),
	(6171,17,1,77,74,'9664',NULL,NULL),
	(6172,17,1,78,207,'9669',NULL,NULL),
	(6173,17,1,79,62,'9698',NULL,NULL),
	(6174,17,1,80,38,'9724',NULL,NULL),
	(6175,17,1,81,106,'9726',NULL,NULL),
	(6176,17,1,82,184,'9728',NULL,NULL),
	(6177,17,1,83,208,'9732',NULL,NULL),
	(6178,17,1,84,176,'9742',NULL,NULL),
	(6179,17,1,85,22,'9750',NULL,NULL),
	(6180,17,1,86,137,'9791',NULL,NULL),
	(6181,17,1,87,67,'9791',NULL,NULL),
	(6182,17,1,88,216,'9810',NULL,NULL),
	(6183,17,1,89,136,'9819',NULL,NULL),
	(6184,17,1,90,182,'9827',NULL,NULL),
	(6185,17,1,91,48,'9873',NULL,NULL),
	(6186,17,1,92,47,'9873',NULL,NULL),
	(6187,17,1,93,44,'9875',NULL,NULL),
	(6188,17,1,94,46,'9875',NULL,NULL),
	(6189,17,1,95,43,'9875',NULL,NULL),
	(6190,17,1,96,202,'9889',NULL,NULL),
	(6191,17,1,97,84,'9895',NULL,NULL),
	(6192,17,1,98,63,'9895',NULL,NULL),
	(6193,17,1,99,217,'9895',NULL,NULL),
	(6194,17,1,100,96,'9895',NULL,NULL),
	(6195,17,1,101,133,'9895',NULL,NULL),
	(6196,17,1,102,154,'9936',NULL,NULL),
	(6197,17,1,103,147,'9958',NULL,NULL),
	(6198,17,1,104,126,'9963',NULL,NULL),
	(6199,17,1,105,36,'9963',NULL,NULL),
	(6200,17,1,106,167,'9966',NULL,NULL),
	(6201,17,1,107,12,'9970',NULL,NULL),
	(6202,17,1,108,185,'10009',NULL,NULL),
	(6203,17,1,109,197,'10012',NULL,NULL),
	(6204,17,1,110,132,'10012',NULL,NULL),
	(6205,17,1,111,7,'10016',NULL,NULL),
	(6206,17,1,112,52,'10019',NULL,NULL),
	(6207,17,1,113,98,'10035',NULL,NULL),
	(6208,17,1,114,116,'10035',NULL,NULL),
	(6209,17,1,115,173,'10035',NULL,NULL),
	(6210,17,1,116,174,'10035',NULL,NULL),
	(6211,17,1,117,193,'10035',NULL,NULL),
	(6212,17,1,118,186,'10035',NULL,NULL),
	(6213,17,1,119,18,'10035',NULL,NULL),
	(6214,17,1,120,194,'10035',NULL,NULL),
	(6215,17,1,121,64,'10035',NULL,NULL),
	(6216,17,1,122,15,'10035',NULL,NULL),
	(6217,17,1,123,53,'10035',NULL,NULL),
	(6218,17,1,124,17,'10035',NULL,NULL),
	(6219,17,1,125,13,'10035',NULL,NULL),
	(6220,17,1,126,72,'10035',NULL,NULL),
	(6221,17,1,127,73,'10035',NULL,NULL),
	(6222,17,1,128,117,'10035',NULL,NULL),
	(6223,17,1,129,164,'10048',NULL,NULL),
	(6224,17,1,130,108,'10061',NULL,NULL),
	(6225,17,1,131,118,'10069',NULL,NULL),
	(6226,17,1,132,195,'10069',NULL,NULL),
	(6227,17,1,133,56,'10069',NULL,NULL),
	(6228,17,1,134,111,'10076',NULL,NULL),
	(6229,17,1,135,113,'10076',NULL,NULL),
	(6230,17,1,136,112,'10086',NULL,NULL),
	(6231,17,1,137,94,'10125',NULL,NULL),
	(6232,17,1,138,95,'10130',NULL,NULL),
	(6233,17,1,139,201,'10143',NULL,NULL),
	(6234,17,1,140,153,'10159',NULL,NULL),
	(6235,17,1,141,107,'10168',NULL,NULL),
	(6236,17,1,142,213,'10193',NULL,NULL),
	(6237,17,1,143,157,'10197',NULL,NULL),
	(6238,17,1,144,178,'10226',NULL,NULL),
	(6239,17,1,145,151,'10243',NULL,NULL),
	(6240,17,1,146,65,'10377',NULL,NULL),
	(6241,18,2,1,8,'267661','27',NULL),
	(6242,18,2,2,32,'267780','12',NULL),
	(6243,18,2,3,1,'267812','4',NULL),
	(6244,18,2,4,166,'267828',NULL,NULL),
	(6245,18,2,5,71,'267871','10',NULL),
	(6246,18,2,6,161,'267920',NULL,NULL),
	(6247,18,2,7,75,'267935',NULL,NULL),
	(6248,18,2,8,21,'267974','4',NULL),
	(6249,18,2,9,91,'268054','17',NULL),
	(6250,18,2,10,121,'268232',NULL,NULL),
	(6251,18,2,11,78,'268346','4',NULL),
	(6252,18,2,12,141,'268352',NULL,NULL),
	(6253,18,2,13,105,'268521',NULL,NULL),
	(6254,18,2,14,26,'268624','6',NULL),
	(6255,18,2,15,211,'269011',NULL,NULL),
	(6256,18,2,16,2,'269135','-10',NULL),
	(6257,18,2,17,41,'269275',NULL,NULL),
	(6258,18,2,18,191,'269303','4',NULL),
	(6259,18,2,19,125,'269316',NULL,NULL),
	(6260,18,2,20,58,'269652',NULL,NULL),
	(6261,18,2,21,87,'269688','15',NULL),
	(6262,18,2,22,83,'269710','-10',NULL),
	(6263,18,2,23,114,'269910',NULL,NULL),
	(6264,18,2,24,68,'269975',NULL,NULL),
	(6265,18,2,25,55,'270059','12',NULL),
	(6266,18,2,26,34,'270125',NULL,NULL),
	(6267,18,2,27,181,'270244','1',NULL),
	(6268,18,2,28,54,'270378','6',NULL),
	(6269,18,2,29,61,'270447','4',NULL),
	(6270,18,2,30,16,'270487',NULL,NULL),
	(6271,18,2,31,14,'271545',NULL,NULL),
	(6272,18,2,32,162,'271570',NULL,NULL),
	(6273,18,2,33,101,'271616','29',NULL),
	(6274,18,2,34,192,'271706',NULL,NULL),
	(6275,18,2,35,88,'271780','-10',NULL),
	(6276,18,2,36,156,'271987',NULL,NULL),
	(6277,18,2,37,183,'272070','3',NULL),
	(6278,18,2,38,152,'272109',NULL,NULL),
	(6279,18,2,39,158,'272198',NULL,NULL),
	(6280,18,2,40,46,'272543','-10',NULL),
	(6281,18,2,41,128,'272601',NULL,NULL),
	(6282,18,2,42,203,'272688',NULL,NULL),
	(6283,18,2,43,67,'272695',NULL,NULL),
	(6284,18,2,44,93,'272803',NULL,NULL),
	(6285,18,2,45,204,'272843',NULL,NULL),
	(6286,18,2,46,168,'272964',NULL,NULL),
	(6287,18,2,47,72,'272981','-10',NULL),
	(6288,18,2,48,24,'273163',NULL,NULL),
	(6289,18,2,49,36,'273305','-10',NULL),
	(6290,18,2,50,85,'273321','4',NULL),
	(6291,18,2,51,122,'273376','10',NULL),
	(6292,18,2,52,212,'273385',NULL,NULL),
	(6293,18,2,53,42,'273457',NULL,NULL),
	(6294,18,2,54,6,'273633',NULL,NULL),
	(6295,18,2,55,37,'273675',NULL,NULL),
	(6296,18,2,56,198,'273677','4',NULL),
	(6297,18,2,57,57,'273697',NULL,NULL),
	(6298,18,2,58,145,'273740',NULL,NULL),
	(6299,18,2,59,205,'273811',NULL,NULL),
	(6300,18,2,60,4,'273858',NULL,NULL),
	(6301,18,2,61,214,'273898','3',NULL),
	(6302,18,2,62,136,'273956',NULL,NULL),
	(6303,18,2,63,124,'274237',NULL,NULL),
	(6304,18,2,64,174,'274291',NULL,NULL),
	(6305,18,2,65,27,'274424','1',NULL),
	(6306,18,2,66,111,'274442','52',NULL),
	(6307,18,2,67,77,'274540',NULL,NULL),
	(6308,18,2,68,126,'274554','10',NULL),
	(6309,18,2,69,92,'274713','-20',NULL),
	(6310,18,2,70,33,'274774',NULL,NULL),
	(6311,18,2,71,155,'275219',NULL,NULL),
	(6312,18,2,72,35,'275226',NULL,NULL),
	(6313,18,2,73,187,'275246',NULL,NULL),
	(6314,18,2,74,115,'275299',NULL,NULL),
	(6315,18,2,75,106,'275444','4',NULL),
	(6316,18,2,76,138,'275490',NULL,NULL),
	(6317,18,2,77,74,'275632',NULL,NULL),
	(6318,18,2,78,193,'275635',NULL,NULL),
	(6319,18,2,79,142,'275665',NULL,NULL),
	(6320,18,2,80,165,'275770',NULL,NULL),
	(6321,18,2,81,3,'275793',NULL,NULL),
	(6322,18,2,82,22,'275847',NULL,NULL),
	(6323,18,2,83,178,'275851',NULL,NULL),
	(6324,18,2,84,197,'275873',NULL,NULL),
	(6325,18,2,85,206,'275975','1',NULL),
	(6326,18,2,86,132,'275995','-120',NULL),
	(6327,18,2,87,38,'276103',NULL,NULL),
	(6328,18,2,88,43,'276222',NULL,NULL),
	(6329,18,2,89,216,'276245',NULL,NULL),
	(6330,18,2,90,147,'276306',NULL,NULL),
	(6331,18,2,91,86,'276398',NULL,NULL),
	(6332,18,2,92,182,'276423',NULL,NULL),
	(6333,18,2,93,215,'276458','2',NULL),
	(6334,18,2,94,184,'276612','3',NULL),
	(6335,18,2,95,117,'276621',NULL,NULL),
	(6336,18,2,96,113,'276676','1',NULL),
	(6337,18,2,97,56,'276831',NULL,NULL),
	(6338,18,2,98,207,'276851',NULL,NULL),
	(6339,18,2,99,45,'276922',NULL,NULL),
	(6340,18,2,100,217,'277031',NULL,NULL),
	(6341,18,2,101,48,'277046',NULL,NULL),
	(6342,18,2,102,47,'277055',NULL,NULL),
	(6343,18,2,103,52,'277156','12',NULL),
	(6344,18,2,104,12,'277180',NULL,NULL),
	(6345,18,2,105,133,'277242',NULL,NULL),
	(6346,18,2,106,73,'277300',NULL,NULL),
	(6347,18,2,107,44,'277326','-20',NULL),
	(6348,18,2,108,97,'277336',NULL,NULL),
	(6349,18,2,109,176,'277461','1',NULL),
	(6350,18,2,110,194,'277462','14',NULL),
	(6351,18,2,111,84,'277530',NULL,NULL),
	(6352,18,2,112,64,'277581',NULL,NULL),
	(6353,18,2,113,195,'277691',NULL,NULL),
	(6354,18,2,114,116,'277721',NULL,NULL),
	(6355,18,2,115,18,'277750',NULL,NULL),
	(6356,18,2,116,95,'277771','10',NULL),
	(6357,18,2,117,108,'277845',NULL,NULL),
	(6358,18,2,118,62,'278160','3',NULL),
	(6359,18,2,119,63,'278211','-30',NULL),
	(6360,18,2,120,65,'278292',NULL,NULL),
	(6361,18,2,121,112,'278331',NULL,NULL),
	(6362,18,2,122,53,'278353',NULL,NULL),
	(6363,18,2,123,208,'278382',NULL,NULL),
	(6364,18,2,124,218,'278429','2',NULL),
	(6365,18,2,125,96,'278429',NULL,NULL),
	(6366,18,2,126,186,'278451','2',NULL),
	(6367,18,2,127,154,'278685',NULL,NULL),
	(6368,18,2,128,201,'278691','6',NULL),
	(6369,18,2,129,17,'278856',NULL,NULL),
	(6370,18,2,130,213,'278886',NULL,NULL),
	(6371,18,2,131,15,'278889',NULL,NULL),
	(6372,18,2,132,118,'278925',NULL,NULL),
	(6373,18,2,133,7,'278976',NULL,NULL),
	(6374,18,2,134,98,'279067',NULL,NULL),
	(6375,18,2,135,202,'279102','3',NULL),
	(6376,18,2,136,157,'279203',NULL,NULL),
	(6377,18,2,137,185,'279303','-10',NULL),
	(6378,18,2,138,107,'279332',NULL,NULL),
	(6379,18,2,139,94,'279436',NULL,NULL),
	(6380,18,2,140,151,'279794','18',NULL),
	(6381,18,2,141,173,'279839','-20',NULL),
	(6382,18,2,142,167,'279865','-20',NULL),
	(6383,18,2,143,164,'280015',NULL,NULL),
	(6384,18,2,144,137,'280027','-20',NULL),
	(6385,18,2,145,153,'280115',NULL,NULL),
	(6386,18,2,146,13,'281239',NULL,NULL),
	(6387,18,1,1,151,'13610','10',NULL),
	(6388,18,1,2,201,'13610','6',NULL),
	(6389,18,1,3,95,'13610','4',NULL),
	(6390,18,1,4,132,'13610',NULL,NULL),
	(6391,18,1,5,52,'13610',NULL,NULL),
	(6392,18,1,6,107,'13610',NULL,NULL),
	(6393,18,1,7,194,'13610',NULL,NULL),
	(6394,18,1,8,111,'13610',NULL,NULL),
	(6395,18,1,9,15,'13610',NULL,NULL),
	(6396,18,1,10,213,'13610',NULL,NULL),
	(6397,18,1,11,106,'13610',NULL,NULL),
	(6398,18,1,12,173,'13610',NULL,NULL),
	(6399,18,1,13,27,'13610',NULL,NULL),
	(6400,18,1,14,133,'13610',NULL,NULL),
	(6401,18,1,15,153,'13610',NULL,NULL),
	(6402,18,1,16,65,'13610',NULL,NULL),
	(6403,18,1,17,216,'13610',NULL,NULL),
	(6404,18,1,18,181,'13610',NULL,NULL),
	(6405,18,1,19,147,'13610',NULL,NULL),
	(6406,18,1,20,126,'13610',NULL,NULL),
	(6407,18,1,21,45,'13610',NULL,NULL),
	(6408,18,1,22,86,'13610',NULL,NULL),
	(6409,18,1,23,184,'13610',NULL,NULL),
	(6410,18,1,24,193,'13610',NULL,NULL),
	(6411,18,1,25,87,'13610',NULL,NULL),
	(6412,18,1,26,85,'13610',NULL,NULL),
	(6413,18,1,27,32,'13610',NULL,NULL),
	(6414,18,1,28,198,'13610',NULL,NULL),
	(6415,18,1,29,183,'13610',NULL,NULL),
	(6416,18,1,30,4,'13610',NULL,NULL),
	(6417,18,1,31,8,'13610',NULL,NULL),
	(6418,18,1,32,73,'13610',NULL,NULL),
	(6419,18,1,33,1,'13610',NULL,NULL),
	(6420,18,1,34,58,'13610',NULL,NULL),
	(6421,18,1,35,62,'13610',NULL,NULL),
	(6422,18,1,36,38,'13610',NULL,NULL),
	(6423,18,1,37,75,'13610',NULL,NULL),
	(6424,18,1,38,21,'13610',NULL,NULL),
	(6425,18,1,39,156,'13610',NULL,NULL),
	(6426,18,1,40,167,'13610',NULL,NULL),
	(6427,18,1,41,165,'13610',NULL,NULL),
	(6428,18,1,42,166,'13610',NULL,NULL),
	(6429,18,1,43,26,'13610',NULL,NULL),
	(6430,18,1,44,78,'13610',NULL,NULL),
	(6431,18,1,45,121,'13610',NULL,NULL),
	(6432,18,1,46,71,'13610',NULL,NULL),
	(6433,18,1,47,91,'13610',NULL,NULL),
	(6434,18,1,48,141,'13610',NULL,NULL),
	(6435,18,1,49,164,'13610',NULL,NULL),
	(6436,18,1,50,88,'13610',NULL,NULL),
	(6437,18,1,51,161,'13610',NULL,NULL),
	(6438,18,1,52,211,'13610',NULL,NULL),
	(6439,18,1,53,125,'13610',NULL,NULL),
	(6440,18,1,54,22,'13610',NULL,NULL),
	(6441,18,1,55,105,'13610',NULL,NULL),
	(6442,18,1,56,41,'13610',NULL,NULL),
	(6443,18,1,57,158,'13610',NULL,NULL),
	(6444,18,1,58,93,'13610',NULL,NULL),
	(6445,18,1,59,162,'13610',NULL,NULL),
	(6446,18,1,60,2,'13610',NULL,NULL),
	(6447,18,1,61,191,'13610',NULL,NULL),
	(6448,18,1,62,74,'13610',NULL,NULL),
	(6449,18,1,63,217,'13610',NULL,NULL),
	(6450,18,1,64,33,'13610',NULL,NULL),
	(6451,18,1,65,208,'13610',NULL,NULL),
	(6452,18,1,66,36,'13610',NULL,NULL),
	(6453,18,1,67,192,'13610',NULL,NULL),
	(6454,18,1,68,145,'13610',NULL,NULL),
	(6455,18,1,69,37,'13610',NULL,NULL),
	(6456,18,1,70,72,'13610',NULL,NULL),
	(6457,18,1,71,34,'13610',NULL,NULL),
	(6458,18,1,72,42,'13610',NULL,NULL),
	(6459,18,1,73,47,'13610',NULL,NULL),
	(6460,18,1,74,137,'13610',NULL,NULL),
	(6461,18,1,75,46,'13610',NULL,NULL),
	(6462,18,1,76,112,'13610',NULL,NULL),
	(6463,18,1,77,215,'13610','-60',NULL),
	(6464,18,1,78,24,'13610',NULL,NULL),
	(6465,18,1,79,212,'13610',NULL,NULL),
	(6466,18,1,80,214,'13610',NULL,NULL),
	(6467,18,1,81,138,'13610',NULL,NULL),
	(6468,18,1,82,207,'13610',NULL,NULL),
	(6469,18,1,83,53,'13610',NULL,NULL),
	(6470,18,1,84,67,'13610',NULL,NULL),
	(6471,18,1,85,84,'13610',NULL,NULL),
	(6472,18,1,86,56,'13610',NULL,NULL),
	(6473,18,1,87,7,'13610',NULL,NULL),
	(6474,18,1,88,116,'13610',NULL,NULL),
	(6475,18,1,89,152,'13610',NULL,NULL),
	(6476,18,1,90,98,'13662',NULL,NULL),
	(6477,18,1,91,94,'13671',NULL,NULL),
	(6478,18,1,92,17,'13673',NULL,NULL),
	(6479,18,1,93,197,'13673',NULL,NULL),
	(6480,18,1,94,18,'13673',NULL,NULL),
	(6481,18,1,95,157,'13678',NULL,NULL),
	(6482,18,1,96,218,'13680',NULL,NULL),
	(6483,18,1,97,83,'13683',NULL,NULL),
	(6484,18,1,98,35,'13687',NULL,NULL),
	(6485,18,1,99,128,'13689',NULL,NULL),
	(6486,18,1,100,16,'13689',NULL,NULL),
	(6487,18,1,101,202,'13689',NULL,NULL),
	(6488,18,1,102,113,'13693',NULL,NULL),
	(6489,18,1,103,48,'13700',NULL,NULL),
	(6490,18,1,104,14,'13723',NULL,NULL),
	(6491,18,1,105,176,'13723',NULL,NULL),
	(6492,18,1,106,44,'13723',NULL,NULL),
	(6493,18,1,107,195,'13733',NULL,NULL),
	(6494,18,1,108,54,'13733',NULL,NULL),
	(6495,18,1,109,96,'13741',NULL,NULL),
	(6496,18,1,110,154,'13751',NULL,NULL),
	(6497,18,1,111,174,'13751',NULL,NULL),
	(6498,18,1,112,168,'13751',NULL,NULL),
	(6499,18,1,113,203,'13751',NULL,NULL),
	(6500,18,1,114,115,'13751',NULL,NULL),
	(6501,18,1,115,124,'13751',NULL,NULL),
	(6502,18,1,116,118,'13751',NULL,NULL),
	(6503,18,1,117,114,'13751',NULL,NULL),
	(6504,18,1,118,61,'13751',NULL,NULL),
	(6505,18,1,119,68,'13751',NULL,NULL),
	(6506,18,1,120,117,'13751',NULL,NULL),
	(6507,18,1,121,205,'13751',NULL,NULL),
	(6508,18,1,122,206,'13756',NULL,NULL),
	(6509,18,1,123,12,'13756',NULL,NULL),
	(6510,18,1,124,122,'13764',NULL,NULL),
	(6511,18,1,125,204,'13764',NULL,NULL),
	(6512,18,1,126,187,'13764',NULL,NULL),
	(6513,18,1,127,55,'13764',NULL,NULL),
	(6514,18,1,128,185,'13764',NULL,NULL),
	(6515,18,1,129,186,'13764',NULL,NULL),
	(6516,18,1,130,57,'13764',NULL,NULL),
	(6517,18,1,131,77,'13764',NULL,NULL),
	(6518,18,1,132,3,'13764',NULL,NULL),
	(6519,18,1,133,43,'13764',NULL,NULL),
	(6520,18,1,134,178,'13796',NULL,NULL),
	(6521,18,1,135,101,'13796',NULL,NULL),
	(6522,18,1,136,136,'13796',NULL,NULL),
	(6523,18,1,137,92,'13796',NULL,NULL),
	(6524,18,1,138,6,'13822',NULL,NULL),
	(6525,18,1,139,108,'13822',NULL,NULL),
	(6526,18,1,140,182,'13828',NULL,NULL),
	(6527,18,1,141,64,'13835',NULL,NULL),
	(6528,18,1,142,63,'13835',NULL,NULL),
	(6529,18,1,143,97,'13846',NULL,NULL),
	(6530,18,1,144,142,'13846',NULL,NULL),
	(6531,18,1,145,155,'13846',NULL,NULL),
	(6532,18,1,146,13,'13888',NULL,NULL),
	(6533,19,2,1,8,'287371','33',NULL),
	(6534,19,2,2,32,'287496','12',NULL),
	(6535,19,2,3,166,'287515','10',NULL),
	(6536,19,2,4,1,'287528','4',NULL),
	(6537,19,2,5,161,'287648',NULL,NULL),
	(6538,19,2,6,75,'287651',NULL,NULL),
	(6539,19,2,7,21,'287686','8',NULL),
	(6540,19,2,8,91,'287770','17',NULL),
	(6541,19,2,9,71,'287997','10',NULL),
	(6542,19,2,10,141,'288080',NULL,NULL),
	(6543,19,2,11,105,'288325',NULL,NULL),
	(6544,19,2,12,121,'288367',NULL,NULL),
	(6545,19,2,13,26,'288592','6',NULL),
	(6546,19,2,14,78,'288921','4',NULL),
	(6547,19,2,15,2,'288939','-10',NULL),
	(6548,19,2,16,125,'289250',NULL,NULL),
	(6549,19,2,17,41,'289410',NULL,NULL),
	(6550,19,2,18,58,'289568',NULL,NULL),
	(6551,19,2,19,114,'289626',NULL,NULL),
	(6552,19,2,20,211,'289771',NULL,NULL),
	(6553,19,2,21,83,'289845','-10',NULL),
	(6554,19,2,22,55,'289975','12',NULL),
	(6555,19,2,23,68,'290110',NULL,NULL),
	(6556,19,2,24,54,'290182','6',NULL),
	(6557,19,2,25,34,'290260',NULL,NULL),
	(6558,19,2,26,191,'290925','4',NULL),
	(6559,19,2,27,16,'291247',NULL,NULL),
	(6560,19,2,28,87,'291300','15',NULL),
	(6561,19,2,29,181,'291866','1',NULL),
	(6562,19,2,30,61,'291924','4',NULL),
	(6563,19,2,31,162,'292023',NULL,NULL),
	(6564,19,2,32,88,'292195','-10',NULL),
	(6565,19,2,33,101,'292421','29',NULL),
	(6566,19,2,34,152,'292595',NULL,NULL),
	(6567,19,2,35,192,'292704',NULL,NULL),
	(6568,19,2,36,168,'293073',NULL,NULL),
	(6569,19,2,37,14,'293167',NULL,NULL),
	(6570,19,2,38,93,'293563',NULL,NULL),
	(6571,19,2,39,156,'293587',NULL,NULL),
	(6572,19,2,40,183,'293670','3',NULL),
	(6573,19,2,41,158,'293820',NULL,NULL),
	(6574,19,2,42,46,'294165','-10',NULL),
	(6575,19,2,43,42,'294217',NULL,NULL),
	(6576,19,2,44,128,'294223',NULL,NULL),
	(6577,19,2,45,203,'294310',NULL,NULL),
	(6578,19,2,46,67,'294317',NULL,NULL),
	(6579,19,2,47,205,'294386',NULL,NULL),
	(6580,19,2,48,204,'294465',NULL,NULL),
	(6581,19,2,49,72,'294603','-10',NULL),
	(6582,19,2,50,4,'294663',NULL,NULL),
	(6583,19,2,51,37,'294673',NULL,NULL),
	(6584,19,2,52,24,'294775',NULL,NULL),
	(6585,19,2,53,36,'294917','-10',NULL),
	(6586,19,2,54,85,'294933','4',NULL),
	(6587,19,2,55,124,'294953',NULL,NULL),
	(6588,19,2,56,122,'294988','10',NULL),
	(6589,19,2,57,212,'294997',NULL,NULL),
	(6590,19,2,58,136,'295106',NULL,NULL),
	(6591,19,2,59,6,'295255',NULL,NULL),
	(6592,19,2,60,57,'295319',NULL,NULL),
	(6593,19,2,61,145,'295340',NULL,NULL),
	(6594,19,2,62,214,'295520','3',NULL),
	(6595,19,2,63,198,'295556','4',NULL),
	(6596,19,2,64,77,'295610',NULL,NULL),
	(6597,19,2,65,174,'295903',NULL,NULL),
	(6598,19,2,66,27,'296024','1',NULL),
	(6599,19,2,67,126,'296176','10',NULL),
	(6600,19,2,68,92,'296325','-20',NULL),
	(6601,19,2,69,33,'296386',NULL,NULL),
	(6602,19,2,70,111,'296442','52',NULL),
	(6603,19,2,71,3,'296660',NULL,NULL),
	(6604,19,2,72,35,'296848',NULL,NULL),
	(6605,19,2,73,187,'296868',NULL,NULL),
	(6606,19,2,74,115,'296921',NULL,NULL),
	(6607,19,2,75,155,'297098',NULL,NULL),
	(6608,19,2,76,138,'297102',NULL,NULL),
	(6609,19,2,77,74,'297244',NULL,NULL),
	(6610,19,2,78,193,'297247',NULL,NULL),
	(6611,19,2,79,142,'297287',NULL,NULL),
	(6612,19,2,80,165,'297392',NULL,NULL),
	(6613,19,2,81,106,'297444','4',NULL),
	(6614,19,2,82,22,'297445',NULL,NULL),
	(6615,19,2,83,197,'297495',NULL,NULL),
	(6616,19,2,84,206,'297642','1',NULL),
	(6617,19,2,85,132,'297646','-120',NULL),
	(6618,19,2,86,43,'297844',NULL,NULL),
	(6619,19,2,87,147,'297928',NULL,NULL),
	(6620,19,2,88,86,'297998',NULL,NULL),
	(6621,19,2,89,182,'298045',NULL,NULL),
	(6622,19,2,90,215,'298070','2',NULL),
	(6623,19,2,91,38,'298103',NULL,NULL),
	(6624,19,2,92,184,'298234','3',NULL),
	(6625,19,2,93,117,'298243',NULL,NULL),
	(6626,19,2,94,216,'298245',NULL,NULL),
	(6627,19,2,95,113,'298288','1',NULL),
	(6628,19,2,96,45,'298534',NULL,NULL),
	(6629,19,2,97,217,'298653',NULL,NULL),
	(6630,19,2,98,47,'298667',NULL,NULL),
	(6631,19,2,99,48,'298668',NULL,NULL),
	(6632,19,2,100,12,'298802',NULL,NULL),
	(6633,19,2,101,56,'298831',NULL,NULL),
	(6634,19,2,102,207,'298851',NULL,NULL),
	(6635,19,2,103,73,'298922',NULL,NULL),
	(6636,19,2,104,44,'298948','-20',NULL),
	(6637,19,2,105,97,'298958',NULL,NULL),
	(6638,19,2,106,176,'299073','1',NULL),
	(6639,19,2,107,84,'299142',NULL,NULL),
	(6640,19,2,108,52,'299156','12',NULL),
	(6641,19,2,109,64,'299203',NULL,NULL),
	(6642,19,2,110,133,'299242',NULL,NULL),
	(6643,19,2,111,194,'299462','14',NULL),
	(6644,19,2,112,195,'299691',NULL,NULL),
	(6645,19,2,113,116,'299721',NULL,NULL),
	(6646,19,2,114,18,'299750',NULL,NULL),
	(6647,19,2,115,95,'299771','10',NULL),
	(6648,19,2,116,108,'299845',NULL,NULL),
	(6649,19,2,117,208,'300004',NULL,NULL),
	(6650,19,2,118,218,'300029','2',NULL),
	(6651,19,2,119,186,'300073','2',NULL),
	(6652,19,2,120,62,'300160','3',NULL),
	(6653,19,2,121,63,'300211','-30',NULL),
	(6654,19,2,122,65,'300292',NULL,NULL),
	(6655,19,2,123,201,'300313','6',NULL),
	(6656,19,2,124,112,'300331',NULL,NULL),
	(6657,19,2,125,53,'300353',NULL,NULL),
	(6658,19,2,126,96,'300429',NULL,NULL),
	(6659,19,2,127,154,'300685',NULL,NULL),
	(6660,19,2,128,202,'300769','3',NULL),
	(6661,19,2,129,7,'300855',NULL,NULL),
	(6662,19,2,130,17,'300856',NULL,NULL),
	(6663,19,2,131,213,'300886',NULL,NULL),
	(6664,19,2,132,118,'300925',NULL,NULL),
	(6665,19,2,133,15,'301019',NULL,NULL),
	(6666,19,2,134,98,'301067',NULL,NULL),
	(6667,19,2,135,185,'301182','-10',NULL),
	(6668,19,2,136,157,'301203',NULL,NULL),
	(6669,19,2,137,107,'301332',NULL,NULL),
	(6670,19,2,138,94,'301436',NULL,NULL),
	(6671,19,2,139,167,'301487','-20',NULL),
	(6672,19,2,140,164,'301637',NULL,NULL),
	(6673,19,2,141,151,'301794','18',NULL),
	(6674,19,2,142,173,'301839','-20',NULL),
	(6675,19,2,143,137,'302027','-20',NULL),
	(6676,19,2,144,153,'302115',NULL,NULL),
	(6677,19,2,145,13,'303239',NULL,NULL),
	(6678,19,1,1,166,'19697','10',NULL),
	(6679,19,1,2,8,'19716','6',NULL);

INSERT INTO `race_results` (`result_id`, `stage_id`, `race_result_type_id`, `ranking`, `rider_id`, `rider_time`, `rider_bonus`, `rider_points`)
VALUES
	(6680,19,1,3,21,'19716','4',NULL),
	(6681,19,1,4,91,'19716',NULL,NULL),
	(6682,19,1,5,114,'19716',NULL,NULL),
	(6683,19,1,6,32,'19716',NULL,NULL),
	(6684,19,1,7,75,'19716',NULL,NULL),
	(6685,19,1,8,1,'19716',NULL,NULL),
	(6686,19,1,9,161,'19728',NULL,NULL),
	(6687,19,1,10,141,'19728',NULL,NULL),
	(6688,19,1,11,54,'19804',NULL,NULL),
	(6689,19,1,12,105,'19804',NULL,NULL),
	(6690,19,1,13,2,'19804',NULL,NULL),
	(6691,19,1,14,58,'19916',NULL,NULL),
	(6692,19,1,15,55,'19916',NULL,NULL),
	(6693,19,1,16,125,'19934',NULL,NULL),
	(6694,19,1,17,26,'19968',NULL,NULL),
	(6695,19,1,18,168,'20109',NULL,NULL),
	(6696,19,1,19,71,'20126',NULL,NULL),
	(6697,19,1,20,121,'20135',NULL,NULL),
	(6698,19,1,21,83,'20135',NULL,NULL),
	(6699,19,1,22,34,'20135',NULL,NULL),
	(6700,19,1,23,41,'20135',NULL,NULL),
	(6701,19,1,24,68,'20135',NULL,NULL),
	(6702,19,1,25,88,'20415',NULL,NULL),
	(6703,19,1,26,162,'20453',NULL,NULL),
	(6704,19,1,27,152,'20486',NULL,NULL),
	(6705,19,1,28,78,'20575',NULL,NULL),
	(6706,19,1,29,205,'20575',NULL,NULL),
	(6707,19,1,30,124,'20716',NULL,NULL),
	(6708,19,1,31,211,'20760',NULL,NULL),
	(6709,19,1,32,16,'20760',NULL,NULL),
	(6710,19,1,33,42,'20760',NULL,NULL),
	(6711,19,1,34,93,'20760',NULL,NULL),
	(6712,19,1,35,4,'20805',NULL,NULL),
	(6713,19,1,36,101,'20805',NULL,NULL),
	(6714,19,1,37,3,'20867',NULL,NULL),
	(6715,19,1,38,192,'20998',NULL,NULL),
	(6716,19,1,39,37,'20998',NULL,NULL),
	(6717,19,1,40,77,'21070',NULL,NULL),
	(6718,19,1,41,136,'21150',NULL,NULL),
	(6719,19,1,42,61,'21477',NULL,NULL),
	(6720,19,1,43,22,'21598',NULL,NULL),
	(6721,19,1,44,86,'21600',NULL,NULL),
	(6722,19,1,45,156,'21600',NULL,NULL),
	(6723,19,1,46,27,'21600',NULL,NULL),
	(6724,19,1,47,145,'21600',NULL,NULL),
	(6725,19,1,48,218,'21600',NULL,NULL),
	(6726,19,1,49,183,'21600',NULL,NULL),
	(6727,19,1,50,174,'21612',NULL,NULL),
	(6728,19,1,51,85,'21612',NULL,NULL),
	(6729,19,1,52,193,'21612',NULL,NULL),
	(6730,19,1,53,45,'21612',NULL,NULL),
	(6731,19,1,54,33,'21612',NULL,NULL),
	(6732,19,1,55,74,'21612',NULL,NULL),
	(6733,19,1,56,122,'21612',NULL,NULL),
	(6734,19,1,57,113,'21612',NULL,NULL),
	(6735,19,1,58,176,'21612',NULL,NULL),
	(6736,19,1,59,212,'21612',NULL,NULL),
	(6737,19,1,60,24,'21612',NULL,NULL),
	(6738,19,1,61,138,'21612',NULL,NULL),
	(6739,19,1,62,84,'21612',NULL,NULL),
	(6740,19,1,63,215,'21612',NULL,NULL),
	(6741,19,1,64,87,'21612',NULL,NULL),
	(6742,19,1,65,92,'21612',NULL,NULL),
	(6743,19,1,66,47,'21612',NULL,NULL),
	(6744,19,1,67,36,'21612',NULL,NULL),
	(6745,19,1,68,67,'21622',NULL,NULL),
	(6746,19,1,69,57,'21622',NULL,NULL),
	(6747,19,1,70,12,'21622',NULL,NULL),
	(6748,19,1,71,48,'21622',NULL,NULL),
	(6749,19,1,72,165,'21622',NULL,NULL),
	(6750,19,1,73,115,'21622',NULL,NULL),
	(6751,19,1,74,43,'21622',NULL,NULL),
	(6752,19,1,75,117,'21622',NULL,NULL),
	(6753,19,1,76,181,'21622',NULL,NULL),
	(6754,19,1,77,44,'21622',NULL,NULL),
	(6755,19,1,78,64,'21622',NULL,NULL),
	(6756,19,1,79,14,'21622',NULL,NULL),
	(6757,19,1,80,204,'21622',NULL,NULL),
	(6758,19,1,81,126,'21622',NULL,NULL),
	(6759,19,1,82,35,'21622',NULL,NULL),
	(6760,19,1,83,167,'21622',NULL,NULL),
	(6761,19,1,84,201,'21622',NULL,NULL),
	(6762,19,1,85,6,'21622',NULL,NULL),
	(6763,19,1,86,191,'21622',NULL,NULL),
	(6764,19,1,87,158,'21622',NULL,NULL),
	(6765,19,1,88,147,'21622',NULL,NULL),
	(6766,19,1,89,182,'21622',NULL,NULL),
	(6767,19,1,90,208,'21622',NULL,NULL),
	(6768,19,1,91,203,'21622',NULL,NULL),
	(6769,19,1,92,97,'21622',NULL,NULL),
	(6770,19,1,93,214,'21622',NULL,NULL),
	(6771,19,1,94,197,'21622',NULL,NULL),
	(6772,19,1,95,128,'21622',NULL,NULL),
	(6773,19,1,96,72,'21622',NULL,NULL),
	(6774,19,1,97,46,'21622',NULL,NULL),
	(6775,19,1,98,217,'21622',NULL,NULL),
	(6776,19,1,99,164,'21622',NULL,NULL),
	(6777,19,1,100,186,'21622',NULL,NULL),
	(6778,19,1,101,184,'21622',NULL,NULL),
	(6779,19,1,102,187,'21622',NULL,NULL),
	(6780,19,1,103,142,'21622',NULL,NULL),
	(6781,19,1,104,73,'21622',NULL,NULL),
	(6782,19,1,105,132,'21651',NULL,NULL),
	(6783,19,1,106,202,'21667',NULL,NULL),
	(6784,19,1,107,206,'21667',NULL,NULL),
	(6785,19,1,108,155,'21879',NULL,NULL),
	(6786,19,1,109,198,'21879',NULL,NULL),
	(6787,19,1,110,7,'21879',NULL,NULL),
	(6788,19,1,111,185,'21879',NULL,NULL),
	(6789,19,1,112,207,'22000',NULL,NULL),
	(6790,19,1,113,213,'22000',NULL,NULL),
	(6791,19,1,114,38,'22000',NULL,NULL),
	(6792,19,1,115,65,'22000',NULL,NULL),
	(6793,19,1,116,96,'22000',NULL,NULL),
	(6794,19,1,117,53,'22000',NULL,NULL),
	(6795,19,1,118,63,'22000',NULL,NULL),
	(6796,19,1,119,98,'22000',NULL,NULL),
	(6797,19,1,120,95,'22000',NULL,NULL),
	(6798,19,1,121,52,'22000',NULL,NULL),
	(6799,19,1,122,62,'22000',NULL,NULL),
	(6800,19,1,123,18,'22000',NULL,NULL),
	(6801,19,1,124,173,'22000',NULL,NULL),
	(6802,19,1,125,106,'22000',NULL,NULL),
	(6803,19,1,126,133,'22000',NULL,NULL),
	(6804,19,1,127,137,'22000',NULL,NULL),
	(6805,19,1,128,94,'22000',NULL,NULL),
	(6806,19,1,129,56,'22000',NULL,NULL),
	(6807,19,1,130,216,'22000',NULL,NULL),
	(6808,19,1,131,108,'22000',NULL,NULL),
	(6809,19,1,132,17,'22000',NULL,NULL),
	(6810,19,1,133,157,'22000',NULL,NULL),
	(6811,19,1,134,194,'22000',NULL,NULL),
	(6812,19,1,135,154,'22000',NULL,NULL),
	(6813,19,1,136,112,'22000',NULL,NULL),
	(6814,19,1,137,195,'22000',NULL,NULL),
	(6815,19,1,138,153,'22000',NULL,NULL),
	(6816,19,1,139,151,'22000',NULL,NULL),
	(6817,19,1,140,118,'22000',NULL,NULL),
	(6818,19,1,141,116,'22000',NULL,NULL),
	(6819,19,1,142,107,'22000',NULL,NULL),
	(6820,19,1,143,111,'22000',NULL,NULL),
	(6821,19,1,144,13,'22000',NULL,NULL),
	(6822,19,1,145,15,'22130',NULL,NULL),
	(6823,20,2,1,8,'289837','33',NULL),
	(6824,20,2,2,32,'289948','12',NULL),
	(6825,20,2,3,1,'289981','4',NULL),
	(6826,20,2,4,166,'290039','10',NULL),
	(6827,20,2,5,161,'290205',NULL,NULL),
	(6828,20,2,6,21,'290254','8',NULL),
	(6829,20,2,7,75,'290294',NULL,NULL),
	(6830,20,2,8,91,'290382','17',NULL),
	(6831,20,2,9,141,'290594',NULL,NULL),
	(6832,20,2,10,71,'290695','10',NULL),
	(6833,20,2,11,105,'290829',NULL,NULL),
	(6834,20,2,12,121,'290993',NULL,NULL),
	(6835,20,2,13,26,'291170','6',NULL),
	(6836,20,2,14,78,'291483','4',NULL),
	(6837,20,2,15,2,'291509','-10',NULL),
	(6838,20,2,16,125,'291905',NULL,NULL),
	(6839,20,2,17,41,'292063',NULL,NULL),
	(6840,20,2,18,58,'292185',NULL,NULL),
	(6841,20,2,19,114,'292195',NULL,NULL),
	(6842,20,2,20,83,'292388','-10',NULL),
	(6843,20,2,21,211,'292495',NULL,NULL),
	(6844,20,2,22,55,'292528','12',NULL),
	(6845,20,2,23,68,'292796',NULL,NULL),
	(6846,20,2,24,54,'292801','6',NULL),
	(6847,20,2,25,34,'292822',NULL,NULL),
	(6848,20,2,26,191,'293736','4',NULL),
	(6849,20,2,27,16,'293956',NULL,NULL),
	(6850,20,2,28,87,'294051','15',NULL),
	(6851,20,2,29,61,'294462','4',NULL),
	(6852,20,2,30,181,'294526','1',NULL),
	(6853,20,2,31,162,'294710',NULL,NULL),
	(6854,20,2,32,88,'294792','-10',NULL),
	(6855,20,2,33,101,'295095','29',NULL),
	(6856,20,2,34,152,'295208',NULL,NULL),
	(6857,20,2,35,192,'295353',NULL,NULL),
	(6858,20,2,36,14,'295731',NULL,NULL),
	(6859,20,2,37,168,'295778',NULL,NULL),
	(6860,20,2,38,183,'296274','3',NULL),
	(6861,20,2,39,156,'296293',NULL,NULL),
	(6862,20,2,40,93,'296323',NULL,NULL),
	(6863,20,2,41,158,'296445',NULL,NULL),
	(6864,20,2,42,42,'296901',NULL,NULL),
	(6865,20,2,43,203,'296941',NULL,NULL),
	(6866,20,2,44,128,'296955',NULL,NULL),
	(6867,20,2,45,46,'296991','-10',NULL),
	(6868,20,2,46,205,'297045',NULL,NULL),
	(6869,20,2,47,204,'297067',NULL,NULL),
	(6870,20,2,48,67,'297090',NULL,NULL),
	(6871,20,2,49,4,'297165',NULL,NULL),
	(6872,20,2,50,72,'297375','-10',NULL),
	(6873,20,2,51,37,'297389',NULL,NULL),
	(6874,20,2,52,36,'297420','-10',NULL),
	(6875,20,2,53,85,'297471','4',NULL),
	(6876,20,2,54,212,'297607',NULL,NULL),
	(6877,20,2,55,122,'297621','10',NULL),
	(6878,20,2,56,24,'297636',NULL,NULL),
	(6879,20,2,57,124,'297640',NULL,NULL),
	(6880,20,2,58,6,'297816',NULL,NULL),
	(6881,20,2,59,136,'297851',NULL,NULL),
	(6882,20,2,60,57,'298018',NULL,NULL),
	(6883,20,2,61,145,'298109',NULL,NULL),
	(6884,20,2,62,77,'298144',NULL,NULL),
	(6885,20,2,63,198,'298261','4',NULL),
	(6886,20,2,64,214,'298268','3',NULL),
	(6887,20,2,65,174,'298494',NULL,NULL),
	(6888,20,2,66,27,'298813','1',NULL),
	(6889,20,2,67,33,'298959',NULL,NULL),
	(6890,20,2,68,126,'298983','10',NULL),
	(6891,20,2,69,92,'299129','-20',NULL),
	(6892,20,2,70,3,'299203',NULL,NULL),
	(6893,20,2,71,111,'299325','52',NULL),
	(6894,20,2,72,35,'299417',NULL,NULL),
	(6895,20,2,73,187,'299543',NULL,NULL),
	(6896,20,2,74,115,'299552',NULL,NULL),
	(6897,20,2,75,155,'299747',NULL,NULL),
	(6898,20,2,76,138,'299794',NULL,NULL),
	(6899,20,2,77,74,'299903',NULL,NULL),
	(6900,20,2,78,193,'299916',NULL,NULL),
	(6901,20,2,79,22,'300068',NULL,NULL),
	(6902,20,2,80,142,'300114',NULL,NULL),
	(6903,20,2,81,197,'300164',NULL,NULL),
	(6904,20,2,82,165,'300179',NULL,NULL),
	(6905,20,2,83,106,'300194','4',NULL),
	(6906,20,2,84,206,'300322','1',NULL),
	(6907,20,2,85,132,'300457','-120',NULL),
	(6908,20,2,86,147,'300492',NULL,NULL),
	(6909,20,2,87,43,'300643',NULL,NULL),
	(6910,20,2,88,86,'300643',NULL,NULL),
	(6911,20,2,89,38,'300772',NULL,NULL),
	(6912,20,2,90,182,'300884',NULL,NULL),
	(6913,20,2,91,215,'300904','2',NULL),
	(6914,20,2,92,113,'300925','1',NULL),
	(6915,20,2,93,184,'300971','3',NULL),
	(6916,20,2,94,117,'301041',NULL,NULL),
	(6917,20,2,95,216,'301211',NULL,NULL),
	(6918,20,2,96,45,'301322',NULL,NULL),
	(6919,20,2,97,217,'301381',NULL,NULL),
	(6920,20,2,98,47,'301403',NULL,NULL),
	(6921,20,2,99,48,'301422',NULL,NULL),
	(6922,20,2,100,12,'301547',NULL,NULL),
	(6923,20,2,101,207,'301592',NULL,NULL),
	(6924,20,2,102,56,'301621',NULL,NULL),
	(6925,20,2,103,176,'301763','1',NULL),
	(6926,20,2,104,44,'301765','-20',NULL),
	(6927,20,2,105,73,'301799',NULL,NULL),
	(6928,20,2,106,97,'301831',NULL,NULL),
	(6929,20,2,107,84,'301934',NULL,NULL),
	(6930,20,2,108,64,'301952',NULL,NULL),
	(6931,20,2,109,52,'301952','12',NULL),
	(6932,20,2,110,133,'302072',NULL,NULL),
	(6933,20,2,111,194,'302238','14',NULL),
	(6934,20,2,112,116,'302523',NULL,NULL),
	(6935,20,2,113,195,'302536',NULL,NULL),
	(6936,20,2,114,95,'302660','10',NULL),
	(6937,20,2,115,18,'302694',NULL,NULL),
	(6938,20,2,116,208,'302808',NULL,NULL),
	(6939,20,2,117,63,'302819','-30',NULL),
	(6940,20,2,118,218,'302823','2',NULL),
	(6941,20,2,119,65,'302827',NULL,NULL),
	(6942,20,2,120,108,'302849',NULL,NULL),
	(6943,20,2,121,186,'302889','2',NULL),
	(6944,20,2,122,62,'302979','3',NULL),
	(6945,20,2,123,112,'302997',NULL,NULL),
	(6946,20,2,124,96,'303123',NULL,NULL),
	(6947,20,2,125,201,'303152','6',NULL),
	(6948,20,2,126,53,'303157',NULL,NULL),
	(6949,20,2,127,154,'303525',NULL,NULL),
	(6950,20,2,128,202,'303630','3',NULL),
	(6951,20,2,129,17,'303635',NULL,NULL),
	(6952,20,2,130,7,'303668',NULL,NULL),
	(6953,20,2,131,213,'303713',NULL,NULL),
	(6954,20,2,132,118,'303792',NULL,NULL),
	(6955,20,2,133,98,'303932',NULL,NULL),
	(6956,20,2,134,15,'303934',NULL,NULL),
	(6957,20,2,135,185,'304080','-10',NULL),
	(6958,20,2,136,157,'304088',NULL,NULL),
	(6959,20,2,137,107,'304175',NULL,NULL),
	(6960,20,2,138,167,'304302','-20',NULL),
	(6961,20,2,139,94,'304331',NULL,NULL),
	(6962,20,2,140,164,'304331',NULL,NULL),
	(6963,20,2,141,151,'304739','18',NULL),
	(6964,20,2,142,173,'304771','-20',NULL),
	(6965,20,2,143,137,'304796','-20',NULL),
	(6966,20,2,144,153,'304986',NULL,NULL),
	(6967,20,2,145,13,'306093',NULL,NULL),
	(6968,20,1,1,32,'2452',NULL,NULL),
	(6969,20,1,2,1,'2453',NULL,NULL),
	(6970,20,1,3,8,'2466',NULL,NULL),
	(6971,20,1,4,4,'2502',NULL,NULL),
	(6972,20,1,5,36,'2503',NULL,NULL),
	(6973,20,1,6,105,'2504',NULL,NULL),
	(6974,20,1,7,141,'2514',NULL,NULL),
	(6975,20,1,8,166,'2524',NULL,NULL),
	(6976,20,1,9,77,'2534',NULL,NULL),
	(6977,20,1,10,65,'2535',NULL,NULL),
	(6978,20,1,11,61,'2538',NULL,NULL),
	(6979,20,1,12,85,'2538',NULL,NULL),
	(6980,20,1,13,83,'2543',NULL,NULL),
	(6981,20,1,14,3,'2543',NULL,NULL),
	(6982,20,1,15,55,'2553',NULL,NULL),
	(6983,20,1,16,161,'2557',NULL,NULL),
	(6984,20,1,17,6,'2561',NULL,NULL),
	(6985,20,1,18,34,'2562',NULL,NULL),
	(6986,20,1,19,78,'2562',NULL,NULL),
	(6987,20,1,20,147,'2564',NULL,NULL),
	(6988,20,1,21,14,'2564',NULL,NULL),
	(6989,20,1,22,21,'2568',NULL,NULL),
	(6990,20,1,23,35,'2569',NULL,NULL),
	(6991,20,1,24,114,'2569',NULL,NULL),
	(6992,20,1,25,2,'2570',NULL,NULL),
	(6993,20,1,26,33,'2573',NULL,NULL),
	(6994,20,1,27,26,'2578',NULL,NULL),
	(6995,20,1,28,174,'2591',NULL,NULL),
	(6996,20,1,29,88,'2597',NULL,NULL),
	(6997,20,1,30,204,'2602',NULL,NULL),
	(6998,20,1,31,183,'2604',NULL,NULL),
	(6999,20,1,32,63,'2608',NULL,NULL),
	(7000,20,1,33,212,'2610',NULL,NULL),
	(7001,20,1,34,91,'2612',NULL,NULL),
	(7002,20,1,35,152,'2613',NULL,NULL),
	(7003,20,1,36,58,'2617',NULL,NULL),
	(7004,20,1,37,54,'2619',NULL,NULL),
	(7005,20,1,38,22,'2623',NULL,NULL),
	(7006,20,1,39,158,'2625',NULL,NULL),
	(7007,20,1,40,121,'2626',NULL,NULL),
	(7008,20,1,41,203,'2631',NULL,NULL),
	(7009,20,1,42,115,'2631',NULL,NULL),
	(7010,20,1,43,122,'2633',NULL,NULL),
	(7011,20,1,44,113,'2637',NULL,NULL),
	(7012,20,1,45,75,'2643',NULL,NULL),
	(7013,20,1,46,86,'2645',NULL,NULL),
	(7014,20,1,47,192,'2649',NULL,NULL),
	(7015,20,1,48,155,'2649',NULL,NULL),
	(7016,20,1,49,41,'2653',NULL,NULL),
	(7017,20,1,50,125,'2655',NULL,NULL),
	(7018,20,1,51,205,'2659',NULL,NULL),
	(7019,20,1,52,74,'2659',NULL,NULL),
	(7020,20,1,53,181,'2660',NULL,NULL),
	(7021,20,1,54,112,'2666',NULL,NULL),
	(7022,20,1,55,193,'2669',NULL,NULL),
	(7023,20,1,56,197,'2669',NULL,NULL),
	(7024,20,1,57,38,'2669',NULL,NULL),
	(7025,20,1,58,101,'2674',NULL,NULL),
	(7026,20,1,59,187,'2675',NULL,NULL),
	(7027,20,1,60,206,'2680',NULL,NULL),
	(7028,20,1,61,42,'2684',NULL,NULL),
	(7029,20,1,62,68,'2686',NULL,NULL),
	(7030,20,1,63,162,'2687',NULL,NULL),
	(7031,20,1,64,124,'2687',NULL,NULL),
	(7032,20,1,65,176,'2690',NULL,NULL),
	(7033,20,1,66,138,'2692',NULL,NULL),
	(7034,20,1,67,96,'2694',NULL,NULL),
	(7035,20,1,68,164,'2694',NULL,NULL),
	(7036,20,1,69,71,'2698',NULL,NULL),
	(7037,20,1,70,57,'2699',NULL,NULL),
	(7038,20,1,71,168,'2705',NULL,NULL),
	(7039,20,1,72,198,'2705',NULL,NULL),
	(7040,20,1,73,156,'2706',NULL,NULL),
	(7041,20,1,74,16,'2709',NULL,NULL),
	(7042,20,1,75,37,'2716',NULL,NULL),
	(7043,20,1,76,211,'2724',NULL,NULL),
	(7044,20,1,77,217,'2728',NULL,NULL),
	(7045,20,1,78,128,'2732',NULL,NULL),
	(7046,20,1,79,47,'2736',NULL,NULL),
	(7047,20,1,80,184,'2737',NULL,NULL),
	(7048,20,1,81,207,'2741',NULL,NULL),
	(7049,20,1,82,136,'2745',NULL,NULL),
	(7050,20,1,83,12,'2745',NULL,NULL),
	(7051,20,1,84,214,'2748',NULL,NULL),
	(7052,20,1,85,64,'2749',NULL,NULL),
	(7053,20,1,86,106,'2750',NULL,NULL),
	(7054,20,1,87,87,'2751',NULL,NULL),
	(7055,20,1,88,48,'2754',NULL,NULL),
	(7056,20,1,89,93,'2760',NULL,NULL),
	(7057,20,1,90,137,'2769',NULL,NULL),
	(7058,20,1,91,145,'2769',NULL,NULL),
	(7059,20,1,92,72,'2772',NULL,NULL),
	(7060,20,1,93,67,'2773',NULL,NULL),
	(7061,20,1,94,194,'2776',NULL,NULL),
	(7062,20,1,95,17,'2779',NULL,NULL),
	(7063,20,1,96,165,'2787',NULL,NULL),
	(7064,20,1,97,45,'2788',NULL,NULL),
	(7065,20,1,98,27,'2789',NULL,NULL),
	(7066,20,1,99,56,'2790',NULL,NULL),
	(7067,20,1,100,84,'2792',NULL,NULL),
	(7068,20,1,101,218,'2794',NULL,NULL),
	(7069,20,1,102,52,'2796',NULL,NULL),
	(7070,20,1,103,117,'2798',NULL,NULL),
	(7071,20,1,104,43,'2799',NULL,NULL),
	(7072,20,1,105,116,'2802',NULL,NULL),
	(7073,20,1,106,53,'2804',NULL,NULL),
	(7074,20,1,107,92,'2804',NULL,NULL),
	(7075,20,1,108,208,'2804',NULL,NULL),
	(7076,20,1,109,126,'2807',NULL,NULL),
	(7077,20,1,110,132,'2811',NULL,NULL),
	(7078,20,1,111,191,'2811',NULL,NULL),
	(7079,20,1,112,7,'2813',NULL,NULL),
	(7080,20,1,113,167,'2815',NULL,NULL),
	(7081,20,1,114,186,'2816',NULL,NULL),
	(7082,20,1,115,44,'2817',NULL,NULL),
	(7083,20,1,116,62,'2819',NULL,NULL),
	(7084,20,1,117,46,'2826',NULL,NULL),
	(7085,20,1,118,213,'2827',NULL,NULL),
	(7086,20,1,119,142,'2827',NULL,NULL),
	(7087,20,1,120,133,'2830',NULL,NULL),
	(7088,20,1,121,215,'2834',NULL,NULL),
	(7089,20,1,122,201,'2839',NULL,NULL),
	(7090,20,1,123,182,'2839',NULL,NULL),
	(7091,20,1,124,154,'2840',NULL,NULL),
	(7092,20,1,125,107,'2843',NULL,NULL),
	(7093,20,1,126,195,'2845',NULL,NULL),
	(7094,20,1,127,13,'2854',NULL,NULL),
	(7095,20,1,128,24,'2861',NULL,NULL),
	(7096,20,1,129,202,'2861',NULL,NULL),
	(7097,20,1,130,98,'2865',NULL,NULL),
	(7098,20,1,131,118,'2867',NULL,NULL),
	(7099,20,1,132,153,'2871',NULL,NULL),
	(7100,20,1,133,97,'2873',NULL,NULL),
	(7101,20,1,134,73,'2877',NULL,NULL),
	(7102,20,1,135,111,'2883',NULL,NULL),
	(7103,20,1,136,157,'2885',NULL,NULL),
	(7104,20,1,137,95,'2889',NULL,NULL),
	(7105,20,1,138,94,'2895',NULL,NULL),
	(7106,20,1,139,185,'2898',NULL,NULL),
	(7107,20,1,140,15,'2915',NULL,NULL),
	(7108,20,1,141,173,'2932',NULL,NULL),
	(7109,20,1,142,18,'2944',NULL,NULL),
	(7110,20,1,143,151,'2945',NULL,NULL),
	(7111,20,1,144,216,'2966',NULL,NULL),
	(7112,20,1,145,108,'3004',NULL,NULL),
	(7113,21,2,1,8,'299833','33',NULL),
	(7114,21,2,2,32,'299944','12',NULL),
	(7115,21,2,3,1,'299977','4',NULL),
	(7116,21,2,4,166,'300035','10',NULL),
	(7117,21,2,5,161,'300201',NULL,NULL),
	(7118,21,2,6,21,'300250','8',NULL),
	(7119,21,2,7,75,'300290',NULL,NULL),
	(7120,21,2,8,91,'300378','17',NULL),
	(7121,21,2,9,141,'300590',NULL,NULL),
	(7122,21,2,10,71,'300691','10',NULL),
	(7123,21,2,11,105,'300825',NULL,NULL),
	(7124,21,2,12,121,'301019',NULL,NULL),
	(7125,21,2,13,26,'301166','6',NULL),
	(7126,21,2,14,78,'301479','4',NULL),
	(7127,21,2,15,2,'301505','-10',NULL),
	(7128,21,2,16,125,'301925',NULL,NULL),
	(7129,21,2,17,41,'302059',NULL,NULL),
	(7130,21,2,18,58,'302181',NULL,NULL),
	(7131,21,2,19,114,'302230',NULL,NULL),
	(7132,21,2,20,83,'302384','-10',NULL),
	(7133,21,2,21,211,'302491',NULL,NULL),
	(7134,21,2,22,55,'302629','12',NULL),
	(7135,21,2,23,68,'302792',NULL,NULL),
	(7136,21,2,24,54,'302835','6',NULL),
	(7137,21,2,25,34,'302848',NULL,NULL),
	(7138,21,2,26,191,'303826','4',NULL),
	(7139,21,2,27,16,'303982',NULL,NULL),
	(7140,21,2,28,87,'304047','15',NULL),
	(7141,21,2,29,61,'304488','4',NULL),
	(7142,21,2,30,181,'304522','1',NULL),
	(7143,21,2,31,162,'304706',NULL,NULL),
	(7144,21,2,32,88,'304818','-10',NULL),
	(7145,21,2,33,101,'305121','29',NULL),
	(7146,21,2,34,152,'305234',NULL,NULL),
	(7147,21,2,35,192,'305485',NULL,NULL),
	(7148,21,2,36,14,'305751',NULL,NULL),
	(7149,21,2,37,168,'305774',NULL,NULL),
	(7150,21,2,38,156,'306289',NULL,NULL),
	(7151,21,2,39,183,'306300','3',NULL),
	(7152,21,2,40,93,'306319',NULL,NULL),
	(7153,21,2,41,158,'306512',NULL,NULL),
	(7154,21,2,42,42,'306921',NULL,NULL),
	(7155,21,2,43,203,'306967',NULL,NULL),
	(7156,21,2,44,128,'306993',NULL,NULL),
	(7157,21,2,45,205,'307065',NULL,NULL),
	(7158,21,2,46,67,'307086',NULL,NULL),
	(7159,21,2,47,204,'307145',NULL,NULL),
	(7160,21,2,48,46,'307233','-10',NULL),
	(7161,21,2,49,4,'307362',NULL,NULL),
	(7162,21,2,50,72,'307371','-10',NULL),
	(7163,21,2,51,37,'307415',NULL,NULL),
	(7164,21,2,52,36,'307416','-10',NULL),
	(7165,21,2,53,85,'307467','4',NULL),
	(7166,21,2,54,212,'307627',NULL,NULL),
	(7167,21,2,55,24,'307662',NULL,NULL),
	(7168,21,2,56,124,'307666',NULL,NULL),
	(7169,21,2,57,122,'307692','10',NULL),
	(7170,21,2,58,6,'307836',NULL,NULL),
	(7171,21,2,59,136,'307871',NULL,NULL),
	(7172,21,2,60,57,'308085',NULL,NULL),
	(7173,21,2,61,145,'308105',NULL,NULL),
	(7174,21,2,62,77,'308164',NULL,NULL),
	(7175,21,2,63,198,'308257','4',NULL),
	(7176,21,2,64,214,'308264','3',NULL),
	(7177,21,2,65,174,'308514',NULL,NULL),
	(7178,21,2,66,27,'308809','1',NULL),
	(7179,21,2,67,33,'308955',NULL,NULL),
	(7180,21,2,68,126,'308979','10',NULL),
	(7181,21,2,69,92,'309180','-20',NULL),
	(7182,21,2,70,3,'309199',NULL,NULL),
	(7183,21,2,71,111,'309321','52',NULL),
	(7184,21,2,72,35,'309413',NULL,NULL),
	(7185,21,2,73,187,'309606',NULL,NULL),
	(7186,21,2,74,155,'309773',NULL,NULL),
	(7187,21,2,75,138,'309790',NULL,NULL),
	(7188,21,2,76,115,'309806',NULL,NULL),
	(7189,21,2,77,74,'309899',NULL,NULL),
	(7190,21,2,78,193,'309942',NULL,NULL),
	(7191,21,2,79,142,'310140',NULL,NULL),
	(7192,21,2,80,106,'310190','4',NULL),
	(7193,21,2,81,165,'310199',NULL,NULL),
	(7194,21,2,82,197,'310254',NULL,NULL),
	(7195,21,2,83,22,'310348',NULL,NULL),
	(7196,21,2,84,132,'310453','-120',NULL),
	(7197,21,2,85,206,'310569','1',NULL),
	(7198,21,2,86,43,'310681',NULL,NULL),
	(7199,21,2,87,147,'310687',NULL,NULL),
	(7200,21,2,88,38,'310768',NULL,NULL),
	(7201,21,2,89,182,'310880',NULL,NULL),
	(7202,21,2,90,86,'310887',NULL,NULL),
	(7203,21,2,91,215,'310900','2',NULL),
	(7204,21,2,92,113,'310921','1',NULL),
	(7205,21,2,93,184,'310967','3',NULL),
	(7206,21,2,94,117,'311067',NULL,NULL),
	(7207,21,2,95,216,'311207',NULL,NULL),
	(7208,21,2,96,45,'311348',NULL,NULL),
	(7209,21,2,97,217,'311377',NULL,NULL),
	(7210,21,2,98,47,'311399',NULL,NULL),
	(7211,21,2,99,48,'311460',NULL,NULL),
	(7212,21,2,100,12,'311573',NULL,NULL),
	(7213,21,2,101,207,'311588',NULL,NULL),
	(7214,21,2,102,56,'311647',NULL,NULL),
	(7215,21,2,103,176,'311783','1',NULL),
	(7216,21,2,104,73,'311795',NULL,NULL),
	(7217,21,2,105,44,'311822','-20',NULL),
	(7218,21,2,106,97,'311915',NULL,NULL),
	(7219,21,2,107,84,'311930',NULL,NULL),
	(7220,21,2,108,64,'311948',NULL,NULL),
	(7221,21,2,109,52,'311948','12',NULL),
	(7222,21,2,110,133,'312098',NULL,NULL),
	(7223,21,2,111,194,'312228','20',NULL),
	(7224,21,2,112,116,'312582',NULL,NULL),
	(7225,21,2,113,195,'312607',NULL,NULL),
	(7226,21,2,114,95,'312646','20',NULL),
	(7227,21,2,115,18,'312690',NULL,NULL),
	(7228,21,2,116,208,'312804',NULL,NULL),
	(7229,21,2,117,65,'312823',NULL,NULL),
	(7230,21,2,118,63,'312874','-30',NULL),
	(7231,21,2,119,108,'312884',NULL,NULL),
	(7232,21,2,120,186,'312909','2',NULL),
	(7233,21,2,121,62,'312975','3',NULL),
	(7234,21,2,122,112,'312993',NULL,NULL),
	(7235,21,2,123,218,'313063','2',NULL),
	(7236,21,2,124,201,'313148','6',NULL),
	(7237,21,2,125,53,'313177',NULL,NULL),
	(7238,21,2,126,96,'313207',NULL,NULL),
	(7239,21,2,127,154,'313576',NULL,NULL),
	(7240,21,2,128,7,'313688',NULL,NULL),
	(7241,21,2,129,17,'313692',NULL,NULL),
	(7242,21,2,130,202,'313708','3',NULL),
	(7243,21,2,131,213,'313709',NULL,NULL),
	(7244,21,2,132,118,'314046',NULL,NULL),
	(7245,21,2,133,98,'314055',NULL,NULL),
	(7246,21,2,134,157,'314114',NULL,NULL),
	(7247,21,2,135,107,'314171',NULL,NULL),
	(7248,21,2,136,15,'314180',NULL,NULL),
	(7249,21,2,137,167,'314298','-20',NULL),
	(7250,21,2,138,94,'314327',NULL,NULL),
	(7251,21,2,139,164,'314357',NULL,NULL),
	(7252,21,2,140,185,'314360','-10',NULL),
	(7253,21,2,141,151,'314731','22',NULL),
	(7254,21,2,142,173,'314767','-20',NULL),
	(7255,21,2,143,137,'314822','-20',NULL),
	(7256,21,2,144,153,'314982',NULL,NULL),
	(7257,21,2,145,13,'316292',NULL,NULL),
	(7258,21,1,1,95,'9996','10',NULL),
	(7259,21,1,2,194,'9996','6',NULL),
	(7260,21,1,3,151,'9996','4',NULL),
	(7261,21,1,4,132,'9996',NULL,NULL),
	(7262,21,1,5,201,'9996',NULL,NULL),
	(7263,21,1,6,107,'9996',NULL,NULL),
	(7264,21,1,7,52,'9996',NULL,NULL),
	(7265,21,1,8,111,'9996',NULL,NULL),
	(7266,21,1,9,216,'9996',NULL,NULL),
	(7267,21,1,10,173,'9996',NULL,NULL),
	(7268,21,1,11,213,'9996',NULL,NULL),
	(7269,21,1,12,182,'9996',NULL,NULL),
	(7270,21,1,13,18,'9996',NULL,NULL),
	(7271,21,1,14,126,'9996',NULL,NULL),
	(7272,21,1,15,27,'9996',NULL,NULL),
	(7273,21,1,16,73,'9996',NULL,NULL),
	(7274,21,1,17,33,'9996',NULL,NULL),
	(7275,21,1,18,38,'9996',NULL,NULL),
	(7276,21,1,19,64,'9996',NULL,NULL),
	(7277,21,1,20,167,'9996',NULL,NULL),
	(7278,21,1,21,67,'9996',NULL,NULL),
	(7279,21,1,22,83,'9996',NULL,NULL),
	(7280,21,1,23,198,'9996',NULL,NULL),
	(7281,21,1,24,217,'9996',NULL,NULL),
	(7282,21,1,25,184,'9996',NULL,NULL),
	(7283,21,1,26,78,'9996',NULL,NULL),
	(7284,21,1,27,47,'9996',NULL,NULL),
	(7285,21,1,28,58,'9996',NULL,NULL),
	(7286,21,1,29,166,'9996',NULL,NULL),
	(7287,21,1,30,106,'9996',NULL,NULL),
	(7288,21,1,31,26,'9996',NULL,NULL),
	(7289,21,1,32,214,'9996',NULL,NULL),
	(7290,21,1,33,211,'9996',NULL,NULL),
	(7291,21,1,34,36,'9996',NULL,NULL),
	(7292,21,1,35,215,'9996',NULL,NULL),
	(7293,21,1,36,32,'9996',NULL,NULL),
	(7294,21,1,37,85,'9996',NULL,NULL),
	(7295,21,1,38,181,'9996',NULL,NULL),
	(7296,21,1,39,145,'9996',NULL,NULL),
	(7297,21,1,40,161,'9996',NULL,NULL),
	(7298,21,1,41,141,'9996',NULL,NULL),
	(7299,21,1,42,35,'9996',NULL,NULL),
	(7300,21,1,43,72,'9996',NULL,NULL),
	(7301,21,1,44,62,'9996',NULL,NULL),
	(7302,21,1,45,75,'9996',NULL,NULL),
	(7303,21,1,46,162,'9996',NULL,NULL),
	(7304,21,1,47,207,'9996',NULL,NULL),
	(7305,21,1,48,87,'9996',NULL,NULL),
	(7306,21,1,49,65,'9996',NULL,NULL),
	(7307,21,1,50,112,'9996',NULL,NULL),
	(7308,21,1,51,41,'9996',NULL,NULL),
	(7309,21,1,52,71,'9996',NULL,NULL),
	(7310,21,1,53,74,'9996',NULL,NULL),
	(7311,21,1,54,21,'9996',NULL,NULL),
	(7312,21,1,55,68,'9996',NULL,NULL),
	(7313,21,1,56,168,'9996',NULL,NULL),
	(7314,21,1,57,84,'9996',NULL,NULL),
	(7315,21,1,58,156,'9996',NULL,NULL),
	(7316,21,1,59,3,'9996',NULL,NULL),
	(7317,21,1,60,138,'9996',NULL,NULL),
	(7318,21,1,61,105,'9996',NULL,NULL),
	(7319,21,1,62,94,'9996',NULL,NULL),
	(7320,21,1,63,93,'9996',NULL,NULL),
	(7321,21,1,64,153,'9996',NULL,NULL),
	(7322,21,1,65,2,'9996',NULL,NULL),
	(7323,21,1,66,208,'9996',NULL,NULL),
	(7324,21,1,67,8,'9996',NULL,NULL),
	(7325,21,1,68,91,'9996',NULL,NULL),
	(7326,21,1,69,1,'9996',NULL,NULL),
	(7327,21,1,70,113,'9996',NULL,NULL),
	(7328,21,1,71,125,'10020',NULL,NULL),
	(7329,21,1,72,42,'10020',NULL,NULL),
	(7330,21,1,73,77,'10020',NULL,NULL),
	(7331,21,1,74,174,'10020',NULL,NULL),
	(7332,21,1,75,212,'10020',NULL,NULL),
	(7333,21,1,76,53,'10020',NULL,NULL),
	(7334,21,1,77,136,'10020',NULL,NULL),
	(7335,21,1,78,176,'10020',NULL,NULL),
	(7336,21,1,79,7,'10020',NULL,NULL),
	(7337,21,1,80,6,'10020',NULL,NULL),
	(7338,21,1,81,165,'10020',NULL,NULL),
	(7339,21,1,82,14,'10020',NULL,NULL),
	(7340,21,1,83,205,'10020',NULL,NULL),
	(7341,21,1,84,186,'10020',NULL,NULL),
	(7342,21,1,85,155,'10026',NULL,NULL),
	(7343,21,1,86,133,'10026',NULL,NULL),
	(7344,21,1,87,24,'10026',NULL,NULL),
	(7345,21,1,88,152,'10026',NULL,NULL),
	(7346,21,1,89,121,'10026',NULL,NULL),
	(7347,21,1,90,45,'10026',NULL,NULL),
	(7348,21,1,91,16,'10026',NULL,NULL),
	(7349,21,1,92,56,'10026',NULL,NULL),
	(7350,21,1,93,117,'10026',NULL,NULL),
	(7351,21,1,94,12,'10026',NULL,NULL),
	(7352,21,1,95,124,'10026',NULL,NULL),
	(7353,21,1,96,88,'10026',NULL,NULL),
	(7354,21,1,97,193,'10026',NULL,NULL),
	(7355,21,1,98,142,'10026',NULL,NULL),
	(7356,21,1,99,61,'10026',NULL,NULL),
	(7357,21,1,100,203,'10026',NULL,NULL),
	(7358,21,1,101,157,'10026',NULL,NULL),
	(7359,21,1,102,34,'10026',NULL,NULL),
	(7360,21,1,103,137,'10026',NULL,NULL),
	(7361,21,1,104,164,'10026',NULL,NULL),
	(7362,21,1,105,101,'10026',NULL,NULL),
	(7363,21,1,106,183,'10026',NULL,NULL),
	(7364,21,1,107,37,'10026',NULL,NULL),
	(7365,21,1,108,54,'10034',NULL,NULL),
	(7366,21,1,109,108,'10035',NULL,NULL),
	(7367,21,1,110,114,'10035',NULL,NULL),
	(7368,21,1,111,43,'10038',NULL,NULL),
	(7369,21,1,112,48,'10038',NULL,NULL),
	(7370,21,1,113,128,'10038',NULL,NULL),
	(7371,21,1,114,154,'10051',NULL,NULL),
	(7372,21,1,115,92,'10051',NULL,NULL),
	(7373,21,1,116,63,'10055',NULL,NULL),
	(7374,21,1,117,17,'10057',NULL,NULL),
	(7375,21,1,118,44,'10057',NULL,NULL),
	(7376,21,1,119,116,'10059',NULL,NULL),
	(7377,21,1,120,187,'10063',NULL,NULL),
	(7378,21,1,121,158,'10067',NULL,NULL),
	(7379,21,1,122,57,'10067',NULL,NULL),
	(7380,21,1,123,195,'10071',NULL,NULL),
	(7381,21,1,124,122,'10071',NULL,NULL),
	(7382,21,1,125,204,'10078',NULL,NULL),
	(7383,21,1,126,202,'10078',NULL,NULL),
	(7384,21,1,127,96,'10084',NULL,NULL),
	(7385,21,1,128,97,'10084',NULL,NULL),
	(7386,21,1,129,191,'10090',NULL,NULL),
	(7387,21,1,130,197,'10090',NULL,NULL),
	(7388,21,1,131,55,'10101',NULL,NULL),
	(7389,21,1,132,98,'10123',NULL,NULL),
	(7390,21,1,133,192,'10132',NULL,NULL),
	(7391,21,1,134,147,'10195',NULL,NULL),
	(7392,21,1,135,4,'10197',NULL,NULL),
	(7393,21,1,136,13,'10199',NULL,NULL),
	(7394,21,1,137,218,'10240',NULL,NULL),
	(7395,21,1,138,46,'10242',NULL,NULL),
	(7396,21,1,139,86,'10244',NULL,NULL),
	(7397,21,1,140,15,'10246',NULL,NULL),
	(7398,21,1,141,206,'10247',NULL,NULL),
	(7399,21,1,142,115,'10254',NULL,NULL),
	(7400,21,1,143,118,'10254',NULL,NULL),
	(7401,21,1,144,22,'10280',NULL,NULL),
	(7402,21,1,145,185,'10280',NULL,NULL),
	(7403,3,1,1,82,'2326',NULL,NULL),
	(7404,3,1,1,87,'2326',NULL,NULL),
	(7405,3,1,1,83,'2326',NULL,NULL),
	(7406,3,1,1,81,'2326',NULL,NULL),
	(7407,3,1,1,88,'2326',NULL,NULL),
	(7408,3,1,1,85,'2326',NULL,NULL),
	(7409,3,1,1,84,'2326',NULL,NULL),
	(7410,3,1,1,86,'2326',NULL,NULL),
	(7411,3,1,2,8,'2330',NULL,NULL),
	(7412,3,1,2,1,'2330',NULL,NULL),
	(7413,3,1,2,4,'2330',NULL,NULL),
	(7414,3,1,2,5,'2330',NULL,NULL),
	(7415,3,1,2,2,'2330',NULL,NULL),
	(7416,3,1,2,3,'2330',NULL,NULL),
	(7417,3,1,2,6,'2330',NULL,NULL),
	(7418,3,1,2,7,'2330',NULL,NULL),
	(7419,3,1,3,106,'2333',NULL,NULL),
	(7420,3,1,3,101,'2333',NULL,NULL),
	(7421,3,1,3,105,'2333',NULL,NULL),
	(7422,3,1,3,104,'2333',NULL,NULL),
	(7423,3,1,3,108,'2333',NULL,NULL),
	(7424,3,1,3,107,'2333',NULL,NULL),
	(7425,3,1,3,103,'2333',NULL,NULL),
	(7426,3,1,3,102,'2333',NULL,NULL),
	(7427,3,1,4,61,'2335',NULL,NULL),
	(7428,3,1,4,65,'2335',NULL,NULL),
	(7429,3,1,4,67,'2335',NULL,NULL),
	(7430,3,1,4,62,'2335',NULL,NULL),
	(7431,3,1,4,68,'2335',NULL,NULL),
	(7432,3,1,4,66,'2335',NULL,NULL),
	(7433,3,1,4,63,'2335',NULL,NULL),
	(7434,3,1,4,64,'2335',NULL,NULL),
	(7435,3,1,5,31,'2337',NULL,NULL),
	(7436,3,1,5,35,'2337',NULL,NULL),
	(7437,3,1,5,34,'2337',NULL,NULL),
	(7438,3,1,5,36,'2337',NULL,NULL),
	(7439,3,1,5,32,'2337',NULL,NULL),
	(7440,3,1,5,33,'2337',NULL,NULL),
	(7441,3,1,5,38,'2337',NULL,NULL),
	(7442,3,1,5,37,'2337',NULL,NULL),
	(7443,3,1,6,11,'2361',NULL,NULL),
	(7444,3,1,6,18,'2361',NULL,NULL),
	(7445,3,1,6,17,'2361',NULL,NULL),
	(7446,3,1,6,14,'2361',NULL,NULL),
	(7447,3,1,6,16,'2361',NULL,NULL),
	(7448,3,1,6,15,'2361',NULL,NULL),
	(7449,3,1,6,13,'2361',NULL,NULL),
	(7450,3,1,6,12,'2361',NULL,NULL),
	(7451,3,1,7,112,'2376',NULL,NULL),
	(7452,3,1,7,116,'2376',NULL,NULL),
	(7453,3,1,7,115,'2376',NULL,NULL),
	(7454,3,1,7,114,'2376',NULL,NULL),
	(7455,3,1,7,117,'2376',NULL,NULL),
	(7456,3,1,7,111,'2376',NULL,NULL),
	(7457,3,1,7,113,'2376',NULL,NULL),
	(7458,3,1,7,118,'2376',NULL,NULL),
	(7459,3,1,8,121,'2377',NULL,NULL),
	(7460,3,1,8,126,'2377',NULL,NULL),
	(7461,3,1,8,125,'2377',NULL,NULL),
	(7462,3,1,8,122,'2377',NULL,NULL),
	(7463,3,1,8,128,'2377',NULL,NULL),
	(7464,3,1,8,123,'2377',NULL,NULL),
	(7465,3,1,8,124,'2377',NULL,NULL),
	(7466,3,1,9,146,'2378',NULL,NULL),
	(7467,3,1,9,141,'2378',NULL,NULL),
	(7468,3,1,9,147,'2378',NULL,NULL),
	(7469,3,1,9,142,'2378',NULL,NULL),
	(7470,3,1,9,143,'2378',NULL,NULL),
	(7471,3,1,9,144,'2378',NULL,NULL),
	(7472,3,1,9,148,'2378',NULL,NULL),
	(7473,3,1,9,145,'2378',NULL,NULL),
	(7474,3,1,10,72,'2379',NULL,NULL),
	(7475,3,1,10,75,'2379',NULL,NULL),
	(7476,3,1,10,78,'2379',NULL,NULL),
	(7477,3,1,10,71,'2379',NULL,NULL),
	(7478,3,1,10,77,'2379',NULL,NULL),
	(7479,3,1,10,76,'2379',NULL,NULL),
	(7480,3,1,10,74,'2379',NULL,NULL),
	(7481,3,1,10,73,'2379',NULL,NULL),
	(7482,3,1,11,58,'2392',NULL,NULL),
	(7483,3,1,11,54,'2392',NULL,NULL),
	(7484,3,1,11,55,'2392',NULL,NULL),
	(7485,3,1,11,51,'2392',NULL,NULL),
	(7486,3,1,11,57,'2392',NULL,NULL),
	(7487,3,1,11,52,'2392',NULL,NULL),
	(7488,3,1,11,56,'2392',NULL,NULL),
	(7489,3,1,11,53,'2392',NULL,NULL),
	(7490,3,1,12,26,'2401',NULL,NULL),
	(7491,3,1,12,28,'2401',NULL,NULL),
	(7492,3,1,12,21,'2401',NULL,NULL),
	(7493,3,1,12,24,'2401',NULL,NULL),
	(7494,3,1,12,27,'2401',NULL,NULL),
	(7495,3,1,12,25,'2401',NULL,NULL),
	(7496,3,1,12,23,'2401',NULL,NULL),
	(7497,3,1,12,22,'2401',NULL,NULL),
	(7498,3,1,13,166,'2401',NULL,NULL),
	(7499,3,1,13,161,'2401',NULL,NULL),
	(7500,3,1,13,165,'2401',NULL,NULL),
	(7501,3,1,13,168,'2401',NULL,NULL),
	(7502,3,1,13,164,'2401',NULL,NULL),
	(7503,3,1,13,162,'2401',NULL,NULL),
	(7504,3,1,13,167,'2401',NULL,NULL),
	(7505,3,1,13,163,'2401',NULL,NULL),
	(7506,3,1,14,194,'2402',NULL,NULL),
	(7507,3,1,14,198,'2402',NULL,NULL),
	(7508,3,1,14,191,'2402',NULL,NULL),
	(7509,3,1,14,197,'2402',NULL,NULL),
	(7510,3,1,14,193,'2402',NULL,NULL),
	(7511,3,1,14,192,'2402',NULL,NULL),
	(7512,3,1,14,195,'2402',NULL,NULL),
	(7513,3,1,15,95,'2424',NULL,NULL),
	(7514,3,1,15,96,'2424',NULL,NULL),
	(7515,3,1,15,91,'2424',NULL,NULL),
	(7516,3,1,15,93,'2424',NULL,NULL),
	(7517,3,1,15,92,'2424',NULL,NULL),
	(7518,3,1,15,97,'2424',NULL,NULL),
	(7519,3,1,15,98,'2424',NULL,NULL),
	(7520,3,1,15,94,'2424',NULL,NULL),
	(7521,3,1,16,155,'2428',NULL,NULL),
	(7522,3,1,16,156,'2428',NULL,NULL),
	(7523,3,1,16,151,'2428',NULL,NULL),
	(7524,3,1,16,158,'2428',NULL,NULL),
	(7525,3,1,16,157,'2428',NULL,NULL),
	(7526,3,1,16,152,'2428',NULL,NULL),
	(7527,3,1,16,153,'2428',NULL,NULL),
	(7528,3,1,16,154,'2428',NULL,NULL),
	(7529,3,1,17,47,'2432',NULL,NULL),
	(7530,3,1,17,41,'2432',NULL,NULL),
	(7531,3,1,17,42,'2432',NULL,NULL),
	(7532,3,1,17,43,'2432',NULL,NULL),
	(7533,3,1,17,44,'2432',NULL,NULL),
	(7534,3,1,17,48,'2432',NULL,NULL),
	(7535,3,1,17,46,'2432',NULL,NULL),
	(7536,3,1,17,45,'2432',NULL,NULL),
	(7537,3,1,18,182,'2437',NULL,NULL),
	(7538,3,1,18,185,'2437',NULL,NULL),
	(7539,3,1,18,183,'2437',NULL,NULL),
	(7540,3,1,18,181,'2437',NULL,NULL),
	(7541,3,1,18,187,'2437',NULL,NULL),
	(7542,3,1,18,184,'2437',NULL,NULL),
	(7543,3,1,18,188,'2437',NULL,NULL),
	(7544,3,1,18,186,'2437',NULL,NULL),
	(7545,3,1,19,176,'2438',NULL,NULL),
	(7546,3,1,19,173,'2438',NULL,NULL),
	(7547,3,1,19,174,'2438',NULL,NULL),
	(7548,3,1,19,172,'2438',NULL,NULL),
	(7549,3,1,19,178,'2438',NULL,NULL),
	(7550,3,1,19,175,'2438',NULL,NULL),
	(7551,3,1,19,177,'2438',NULL,NULL),
	(7552,3,1,19,171,'2438',NULL,NULL),
	(7553,3,1,20,131,'2438',NULL,NULL),
	(7554,3,1,20,138,'2438',NULL,NULL),
	(7555,3,1,20,132,'2438',NULL,NULL),
	(7556,3,1,20,133,'2438',NULL,NULL),
	(7557,3,1,20,134,'2438',NULL,NULL),
	(7558,3,1,20,135,'2438',NULL,NULL),
	(7559,3,1,20,136,'2438',NULL,NULL),
	(7560,3,1,20,137,'2438',NULL,NULL),
	(7561,3,1,21,217,'2470',NULL,NULL),
	(7562,3,1,21,214,'2470',NULL,NULL),
	(7563,3,1,21,211,'2470',NULL,NULL),
	(7564,3,1,21,215,'2470',NULL,NULL),
	(7565,3,1,21,213,'2470',NULL,NULL),
	(7566,3,1,21,212,'2470',NULL,NULL),
	(7567,3,1,21,218,'2470',NULL,NULL),
	(7568,3,1,21,216,'2470',NULL,NULL),
	(7569,3,1,22,205,'2529',NULL,NULL),
	(7570,3,1,22,203,'2529',NULL,NULL),
	(7571,3,1,22,206,'2529',NULL,NULL),
	(7572,3,1,22,207,'2529',NULL,NULL),
	(7573,3,1,22,204,'2529',NULL,NULL),
	(7574,3,1,22,208,'2529',NULL,NULL),
	(7575,3,1,22,201,'2529',NULL,NULL),
	(7576,3,1,22,202,'2529',NULL,NULL);

/*!40000 ALTER TABLE `race_results` ENABLE KEYS */;
UNLOCK TABLES;


# Dump of table race_stages
# ------------------------------------------------------------

DROP TABLE IF EXISTS `race_stages`;

CREATE TABLE `race_stages` (
  `stage_id` int(11) NOT NULL,
  `stage_date` date DEFAULT NULL,
  `stage_start` varchar(255) CHARACTER SET latin1 DEFAULT NULL,
  `stage_finish` varchar(255) CHARACTER SET latin1 DEFAULT NULL,
  `stage_distance` int(11) DEFAULT NULL,
  `stage_type` varchar(255) CHARACTER SET latin1 DEFAULT NULL,
  `race_id` int(10) NOT NULL,
  PRIMARY KEY (`stage_id`),
  KEY `race_id` (`race_id`),
  CONSTRAINT `race_stages_ibfk_1` FOREIGN KEY (`race_id`) REFERENCES `race` (`id`)
) ENGINE=InnoDB DEFAULT CHARSET=utf8;

LOCK TABLES `race_stages` WRITE;
/*!40000 ALTER TABLE `race_stages` DISABLE KEYS */;

INSERT INTO `race_stages` (`stage_id`, `stage_date`, `stage_start`, `stage_finish`, `stage_distance`, `stage_type`, `race_id`)
VALUES
	(1,'2018-07-07','Noirmoutier-en-l\'le','Fontenay-le-Comte',201,'Flat stage',1),
	(2,'2018-07-08','Mouilleron-Saint-Germain','La Roche-sur-Yon',183,'Flat stage',1),
	(3,'2018-07-09','Cholet','Cholet',36,'Team time trial',1),
	(4,'2018-07-10','La Baule','Sarzeau',195,'Flat stage',1),
	(5,'2018-07-11','Lorient','Quimper',205,'Hilly stage',1),
	(6,'2018-07-12','Brest','Mr-de-Bretagne',181,'Hilly stage',1),
	(7,'2018-07-13','Fougres','Chartres',231,'Flat stage',1),
	(8,'2018-07-14','Dreux','Amiens',181,'Flat stage',1),
	(9,'2018-07-15','Arras','Roubaix',157,'Hilly stage',1),
	(10,'2018-07-17','Annecy','Le Grand-Bornand',159,'Mountain stage',1),
	(11,'2018-07-18','Albertville','La Rosire',109,'Mountain stage',1),
	(12,'2018-07-19','Bourg-Saint-Maurice','Alpe d\'Huez',176,'Mountain stage',1),
	(13,'2018-07-20','Le Bourg-d\'Oisans','Valence',170,'Flat stage',1),
	(14,'2018-07-21','Saint-Paul-Trois-Chteaux','Mende',188,'Hilly stage',1),
	(15,'2018-07-22','Millau','Carcassonne',182,'Hilly stage',1),
	(16,'2018-07-24','Carcassonne to Bagnres-de-Luchon','',218,'Mountain',1),
	(17,'2018-07-25','Bagnres-de-Luchon','Saint-Lary-Soulan (Col de Portet)',65,'Mountain stage',1),
	(18,'2018-07-26','Trie-sur-Base','Pau',171,'Flat',1),
	(19,'2018-07-27','Lourdes','Laruns',201,'Mountain stage',1),
	(20,'2018-07-28','Saint-Pe-sur-Nivelle','Espelette',31,'Individual time trial',1),
	(21,'2018-07-29','Houilles','Paris (Champs-lyses)',116,'Flat stage',1);

/*!40000 ALTER TABLE `race_stages` ENABLE KEYS */;
UNLOCK TABLES;


# Dump of table race_starters
# ------------------------------------------------------------

DROP TABLE IF EXISTS `race_starters`;

CREATE TABLE `race_starters` (
  `rider_id` int(11) NOT NULL,
  `rider_name` varchar(255) DEFAULT NULL,
  `rider_country` varchar(255) DEFAULT NULL,
  `rider_team` varchar(255) DEFAULT NULL,
  `rider_age` int(11) DEFAULT NULL,
  `race_id` int(11) DEFAULT '1',
  PRIMARY KEY (`rider_id`),
  KEY `race_id` (`race_id`),
  CONSTRAINT `race_starters_ibfk_1` FOREIGN KEY (`race_id`) REFERENCES `race` (`id`)
) ENGINE=InnoDB DEFAULT CHARSET=latin1;

LOCK TABLES `race_starters` WRITE;
/*!40000 ALTER TABLE `race_starters` DISABLE KEYS */;

INSERT INTO `race_starters` (`rider_id`, `rider_name`, `rider_country`, `rider_team`, `rider_age`, `race_id`)
VALUES
	(1,'Chris Froome','Great Britain','Team Sky',33,1),
	(2,'Egan Bernal','Colombia','Team Sky',21,1),
	(3,'Jonathan Castroviejo','Spain','Team Sky',31,1),
	(4,'Michal Kwiatkowski','Poland','Team Sky',28,1),
	(5,'Gianni Moscon','Italy','Team Sky',24,1),
	(6,'Wout Poels','Netherlands','Team Sky',30,1),
	(7,'Luke Rowe','Great Britain','Team Sky',28,1),
	(8,'Geraint Thomas','Great Britain','Team Sky',32,1),
	(11,'Rigoberto Urn','Colombia','EF Education First-Drapac p/b Cannondale',31,1),
	(12,'Simon Clarke','Australia','EF Education First-Drapac p/b Cannondale',31,1),
	(13,'Lawson Craddock','United States','EF Education First-Drapac p/b Cannondale',26,1),
	(14,'Daniel Felipe Martnez','Colombia','EF Education First-Drapac p/b Cannondale',22,1),
	(15,'Taylor Phinney','United States','EF Education First-Drapac p/b Cannondale',28,1),
	(16,'Pierre Rolland','France','EF Education First-Drapac p/b Cannondale',31,1),
	(17,'Tom Scully','New Zealand','EF Education First-Drapac p/b Cannondale',28,1),
	(18,'Sep Vanmarcke','Belgium','EF Education First-Drapac p/b Cannondale',29,1),
	(21,'Romain Bardet','France','AG2R La Mondiale',27,1),
	(22,'Silvan Dillier','Switzerland','AG2R La Mondiale',27,1),
	(23,'Axel Domont','France','AG2R La Mondiale',27,1),
	(24,'Mathias Frank','Switzerland','AG2R La Mondiale',31,1),
	(25,'Tony Gallopin','France','AG2R La Mondiale',30,1),
	(26,'Pierre Latour','France','AG2R La Mondiale',24,1),
	(27,'Oliver Naesen','Belgium','AG2R La Mondiale',27,1),
	(28,'Alexis Vuillermoz','France','AG2R La Mondiale',30,1),
	(31,'Michael Matthews','Australia','Team Sunweb',27,1),
	(32,'Tom Dumoulin','Netherlands','Team Sunweb',27,1),
	(33,'Nikias Arndt','Germany','Team Sunweb',26,1),
	(34,'Simon Geschke','Germany','Team Sunweb',32,1),
	(35,'Chad Haga','United States','Team Sunweb',29,1),
	(36,'Sren Kragh Andersen','Denmark','Team Sunweb',23,1),
	(37,'Laurens Ten Dam','Netherlands','Team Sunweb',37,1),
	(38,'Edward Theuns','Belgium','Team Sunweb',27,1),
	(41,'Warren Barguil','France','Fortuneo-Samsic',26,1),
	(42,'Maxime Bouet','France','Fortuneo-Samsic',31,1),
	(43,'lie Gesbert','France','Fortuneo-Samsic',23,1),
	(44,'Romain Hardy','France','Fortuneo-Samsic',29,1),
	(45,'Kevin Ledanois','France','Fortuneo-Samsic',24,1),
	(46,'Amal Moinard','France','Fortuneo-Samsic',36,1),
	(47,'Laurent Pichon','France','Fortuneo-Samsic',31,1),
	(48,'Florian Vachon','France','Fortuneo-Samsic',33,1),
	(51,'Vincenzo Nibali','Italy','Bahrain-Merida',33,1),
	(52,'Sonny Colbrelli','Italy','Bahrain-Merida',28,1),
	(53,'Heinrich Haussler','Australia','Bahrain-Merida',34,1),
	(54,'Gorka Izagirre','Spain','Bahrain-Merida',30,1),
	(55,'Ion Izagirre','Spain','Bahrain-Merida',29,1),
	(56,'Kristijan Koren','Slovenia','Bahrain-Merida',31,1),
	(57,'Franco Pellizotti','Italy','Bahrain-Merida',40,1),
	(58,'Domenico Pozzovivo','Italy','Bahrain-Merida',35,1),
	(61,'Adam Yates','Great Britain','Mitchelton-Scott',25,1),
	(62,'Jack Bauer','New Zealand','Mitchelton-Scott',33,1),
	(63,'Luke Durbridge','Australia','Mitchelton-Scott',27,1),
	(64,'Mathew Hayman','Australia','Mitchelton-Scott',40,1),
	(65,'Michael Hepburn','Australia','Mitchelton-Scott',26,1),
	(66,'Damien Howson','Australia','Mitchelton-Scott',25,1),
	(67,'Daryl Impey','South Africa','Mitchelton-Scott',31,1),
	(68,'Mikel Nieve','Spain','Mitchelton-Scott',34,1),
	(71,'Nairo Quintana','Colombia','Movistar Team',28,1),
	(72,'Andrey Amador','Costa Rica','Movistar Team',31,1),
	(73,'Daniele Bennati','Italy','Movistar Team',37,1),
	(74,'Imanol Erviti','Spain','Movistar Team',34,1),
	(75,'Mikel Landa','Spain','Movistar Team',28,1),
	(76,'Jos Joaqun Rojas','Spain','Movistar Team',33,1),
	(77,'Marc Soler','Spain','Movistar Team',24,1),
	(78,'Alejandro Valverde','Spain','Movistar Team',38,1),
	(81,'Richie Porte','Australia','BMC Racing Team',33,1),
	(82,'Patrick Bevin','New Zealand','BMC Racing Team',27,1),
	(83,'Damiano Caruso','Italy','BMC Racing Team',30,1),
	(84,'Simon Gerrans','Australia','BMC Racing Team',38,1),
	(85,'Stefan Kng','Switzerland','BMC Racing Team',24,1),
	(86,'Michael Schr','Switzerland','BMC Racing Team',31,1),
	(87,'Greg Van Avermaet','Belgium','BMC Racing Team',33,1),
	(88,'Tejay Van Garderen','United States','BMC Racing Team',29,1),
	(91,'Daniel Martin','Ireland','UAE Team Emirates',31,1),
	(92,'Darwin Atapuma','Colombia','UAE Team Emirates',30,1),
	(93,'Kristijan urasek','Croatia','UAE Team Emirates',30,1),
	(94,'Roberto Ferrari','Italy','UAE Team Emirates',35,1),
	(95,'Alexander Kristoff','Norway','UAE Team Emirates',31,1),
	(96,'Marco Marcato','Italy','UAE Team Emirates',34,1),
	(97,'Rory Sutherland','Australia','UAE Team Emirates',36,1),
	(98,'Oliviero Troia','Italy','UAE Team Emirates',23,1),
	(101,'Julian Alaphilippe','France','Quick-Step Floors',26,1),
	(102,'Tim Declercq','Belgium','Quick-Step Floors',29,1),
	(103,'Fernando Gaviria','Colombia','Quick-Step Floors',23,1),
	(104,'Philippe Gilbert','Belgium','Quick-Step Floors',36,1),
	(105,'Bob Jungels','Luxembourg','Quick-Step Floors',25,1),
	(106,'Yves Lampaert','Belgium','Quick-Step Floors',27,1),
	(107,'Maximiliano Richeze','Argentina','Quick-Step Floors',35,1),
	(108,'Niki Terpstra','Netherlands','Quick-Step Floors',34,1),
	(111,'Peter Sagan','Slovakia','Bora-Hansgrohe',28,1),
	(112,'Maciej Bodnar','Poland','Bora-Hansgrohe',33,1),
	(113,'Marcus Burghardt','Germany','Bora-Hansgrohe',35,1),
	(114,'Rafal Majka','Poland','Bora-Hansgrohe',28,1),
	(115,'Gregor Mhlberger','Austria','Bora-Hansgrohe',24,1),
	(116,'Daniel Oss','Italy','Bora-Hansgrohe',31,1),
	(117,'Pawel Poljanski','Poland','Bora-Hansgrohe',28,1),
	(118,'Lukas Pstlberger','Austria','Bora-Hansgrohe',26,1),
	(121,'Jakob Fuglsang','Denmark','Astana',33,1),
	(122,'Omar Fraile','Spain','Astana',27,1),
	(123,'Dmitriy Gruzdev','Kazakhstan','Astana',32,1),
	(124,'Jesper Hansen','Denmark','Astana',27,1),
	(125,'Tanel Kangert','Estonia','Astana',31,1),
	(126,'Magnus Cort Nielsen','Denmark','Astana',25,1),
	(127,'Luis Len Snchez','Spain','Astana',34,1),
	(128,'Michael Valgren','Denmark','Astana',26,1),
	(131,'Mark Cavendish','Great Britain','Team Dimension Data',33,1),
	(132,'Edvald Boasson Hagen','Norway','Team Dimension Data',31,1),
	(133,'Reinardt Janse Van Rensburg','South Africa','Team Dimension Data',29,1),
	(134,'Serge Pauwels','Belgium','Team Dimension Data',34,1),
	(135,'Mark Renshaw','Australia','Team Dimension Data',35,1),
	(136,'Tom-Jelte Slagter','Netherlands','Team Dimension Data',29,1),
	(137,'Jay Thomson','South Africa','Team Dimension Data',32,1),
	(138,'Julien Vermote','Belgium','Team Dimension Data',28,1),
	(141,'Ilnur Zakarin','Russia','Team Katusha-Alpecin',28,1),
	(142,'Ian Boswell','United States','Team Katusha-Alpecin',27,1),
	(143,'Robert Kiserlovski','Croatia','Team Katusha-Alpecin',31,1),
	(144,'Marcel Kittel','Germany','Team Katusha-Alpecin',30,1),
	(145,'Pavel Kochetkov','Russia','Team Katusha-Alpecin',32,1),
	(146,'Tony Martin','Germany','Team Katusha-Alpecin',33,1),
	(147,'Nils Politt','Germany','Team Katusha-Alpecin',24,1),
	(148,'Rick Zabel','Germany','Team Katusha-Alpecin',24,1),
	(151,'Arnaud Dmare','France','Groupama-FDJ',26,1),
	(152,'David Gaudu','France','Groupama-FDJ',21,1),
	(153,'Jacopo Guarnieri','Italy','Groupama-FDJ',30,1),
	(154,'Olivier Le Gac','France','Groupama-FDJ',24,1),
	(155,'Tobias Ludvigsson','Sweden','Groupama-FDJ',27,1),
	(156,'Rudy Molard','France','Groupama-FDJ',28,1),
	(157,'Ramon Sinkeldam','Netherlands','Groupama-FDJ',29,1),
	(158,'Arthur Vichot','France','Groupama-FDJ',29,1),
	(161,'Steven Kruijswijk','Netherlands','LottoNL-Jumbo',31,1),
	(162,'Robert Gesink','Netherlands','LottoNL-Jumbo',32,1),
	(163,'Dylan Groenewegen','Netherlands','LottoNL-Jumbo',25,1),
	(164,'Amund Grndahl Jansen ','Norway','LottoNL-Jumbo',24,1),
	(165,'Paul Martens','Germany','LottoNL-Jumbo',34,1),
	(166,'Primoz Roglic','Slovenia','LottoNL-Jumbo',28,1),
	(167,'Timo Roosen','Netherlands','LottoNL-Jumbo',25,1),
	(168,'Antwan Tolhoek','Netherlands','LottoNL-Jumbo',24,1),
	(171,'Andr Greipel','Germany','Lotto-Soudal',35,1),
	(172,'Tiesj Benoot','Belgium','Lotto-Soudal',24,1),
	(173,'Jasper De Buyst','Belgium','Lotto-Soudal',24,1),
	(174,'Thomas De Gendt','Belgium','Lotto-Soudal',31,1),
	(175,'Jens Keukeleire','Belgium','Lotto-Soudal',29,1),
	(176,'Tomasz Marczynski','Poland','Lotto-Soudal',34,1),
	(177,'Marcel Sieberg','Germany','Lotto-Soudal',36,1),
	(178,'Jelle Vanendert','Belgium','Lotto-Soudal',33,1),
	(181,'Lilian Calmejane','France','Direct nergie',25,1),
	(182,'Thomas Boudat','France','Direct nergie',24,1),
	(183,'Sylvain Chavanel','France','Direct nergie',39,1),
	(184,'Jrme Cousin','France','Direct nergie',29,1),
	(185,'Damien Gaudin','France','Direct nergie',31,1),
	(186,'Fabien Grellier','France','Direct nergie',23,1),
	(187,'Romain Sicard','France','Direct nergie',30,1),
	(188,'Rein Taarame','Estonia','Direct nergie',31,1),
	(191,'Bauke Mollema','Netherlands','Trek-Segafredo',31,1),
	(192,'Julien Bernard','France','Trek-Segafredo',26,1),
	(193,'Koen De Kort','Netherlands','Trek-Segafredo',35,1),
	(194,'John Degenkolb','Germany','Trek-Segafredo',29,1),
	(195,'Michael Gogl','Austria','Trek-Segafredo',24,1),
	(196,'Tsgabu Grmay','Ethiopia','Trek-Segafredo',26,1),
	(197,'Toms Skujins','Latvia','Trek-Segafredo',27,1),
	(198,'Jasper Stuyven','Belgium','Trek-Segafredo',26,1),
	(201,'Christophe Laporte','France','Cofidis',25,1),
	(202,'Dimitri Claeys','Belgium','Cofidis',31,1),
	(203,'Nicolas Edet','France','Cofidis',30,1),
	(204,'Jess Herrada','Spain','Cofidis',27,1),
	(205,'Daniel Navarro','Spain','Cofidis',34,1),
	(206,'Anthony Perez','France','Cofidis',27,1),
	(207,'Julien Simon','France','Cofidis',32,1),
	(208,'Anthony Turgis','France','Cofidis',24,1),
	(211,'Guillaume Martin','France','Wanty-Groupe Gobert',25,1),
	(212,'Thomas Degand','Belgium','Wanty-Groupe Gobert',32,1),
	(213,'Timothy Dupont','Belgium','Wanty-Groupe Gobert',30,1),
	(214,'Marco Minnaard','Netherlands','Wanty-Groupe Gobert',29,1),
	(215,'Yoann Offredo','France','Wanty-Groupe Gobert',31,1),
	(216,'Andrea Pasqualon','Italy','Wanty-Groupe Gobert',30,1),
	(217,'Dion Smith','New Zealand','Wanty-Groupe Gobert',25,1),
	(218,'Guillaume Van Keirsbulck','Belgium','Wanty-Groupe Gobert',27,1);

/*!40000 ALTER TABLE `race_starters` ENABLE KEYS */;
UNLOCK TABLES;


# Dump of table race_teams
# ------------------------------------------------------------

DROP TABLE IF EXISTS `race_teams`;

CREATE TABLE `race_teams` (
  `team_id` int(11) NOT NULL AUTO_INCREMENT,
  `team_name` varchar(255) NOT NULL,
  `team_country` varchar(255) DEFAULT NULL,
  PRIMARY KEY (`team_id`),
  CONSTRAINT `race_teams_ibfk_1` FOREIGN KEY (`team_id`) REFERENCES `race` (`id`)
) ENGINE=InnoDB DEFAULT CHARSET=latin1;




/*!40111 SET SQL_NOTES=@OLD_SQL_NOTES */;
/*!40101 SET SQL_MODE=@OLD_SQL_MODE */;
/*!40014 SET FOREIGN_KEY_CHECKS=@OLD_FOREIGN_KEY_CHECKS */;
/*!40101 SET CHARACTER_SET_CLIENT=@OLD_CHARACTER_SET_CLIENT */;
/*!40101 SET CHARACTER_SET_RESULTS=@OLD_CHARACTER_SET_RESULTS */;
/*!40101 SET COLLATION_CONNECTION=@OLD_COLLATION_CONNECTION */;
